/* Dibuat otomatis oleh gensplash.py dari IMG-20260821-WA0004.jpg.
   Jangan diedit manual -- jalankan ulang skripnya.
   Latar SUDAH dipanggang ke dalam gambar: warnanya harus sama
   persis dengan SPL_BG di touch.ino, kalau tidak kotak gambarnya
   akan terlihat sebagai persegi yang lebih terang. */
#pragma once
#include <lvgl.h>

/* spl_mark: 90x104, 18720 bytes */
static const uint8_t spl_mark_map[] = {
  0x62,0x08,0x62,0x08,0x62,0x08,0x62,0x08,0x62,0x08,0x62,0x08,0x62,0x08,0x62,0x08,0x62,0x08,0x62,0x08,0x62,0x08,0x62,0x08,
  0x62,0x08,0x62,0x08,0x62,0x08,0x62,0x08,0x62,0x08,0x62,0x08,0x62,0x08,0x83,0x10,0x62,0x08,0x62,0x10,0xA7,0x31,0x6D,0x53,
  0x08,0x32,0x83,0x10,0xCF,0x63,0xB5,0x85,0xF6,0x85,0x17,0x96,0x37,0x96,0x57,0x96,0x77,0x96,0x78,0x9E,0x78,0x9E,0x78,0x96,
  0x78,0x96,0x78,0x96,0x78,0x96,0x77,0x96,0x77,0x96,0x77,0x96,0x57,0x96,0x57,0x96,0x57,0x96,0x57,0x96,0x58,0x96,0x78,0x96,
  0x77,0x96,0x77,0x96,0x78,0x96,0x78,0x96,0x78,0x9E,0x78,0x9E,0x78,0x9E,0x78,0x9E,0x78,0x9E,0x57,0x96,0x37,0x96,0x16,0x96,
  0xF6,0x8D,0xD5,0x85,0x94,0x85,0x6D,0x5B,0xC4,0x18,0xCB,0x4A,0x8D,0x5B,0xC7,0x31,0x83,0x10,0x42,0x08,0x82,0x08,0x62,0x08,
  0x62,0x08,0x42,0x08,0x62,0x08,0x62,0x08,0x62,0x08,0x62,0x08,0x62,0x08,0x62,0x08,0x62,0x08,0x62,0x08,0x62,0x08,0x82,0x08,
  0x82,0x08,0x62,0x08,0x62,0x08,0x42,0x08,0x62,0x08,0x42,0x08,0x42,0x08,0x62,0x08,0x62,0x08,0x62,0x08,0x62,0x08,0x62,0x08,
  0x62,0x08,0x42,0x08,0x42,0x08,0x62,0x08,0x62,0x08,0x62,0x08,0x62,0x08,0x62,0x08,0x62,0x08,0x62,0x08,0x42,0x08,0x62,0x08,
  0x42,0x08,0xA3,0x18,0x69,0x42,0x91,0x64,0xB4,0x75,0x16,0x5E,0x2C,0x3B,0xCE,0x63,0xB8,0x96,0x36,0x7E,0x36,0x7E,0x36,0x86,
  0x36,0x86,0x36,0x7E,0x36,0x7E,0x36,0x7E,0x36,0x7E,0x36,0x7E,0x36,0x7E,0x36,0x7E,0x36,0x7E,0x36,0x7E,0x36,0x7E,0x36,0x7E,
  0x36,0x7E,0x36,0x7E,0x36,0x7E,0x36,0x7E,0x36,0x7E,0x36,0x7E,0x36,0x86,0x36,0x86,0x36,0x86,0x36,0x7E,0x36,0x7E,0x36,0x7E,
  0x36,0x86,0x36,0x86,0x36,0x86,0x36,0x86,0x36,0x86,0x36,0x86,0x36,0x86,0x37,0x86,0x57,0x86,0x98,0x8E,0xAE,0x63,0x0F,0x4C,
  0x15,0x66,0xB4,0x75,0x90,0x64,0x69,0x42,0x82,0x10,0x41,0x00,0x62,0x08,0x62,0x08,0x62,0x08,0x62,0x08,0x62,0x08,0x62,0x08,
  0x62,0x08,0x62,0x08,0x62,0x08,0x62,0x08,0x62,0x08,0x62,0x08,0x62,0x08,0x62,0x08,0x62,0x08,0x62,0x08,0x62,0x08,0x62,0x08,
  0x62,0x08,0x62,0x08,0x42,0x08,0x42,0x08,0x42,0x08,0x42,0x08,0x42,0x08,0x42,0x08,0x62,0x08,0x42,0x08,0x42,0x08,0x62,0x08,
  0x62,0x08,0x62,0x08,0x62,0x08,0x62,0x08,0x62,0x08,0x62,0x08,0x25,0x29,0x91,0x6C,0x16,0x76,0x77,0x86,0xB9,0xA6,0x74,0x4D,
  0xF3,0x6C,0x36,0x86,0x15,0x76,0x15,0x7E,0x15,0x7E,0x15,0x7E,0x16,0x7E,0x16,0x7E,0x16,0x7E,0x16,0x7E,0x16,0x7E,0x16,0x7E,
  0x16,0x7E,0x16,0x7E,0x16,0x7E,0x16,0x7E,0x16,0x7E,0x16,0x7E,0x16,0x7E,0x16,0x7E,0x16,0x7E,0x16,0x7E,0x16,0x7E,0x16,0x7E,
  0x16,0x7E,0x16,0x7E,0x16,0x7E,0x16,0x7E,0x16,0x7E,0x16,0x7E,0x16,0x7E,0x16,0x7E,0x16,0x7E,0x16,0x7E,0x16,0x7E,0x16,0x7E,
  0x15,0x7E,0x15,0x7E,0xF5,0x7D,0xF5,0x75,0x16,0x8E,0xF3,0x64,0x94,0x5D,0xB9,0xA6,0x77,0x86,0x36,0x7E,0x2F,0x64,0xE4,0x20,
  0x62,0x08,0x62,0x08,0x42,0x08,0x42,0x08,0x42,0x08,0x42,0x08,0x62,0x08,0x62,0x08,0x62,0x08,0x62,0x08,0x62,0x08,0x62,0x08,
  0x62,0x08,0x62,0x08,0x62,0x08,0x42,0x08,0x62,0x08,0x42,0x08,0x62,0x08,0x62,0x08,0x62,0x08,0x42,0x08,0x42,0x08,0x42,0x08,
  0x42,0x08,0x62,0x08,0x62,0x08,0x42,0x08,0x42,0x08,0x62,0x08,0x42,0x08,0x62,0x08,0x62,0x08,0x62,0x08,0x42,0x08,0x45,0x29,
  0x12,0x6D,0x56,0x76,0x78,0x96,0xB9,0xA6,0xB9,0xA6,0x54,0x4D,0x16,0x76,0xF5,0x75,0xF5,0x6D,0xF5,0x6D,0xF5,0x6D,0xF5,0x6D,
  0xF5,0x6D,0xF5,0x6D,0xF5,0x6D,0xF5,0x6D,0xF5,0x6D,0xD5,0x6D,0xD5,0x6D,0xF5,0x6D,0xF5,0x6D,0xD5,0x6D,0xF5,0x6D,0xF5,0x6D,
  0xF5,0x6D,0xF5,0x6D,0xF5,0x6D,0xF5,0x6D,0xF5,0x6D,0xF5,0x6D,0xF5,0x6D,0xF5,0x6D,0xF5,0x6D,0xF5,0x6D,0xF5,0x6D,0xF5,0x6D,
  0xF5,0x6D,0xF5,0x6D,0xF5,0x6D,0xF5,0x6D,0xF5,0x75,0xF5,0x75,0xF5,0x6D,0xF5,0x6D,0xF5,0x6D,0xD5,0x6D,0xF5,0x75,0x74,0x65,
  0x94,0x55,0xD9,0xAE,0xB8,0xA6,0x77,0x96,0x56,0x76,0xF2,0x6C,0x05,0x21,0x41,0x08,0x62,0x08,0x42,0x08,0x42,0x08,0x42,0x08,
  0x42,0x08,0x62,0x08,0x62,0x08,0x42,0x08,0x62,0x08,0x42,0x08,0x62,0x08,0x62,0x08,0x62,0x08,0x42,0x08,0x82,0x10,0x42,0x08,
  0x42,0x08,0x42,0x08,0x62,0x08,0x62,0x08,0x62,0x08,0x62,0x08,0x62,0x08,0x62,0x08,0x62,0x08,0x62,0x08,0x62,0x08,0x62,0x08,
  0x42,0x08,0x42,0x08,0x42,0x08,0x42,0x08,0x21,0x08,0xEE,0x5B,0x36,0x6E,0x57,0x96,0x98,0x9E,0x98,0x9E,0x78,0x96,0x33,0x45,
  0xB4,0x5D,0xD4,0x65,0xB4,0x65,0xD4,0x65,0xD4,0x65,0xB4,0x65,0xB4,0x65,0xB4,0x65,0xD4,0x65,0xB4,0x65,0xB4,0x65,0xB4,0x65,
  0xB4,0x65,0xB4,0x65,0xB4,0x65,0xB4,0x65,0xB4,0x65,0xB4,0x65,0xB4,0x65,0xB4,0x65,0xD4,0x65,0xB5,0x65,0xB5,0x65,0xB5,0x65,
  0xB4,0x65,0xD4,0x65,0xB4,0x65,0xD4,0x65,0xD4,0x65,0xD4,0x65,0xB5,0x65,0xB5,0x65,0xB5,0x65,0xD5,0x65,0xB4,0x65,0xB4,0x65,
  0xD4,0x65,0xD4,0x65,0xD4,0x65,0xD4,0x65,0xD5,0x65,0x94,0x55,0x73,0x4D,0xB8,0x9E,0x98,0x9E,0x98,0x9E,0x57,0x8E,0x36,0x6E,
  0x4C,0x53,0x21,0x00,0x62,0x08,0x82,0x08,0x62,0x08,0x62,0x08,0x62,0x08,0x62,0x08,0x62,0x08,0x62,0x08,0x62,0x08,0x42,0x08,
  0x62,0x08,0x42,0x08,0x62,0x08,0x62,0x08,0x82,0x08,0x42,0x08,0x62,0x08,0x42,0x08,0x62,0x08,0x62,0x08,0x62,0x08,0x42,0x08,
  0x62,0x08,0x62,0x08,0x62,0x08,0x62,0x08,0x62,0x08,0x62,0x08,0x62,0x08,0x42,0x08,0x62,0x08,0x62,0x08,0xC3,0x18,0x53,0x6D,
  0x36,0x86,0x77,0x96,0x77,0x8E,0x77,0x96,0x37,0x86,0x12,0x35,0x94,0x5D,0xB4,0x65,0xB4,0x5D,0xB4,0x5D,0x94,0x5D,0x94,0x5D,
  0xB4,0x5D,0xB4,0x5D,0xB4,0x5D,0xB4,0x5D,0xB4,0x5D,0xB4,0x5D,0xB4,0x5D,0xB4,0x5D,0xB4,0x5D,0xB4,0x5D,0xB4,0x5D,0x94,0x5D,
  0xB4,0x5D,0xB4,0x5D,0xB4,0x5D,0xB4,0x5D,0xB4,0x5D,0x94,0x5D,0xB4,0x5D,0xB4,0x5D,0x94,0x5D,0x94,0x5D,0x94,0x5D,0x94,0x5D,
  0x94,0x5D,0x94,0x5D,0xB4,0x5D,0xB4,0x5D,0xB4,0x5D,0xB4,0x5D,0xB4,0x5D,0xB4,0x5D,0xB4,0x5D,0xB4,0x5D,0xB4,0x5D,0x94,0x4D,
  0x53,0x3D,0x78,0x96,0x77,0x96,0x77,0x8E,0x78,0x96,0x36,0x7E,0x12,0x65,0xA3,0x18,0x83,0x10,0x82,0x08,0x62,0x08,0x62,0x08,
  0x62,0x08,0x62,0x08,0x62,0x08,0x62,0x08,0x62,0x08,0x42,0x08,0x62,0x08,0x42,0x08,0x42,0x08,0x62,0x08,0x62,0x08,0x42,0x08,
  0x62,0x08,0x62,0x08,0x62,0x08,0x62,0x08,0x62,0x08,0x62,0x08,0x62,0x08,0x42,0x08,0x62,0x08,0x42,0x08,0x62,0x08,0x62,0x08,
  0x62,0x08,0x42,0x08,0x82,0x08,0x42,0x08,0x28,0x3A,0x16,0x7E,0x36,0x86,0x57,0x8E,0x57,0x86,0x57,0x8E,0xD5,0x75,0xF2,0x34,
  0x94,0x55,0x94,0x55,0x94,0x55,0x94,0x55,0x94,0x55,0x94,0x55,0x94,0x55,0x94,0x55,0x94,0x55,0x94,0x55,0x94,0x5D,0x94,0x5D,
  0x94,0x55,0x94,0x5D,0x94,0x5D,0x94,0x5D,0x94,0x5D,0x94,0x55,0x94,0x55,0x94,0x55,0x94,0x55,0x74,0x55,0x74,0x55,0x94,0x55,
  0x94,0x55,0x94,0x55,0x94,0x5D,0x94,0x5D,0x94,0x5D,0x94,0x5D,0x94,0x5D,0x94,0x55,0x94,0x5D,0x94,0x55,0x94,0x55,0x94,0x5D,
  0x94,0x5D,0x94,0x5D,0x94,0x5D,0x94,0x5D,0x94,0x55,0x94,0x55,0x12,0x35,0x16,0x86,0x57,0x8E,0x57,0x8E,0x57,0x8E,0x36,0x86,
  0xD5,0x7D,0xC7,0x31,0x62,0x08,0x83,0x10,0x62,0x08,0x62,0x08,0x62,0x08,0x42,0x08,0x62,0x08,0x42,0x08,0x42,0x08,0x42,0x08,
  0x62,0x08,0x42,0x08,0x62,0x08,0x62,0x08,0x62,0x08,0x62,0x08,0x62,0x08,0x62,0x08,0x62,0x08,0x42,0x08,0x42,0x08,0x62,0x08,
  0x62,0x08,0x62,0x08,0x62,0x08,0x62,0x08,0x42,0x08,0x42,0x08,0x42,0x08,0x42,0x08,0x62,0x08,0x01,0x00,0x8D,0x53,0x56,0x76,
  0x36,0x86,0x36,0x86,0x36,0x86,0x36,0x86,0x94,0x5D,0xF2,0x34,0x74,0x55,0x73,0x4D,0x73,0x4D,0x74,0x4D,0x74,0x4D,0x74,0x4D,
  0x74,0x4D,0x74,0x4D,0x73,0x4D,0x73,0x4D,0x74,0x4D,0x73,0x4D,0x73,0x45,0x53,0x45,0x53,0x3D,0x33,0x35,0x33,0x3D,0x32,0x35,
  0x32,0x35,0x33,0x3D,0x33,0x3D,0x33,0x3D,0x33,0x3D,0x12,0x35,0x33,0x35,0x33,0x35,0x53,0x3D,0x53,0x3D,0x53,0x45,0x53,0x4D,
  0x73,0x4D,0x73,0x4D,0x73,0x4D,0x73,0x4D,0x74,0x4D,0x74,0x55,0x74,0x55,0x74,0x55,0x74,0x55,0x74,0x55,0x74,0x4D,0x74,0x55,
  0xF2,0x34,0xD5,0x6D,0x36,0x86,0x36,0x86,0x36,0x86,0x16,0x86,0x36,0x76,0x2C,0x53,0x42,0x08,0x83,0x10,0x62,0x08,0x62,0x08,
  0x62,0x08,0x62,0x08,0x62,0x08,0x62,0x08,0x62,0x08,0x62,0x08,0x62,0x08,0x42,0x08,0x42,0x08,0x42,0x08,0x62,0x08,0x62,0x08,
  0x62,0x08,0x62,0x08,0x62,0x08,0x62,0x08,0x62,0x08,0x62,0x08,0x62,0x08,0x62,0x08,0x62,0x08,0x62,0x08,0x62,0x08,0x62,0x08,
  0x42,0x08,0x62,0x08,0x83,0x10,0x62,0x10,0xD1,0x64,0x36,0x76,0x16,0x7E,0x16,0x7E,0x16,0x7E,0x36,0x7E,0x73,0x4D,0x12,0x35,
  0x53,0x45,0x33,0x45,0x33,0x45,0x53,0x45,0x53,0x45,0x53,0x45,0x53,0x45,0x53,0x45,0x33,0x3D,0x12,0x2D,0x12,0x35,0x13,0x35,
  0x13,0x45,0x13,0x55,0xD3,0x5C,0xD2,0x64,0xB2,0x6C,0x14,0x7D,0xB2,0x74,0x92,0x7C,0xB2,0x7C,0xB2,0x7C,0xB2,0x7C,0x91,0x74,
  0x14,0x7D,0xB2,0x6C,0xD2,0x64,0xF3,0x5C,0x13,0x55,0x12,0x3D,0x12,0x35,0x12,0x2D,0x12,0x35,0x33,0x3D,0x53,0x45,0x53,0x4D,
  0x53,0x45,0x53,0x45,0x53,0x45,0x53,0x45,0x53,0x45,0x53,0x4D,0x12,0x35,0x94,0x55,0x36,0x86,0x16,0x7E,0x16,0x7E,0xF5,0x7D,
  0x15,0x6E,0x91,0x6C,0x62,0x10,0xA3,0x10,0x62,0x08,0x62,0x08,0x62,0x08,0x62,0x08,0x62,0x08,0x62,0x08,0x62,0x08,0x62,0x08,
  0x62,0x08,0x62,0x08,0x42,0x08,0x62,0x08,0x62,0x08,0x62,0x08,0x62,0x08,0x62,0x08,0x62,0x08,0x62,0x08,0x62,0x08,0x62,0x08,
  0x62,0x08,0x62,0x08,0x62,0x08,0x62,0x08,0x62,0x08,0x62,0x08,0x62,0x08,0x62,0x08,0x62,0x08,0xA7,0x31,0xD5,0x75,0xF5,0x6D,
  0xF5,0x75,0xF5,0x75,0xF5,0x75,0xF5,0x75,0x33,0x3D,0x12,0x35,0x32,0x3D,0x12,0x3D,0x12,0x35,0x32,0x35,0x33,0x35,0x12,0x35,
  0xF1,0x2C,0x12,0x35,0x54,0x4D,0xD6,0x6D,0xF7,0x8D,0x37,0xA6,0x38,0xB6,0x17,0xAE,0x17,0xAE,0x58,0xB6,0x58,0xB6,0xB9,0xB6,
  0xB9,0xB6,0xB9,0xB6,0xB9,0xB6,0xB9,0xB6,0xB9,0xB6,0xB9,0xB6,0xB9,0xB6,0x78,0xB6,0x58,0xB6,0x17,0xAE,0x38,0xB6,0x17,0xAE,
  0xD6,0x95,0xD6,0x85,0x95,0x65,0x33,0x3D,0xF2,0x2C,0xF2,0x2C,0x12,0x35,0x33,0x3D,0x33,0x3D,0x33,0x3D,0x33,0x3D,0x33,0x3D,
  0x13,0x35,0x33,0x45,0xF5,0x75,0xF5,0x75,0xF5,0x75,0xF5,0x75,0xF5,0x6D,0x94,0x75,0x05,0x21,0x62,0x08,0x62,0x08,0x62,0x08,
  0x62,0x08,0x42,0x08,0x42,0x08,0x62,0x08,0x62,0x08,0x42,0x08,0x42,0x08,0x62,0x08,0x62,0x08,0x62,0x08,0x42,0x08,0x62,0x08,
  0x62,0x08,0x62,0x08,0x42,0x08,0x62,0x08,0x62,0x08,0x62,0x08,0x62,0x08,0x42,0x08,0x62,0x08,0x42,0x08,0x42,0x08,0x42,0x08,
  0x62,0x08,0x62,0x08,0x42,0x08,0x6D,0x53,0x36,0x76,0xD4,0x65,0xD5,0x6D,0xD5,0x6D,0xF5,0x6D,0xB5,0x65,0x12,0x35,0x12,0x2D,
  0x12,0x2D,0x12,0x35,0x12,0x35,0xD2,0x24,0xD1,0x24,0x33,0x45,0x17,0x7E,0xDA,0xB6,0xFA,0xC6,0xFA,0xC6,0xDA,0xB6,0xD9,0xAE,
  0xF9,0xAE,0xFA,0xAE,0x1A,0xAF,0x1A,0xB7,0x1B,0xB7,0x1B,0xB7,0x1B,0xBF,0x3B,0xBF,0x1B,0xBF,0x3B,0xBF,0x1B,0xBF,0x1B,0xB7,
  0x1A,0xB7,0x1A,0xB7,0x1A,0xAF,0xFA,0xAE,0xFA,0xAE,0xD9,0xAE,0xB9,0xAE,0xD9,0xBE,0xD9,0xBE,0xFA,0xBE,0xB9,0xA6,0xF6,0x6D,
  0x33,0x3D,0xF1,0x24,0xF2,0x2C,0x12,0x35,0x13,0x35,0x12,0x35,0xF2,0x34,0xF2,0x34,0xB5,0x65,0xD5,0x6D,0xD5,0x6D,0xD5,0x6D,
  0xD5,0x6D,0x36,0x7E,0xAA,0x42,0x42,0x08,0x62,0x08,0x62,0x08,0x62,0x08,0x42,0x08,0x42,0x08,0x42,0x08,0x62,0x08,0x42,0x08,
  0x42,0x08,0x62,0x08,0x62,0x08,0x62,0x08,0x62,0x08,0x42,0x08,0x62,0x08,0x62,0x08,0x62,0x08,0x62,0x08,0x62,0x08,0x62,0x08,
  0x42,0x08,0x42,0x08,0x42,0x08,0x42,0x08,0x42,0x08,0x42,0x08,0x42,0x08,0x62,0x08,0xA3,0x18,0xD2,0x64,0xF5,0x65,0xB4,0x65,
  0xD5,0x65,0xD5,0x65,0xF5,0x6D,0x74,0x55,0x12,0x2D,0x12,0x35,0x12,0x35,0xF2,0x2C,0xF2,0x34,0x95,0x5D,0x78,0x9E,0x1A,0xBF,
  0x1A,0xBF,0xD9,0xAE,0xB9,0x9E,0xB9,0x9E,0xB9,0xA6,0xD9,0xA6,0xD9,0xAE,0xDA,0xAE,0xFA,0xB6,0x1A,0xB7,0x1B,0xBF,0x3B,0xC7,
  0x3B,0xC7,0x5B,0xC7,0x5C,0xCF,0x5B,0xCF,0x5B,0xC7,0x3B,0xC7,0x3B,0xC7,0x1B,0xBF,0x1A,0xBF,0xFA,0xB6,0xDA,0xAE,0xD9,0xAE,
  0xB9,0xA6,0xB9,0x9E,0xB8,0x9E,0xB8,0x9E,0xD9,0xAE,0x1B,0xC7,0x1A,0xBF,0x58,0x96,0x74,0x55,0xF1,0x2C,0xD2,0x2C,0x12,0x35,
  0x12,0x35,0xF2,0x2C,0x74,0x55,0xD4,0x6D,0xD4,0x6D,0xD5,0x6D,0xD4,0x6D,0x36,0x76,0x50,0x64,0x62,0x10,0x62,0x08,0x42,0x08,
  0x62,0x08,0x42,0x08,0x42,0x08,0x42,0x08,0x62,0x08,0x42,0x08,0x42,0x08,0x62,0x08,0x42,0x08,0x62,0x08,0x62,0x08,0x42,0x08,
  0x62,0x08,0x62,0x08,0x62,0x08,0x42,0x08,0x42,0x08,0x62,0x08,0x62,0x08,0x42,0x08,0x42,0x08,0x42,0x08,0x42,0x08,0x42,0x08,
  0x62,0x08,0x21,0x00,0xC7,0x31,0xF5,0x75,0xB4,0x5D,0xB4,0x65,0xB4,0x65,0xB4,0x65,0xB4,0x65,0x33,0x3D,0x13,0x2D,0xF2,0x2C,
  0x12,0x2D,0xD5,0x65,0xB9,0xAE,0x1A,0xBF,0xB9,0xA6,0x78,0x96,0x77,0x96,0x98,0x96,0x98,0x9E,0xB9,0xA6,0xD9,0xAE,0xFA,0xAE,
  0xFA,0xB6,0xD9,0xAE,0x99,0x9E,0x58,0x8E,0x17,0x7E,0xF6,0x6D,0xD5,0x65,0xB5,0x65,0xD5,0x65,0xD5,0x65,0xB5,0x65,0xD5,0x6D,
  0xF6,0x75,0x37,0x86,0x58,0x96,0x98,0x9E,0xD9,0xA6,0xD9,0xAE,0xD9,0xAE,0xD9,0xA6,0xB9,0x9E,0x98,0x9E,0x98,0x96,0x78,0x96,
  0x98,0x9E,0xD9,0xAE,0xFA,0xB6,0x78,0x96,0x74,0x55,0xD1,0x2C,0xF2,0x2C,0xF2,0x2C,0x32,0x3D,0xD4,0x65,0xB4,0x65,0xB4,0x65,
  0xB4,0x65,0xD5,0x6D,0xB4,0x75,0x04,0x21,0x21,0x00,0x42,0x08,0x42,0x08,0x42,0x08,0x42,0x08,0x42,0x08,0x62,0x08,0x62,0x08,
  0x62,0x08,0x42,0x08,0x62,0x08,0x62,0x08,0x62,0x08,0x62,0x08,0x62,0x08,0x42,0x08,0x62,0x08,0x62,0x08,0x62,0x08,0x62,0x08,
  0x62,0x08,0x62,0x08,0x42,0x08,0x42,0x08,0x42,0x08,0x62,0x08,0x62,0x08,0x01,0x00,0xAE,0x53,0x16,0x6E,0x74,0x5D,0x94,0x5D,
  0x94,0x5D,0x94,0x65,0x74,0x55,0xF2,0x2C,0xF2,0x2C,0xB4,0x5D,0xB9,0xA6,0xFA,0xBE,0x98,0xA6,0x57,0x8E,0x77,0x8E,0x77,0x96,
  0x98,0x9E,0xB8,0x9E,0xB9,0xA6,0x98,0x9E,0x37,0x86,0xB5,0x65,0x74,0x4D,0x33,0x3D,0x33,0x2D,0x32,0x2D,0x33,0x2D,0x53,0x2D,
  0x53,0x2D,0x33,0x35,0x33,0x35,0x32,0x35,0x53,0x35,0x53,0x35,0x53,0x2D,0x53,0x2D,0x32,0x2D,0x12,0x2D,0x32,0x35,0x53,0x4D,
  0xB5,0x65,0x37,0x86,0x98,0x9E,0xB9,0xA6,0xB9,0xA6,0x98,0x9E,0x78,0x96,0x57,0x8E,0x57,0x8E,0x98,0x9E,0xD9,0xAE,0x58,0x8E,
  0x53,0x4D,0xF1,0x24,0x12,0x35,0x94,0x5D,0xB4,0x65,0xB4,0x5D,0xB4,0x5D,0x94,0x5D,0x36,0x76,0xEB,0x4A,0x21,0x08,0x83,0x10,
  0x82,0x10,0x62,0x08,0x62,0x08,0x62,0x08,0x62,0x08,0x62,0x08,0x62,0x08,0x62,0x08,0x62,0x08,0x62,0x08,0x62,0x08,0x62,0x08,
  0x62,0x08,0x42,0x08,0x42,0x08,0x42,0x08,0x42,0x08,0x62,0x08,0x42,0x08,0x42,0x08,0x42,0x08,0x42,0x08,0x42,0x08,0x62,0x08,
  0x62,0x08,0xA3,0x10,0x53,0x75,0xB5,0x5D,0x73,0x55,0x74,0x55,0x94,0x5D,0x74,0x5D,0xF1,0x2C,0x32,0x45,0x57,0x8E,0xD9,0xB6,
  0x98,0x9E,0x57,0x8E,0x57,0x8E,0x77,0x96,0x98,0x9E,0x98,0x9E,0x77,0x8E,0xF6,0x6D,0x74,0x4D,0x33,0x35,0x32,0x2D,0x53,0x35,
  0x53,0x3D,0x33,0x4D,0xD2,0x4C,0x30,0x4C,0xAE,0x4B,0x0C,0x43,0x0C,0x43,0x69,0x32,0xE8,0x29,0xE8,0x29,0x8A,0x3A,0xEB,0x42,
  0x0B,0x3B,0xCF,0x4B,0x70,0x4C,0xD2,0x4C,0x33,0x45,0x53,0x3D,0x53,0x35,0x33,0x2D,0x33,0x3D,0x94,0x55,0x16,0x7E,0x77,0x8E,
  0x98,0x96,0x78,0x96,0x57,0x8E,0x57,0x86,0x36,0x86,0x98,0x9E,0xD9,0xAE,0x37,0x86,0x32,0x3D,0x32,0x35,0xB4,0x5D,0x94,0x5D,
  0x94,0x5D,0x93,0x55,0xF5,0x6D,0xF2,0x6C,0xC3,0x18,0xA3,0x10,0xA3,0x10,0x62,0x08,0x62,0x08,0x42,0x08,0x62,0x08,0x62,0x08,
  0x62,0x08,0x62,0x08,0x42,0x08,0x42,0x08,0x42,0x08,0x42,0x08,0x42,0x08,0x42,0x08,0x42,0x08,0x42,0x08,0x42,0x08,0x42,0x08,
  0x42,0x08,0x62,0x08,0x42,0x08,0x42,0x08,0x42,0x08,0x83,0x10,0x42,0x08,0xAA,0x42,0x36,0x7E,0x73,0x55,0x73,0x55,0x74,0x5D,
  0x33,0x45,0xD1,0x2C,0xB5,0x65,0xB8,0xA6,0x77,0x96,0x36,0x86,0x36,0x86,0x57,0x8E,0x77,0x96,0x78,0x9E,0x37,0x86,0x94,0x5D,
  0x33,0x35,0x32,0x2D,0x53,0x35,0x33,0x45,0x70,0x4C,0x4C,0x43,0x49,0x3A,0x86,0x29,0xE4,0x20,0x83,0x18,0x21,0x08,0x00,0x00,
  0x00,0x00,0x00,0x00,0x01,0x00,0x01,0x00,0x00,0x00,0x00,0x00,0x01,0x08,0x62,0x10,0xC3,0x18,0x25,0x21,0xA7,0x31,0x6A,0x3A,
  0x6D,0x43,0x91,0x4C,0x33,0x45,0x53,0x35,0x12,0x2D,0x13,0x3D,0x94,0x5D,0x36,0x7E,0x77,0x8E,0x57,0x8E,0x57,0x86,0x36,0x86,
  0x36,0x8E,0xB8,0xA6,0xB9,0xA6,0xB4,0x5D,0x12,0x2D,0x74,0x4D,0x73,0x55,0x73,0x55,0x73,0x55,0x16,0x7E,0x49,0x42,0x62,0x08,
  0x83,0x10,0x42,0x08,0x42,0x08,0x42,0x08,0x42,0x08,0x42,0x08,0x42,0x08,0x42,0x08,0x42,0x08,0x42,0x08,0x42,0x08,0x42,0x08,
  0x62,0x08,0x62,0x08,0x42,0x08,0x62,0x08,0x62,0x08,0x62,0x08,0x62,0x08,0x62,0x08,0x62,0x08,0x62,0x08,0x62,0x08,0xC3,0x10,
  0x83,0x10,0xD1,0x6C,0xF5,0x65,0x53,0x4D,0x74,0x4D,0x32,0x35,0x12,0x3D,0x37,0x86,0x98,0x9E,0x36,0x86,0x16,0x7E,0x36,0x86,
  0x57,0x8E,0x57,0x8E,0x16,0x7E,0x73,0x4D,0x32,0x35,0x74,0x35,0x53,0x45,0x70,0x54,0xCB,0x42,0x66,0x29,0x83,0x10,0x42,0x10,
  0x41,0x08,0x62,0x08,0x62,0x08,0x83,0x10,0x62,0x08,0x62,0x08,0x62,0x08,0x62,0x08,0x62,0x08,0x62,0x08,0x62,0x08,0x62,0x08,
  0x62,0x08,0x62,0x08,0x62,0x08,0x82,0x10,0x41,0x08,0x21,0x08,0x42,0x10,0xC4,0x18,0xA7,0x29,0x2C,0x43,0x91,0x4C,0x53,0x45,
  0x33,0x35,0x12,0x2D,0x74,0x55,0x36,0x7E,0x57,0x8E,0x57,0x8E,0x36,0x86,0x16,0x7E,0x57,0x8E,0xB9,0xA6,0x16,0x7E,0xF2,0x34,
  0x12,0x3D,0x54,0x55,0x33,0x4D,0xF5,0x6D,0x70,0x64,0x42,0x08,0x82,0x08,0x62,0x08,0x62,0x08,0x62,0x08,0x62,0x08,0x62,0x08,
  0x62,0x08,0x62,0x08,0x42,0x08,0x42,0x08,0x42,0x08,0x42,0x08,0x42,0x08,0x62,0x08,0x42,0x08,0x62,0x08,0x62,0x08,0x82,0x08,
  0x62,0x08,0x62,0x08,0x42,0x08,0x62,0x08,0x82,0x08,0x42,0x08,0xE8,0x31,0x16,0x7E,0x73,0x4D,0x73,0x45,0x12,0x35,0x74,0x4D,
  0x98,0x9E,0x78,0x96,0x16,0x7E,0x36,0x7E,0x36,0x86,0x56,0x86,0x16,0x7E,0x74,0x4D,0x12,0x2D,0x53,0x35,0x13,0x4D,0x6D,0x43,
  0xA6,0x29,0x83,0x10,0x42,0x08,0x62,0x08,0x62,0x08,0x82,0x08,0x83,0x10,0x83,0x10,0x83,0x10,0x83,0x10,0x62,0x08,0x82,0x08,
  0x42,0x08,0x62,0x08,0x62,0x08,0x42,0x08,0x42,0x08,0x62,0x08,0x62,0x08,0x62,0x08,0x83,0x10,0x83,0x10,0x82,0x10,0x82,0x08,
  0x83,0x10,0xA3,0x10,0x62,0x10,0x42,0x08,0x83,0x10,0x08,0x32,0xCE,0x4B,0x33,0x4D,0x53,0x35,0x13,0x35,0x94,0x5D,0x36,0x86,
  0x57,0x8E,0x36,0x86,0x16,0x7E,0x16,0x7E,0x77,0x96,0x57,0x8E,0x12,0x3D,0xF2,0x34,0x33,0x45,0x73,0x55,0xF6,0x7D,0x86,0x29,
  0x41,0x08,0x62,0x08,0x62,0x08,0x62,0x08,0x62,0x08,0x62,0x08,0x62,0x08,0x62,0x08,0x42,0x08,0x42,0x08,0x42,0x08,0x42,0x08,
  0x62,0x08,0x62,0x08,0x62,0x08,0x42,0x08,0x62,0x08,0x62,0x08,0x62,0x08,0x62,0x08,0x62,0x08,0x62,0x08,0x62,0x08,0x82,0x10,
  0x70,0x6C,0xF5,0x65,0x33,0x3D,0x12,0x2D,0xB5,0x5D,0xB9,0x9E,0x37,0x8E,0x16,0x7E,0x36,0x7E,0x36,0x86,0x36,0x86,0x94,0x5D,
  0x12,0x2D,0x33,0x2D,0x33,0x4D,0x6D,0x4B,0x86,0x29,0x62,0x10,0x21,0x00,0x62,0x08,0x62,0x08,0x62,0x08,0x62,0x08,0x62,0x08,
  0x62,0x08,0x62,0x08,0x62,0x08,0x41,0x08,0x42,0x08,0x62,0x08,0x42,0x08,0x62,0x08,0x62,0x08,0x62,0x08,0x62,0x08,0x62,0x08,
  0x62,0x08,0x42,0x08,0x42,0x08,0x62,0x08,0x62,0x08,0x62,0x08,0x62,0x08,0x62,0x08,0x62,0x08,0x62,0x08,0x42,0x08,0x01,0x00,
  0x62,0x10,0xA7,0x31,0xCF,0x4B,0x53,0x45,0x53,0x35,0x32,0x3D,0xD5,0x65,0x36,0x86,0x36,0x86,0x16,0x7E,0xF5,0x75,0x37,0x8E,
  0x78,0x96,0x53,0x4D,0xF2,0x2C,0x33,0x45,0x36,0x6E,0xEF,0x63,0x42,0x08,0x62,0x08,0x42,0x08,0x42,0x08,0x42,0x08,0x42,0x08,
  0x62,0x08,0x62,0x08,0x62,0x08,0x62,0x08,0x62,0x08,0x62,0x08,0x62,0x08,0x62,0x08,0x62,0x08,0x62,0x08,0x62,0x08,0x62,0x08,
  0x62,0x08,0x62,0x08,0x62,0x08,0x62,0x08,0x42,0x08,0x08,0x3A,0xF5,0x7D,0x32,0x45,0xD1,0x24,0xB5,0x65,0x98,0x9E,0x16,0x86,
  0x16,0x7E,0x16,0x7E,0x36,0x86,0x16,0x7E,0x53,0x4D,0x12,0x2D,0x53,0x45,0x30,0x54,0xA7,0x31,0x62,0x10,0x83,0x10,0xA3,0x10,
  0x62,0x08,0x62,0x08,0x62,0x08,0x42,0x08,0x62,0x08,0x62,0x08,0x62,0x08,0x62,0x08,0x62,0x08,0x42,0x08,0x62,0x08,0x62,0x08,
  0x62,0x08,0x62,0x08,0x62,0x08,0x62,0x08,0x62,0x08,0x62,0x08,0x62,0x08,0x62,0x08,0x62,0x08,0x62,0x08,0x62,0x08,0x62,0x08,
  0x62,0x08,0x62,0x08,0x62,0x08,0x62,0x08,0x62,0x08,0x62,0x08,0xA3,0x10,0x62,0x08,0x62,0x10,0xE8,0x31,0x91,0x54,0x74,0x3D,
  0xF2,0x2C,0x53,0x4D,0x16,0x76,0x16,0x86,0x16,0x7E,0xF5,0x75,0x16,0x86,0x98,0x9E,0x95,0x5D,0xF2,0x2C,0x94,0x4D,0xD5,0x7D,
  0x45,0x21,0x21,0x00,0x62,0x08,0x62,0x08,0x62,0x08,0x62,0x08,0x62,0x08,0x62,0x08,0x62,0x08,0x62,0x08,0x83,0x10,0x62,0x08,
  0x62,0x08,0x62,0x08,0x62,0x08,0x62,0x08,0x42,0x08,0x62,0x08,0x62,0x08,0x62,0x08,0x62,0x08,0x83,0x10,0x83,0x10,0x71,0x6C,
  0xD5,0x5D,0xB1,0x24,0xB5,0x65,0x77,0x96,0xF5,0x7D,0x16,0x7E,0x16,0x7E,0x36,0x86,0xD5,0x6D,0x32,0x3D,0x73,0x3D,0xF2,0x54,
  0x49,0x3A,0x83,0x10,0x62,0x08,0x62,0x08,0x83,0x10,0x82,0x08,0x62,0x08,0x62,0x08,0x62,0x08,0x62,0x08,0x62,0x08,0x62,0x08,
  0x62,0x08,0x42,0x08,0x62,0x08,0x42,0x08,0x62,0x08,0x42,0x08,0x62,0x08,0x62,0x08,0x62,0x08,0x62,0x08,0x62,0x08,0x62,0x08,
  0x62,0x08,0x62,0x08,0x62,0x08,0x62,0x08,0x62,0x08,0x62,0x08,0x62,0x08,0x62,0x08,0x62,0x08,0x62,0x08,0x62,0x08,0x42,0x08,
  0x62,0x08,0x62,0x08,0x83,0x10,0x62,0x08,0xA3,0x18,0xEB,0x42,0x33,0x55,0x33,0x2D,0x13,0x3D,0xD5,0x6D,0x16,0x86,0x16,0x7E,
  0x16,0x7E,0x16,0x86,0x98,0x9E,0xB5,0x65,0xF2,0x2C,0x36,0x6E,0xCE,0x5B,0x21,0x08,0x82,0x08,0x62,0x08,0x62,0x08,0x62,0x08,
  0x42,0x08,0x62,0x08,0x62,0x08,0x62,0x08,0xA3,0x10,0x82,0x10,0x62,0x08,0x62,0x08,0x62,0x08,0x62,0x08,0x42,0x08,0x62,0x08,
  0x62,0x08,0x42,0x08,0x82,0x08,0x42,0x08,0x08,0x3A,0xD5,0x75,0xD1,0x2C,0x94,0x5D,0x57,0x8E,0xF5,0x75,0xF5,0x75,0x15,0x7E,
  0x16,0x7E,0x94,0x5D,0x12,0x35,0x94,0x45,0x30,0x5C,0x25,0x21,0x21,0x08,0x62,0x08,0x62,0x08,0x62,0x08,0x62,0x08,0x42,0x08,
  0x62,0x08,0x42,0x08,0x62,0x08,0x62,0x08,0x42,0x08,0x42,0x08,0x62,0x08,0x42,0x08,0x42,0x08,0x42,0x08,0x62,0x08,0x42,0x08,
  0x62,0x08,0x62,0x08,0x62,0x08,0x62,0x08,0x42,0x08,0x62,0x08,0x62,0x08,0x62,0x08,0x62,0x08,0x42,0x08,0x42,0x08,0x62,0x08,
  0x42,0x08,0x42,0x08,0x62,0x08,0x62,0x08,0x42,0x08,0x42,0x08,0x42,0x08,0x62,0x08,0x62,0x08,0x83,0x10,0x62,0x08,0x42,0x08,
  0xC7,0x31,0x91,0x54,0x74,0x3D,0x12,0x35,0xB4,0x65,0x36,0x86,0x16,0x7E,0x16,0x7E,0x16,0x7E,0x78,0x9E,0x94,0x5D,0x12,0x35,
  0xD5,0x7D,0xE8,0x39,0x82,0x08,0xA3,0x10,0x62,0x08,0x42,0x08,0x62,0x08,0x42,0x08,0x42,0x08,0x62,0x08,0x42,0x08,0x42,0x08,
  0x62,0x08,0x62,0x08,0x82,0x08,0x82,0x08,0x62,0x08,0x62,0x08,0x62,0x08,0x62,0x08,0x62,0x08,0x42,0x08,0x70,0x6C,0x53,0x3D,
  0x74,0x55,0x57,0x8E,0xF5,0x75,0xF5,0x75,0x15,0x76,0x15,0x7E,0x73,0x55,0x12,0x2D,0x74,0x4D,0x0C,0x4B,0x83,0x18,0x62,0x08,
  0x82,0x08,0x62,0x08,0x62,0x08,0x62,0x08,0x62,0x08,0x62,0x08,0x62,0x08,0x62,0x08,0x62,0x08,0x62,0x08,0x62,0x08,0x62,0x08,
  0x62,0x08,0x42,0x08,0x42,0x08,0x62,0x08,0x62,0x08,0x62,0x08,0x62,0x08,0x62,0x08,0x62,0x08,0x62,0x08,0x62,0x08,0x62,0x08,
  0x83,0x10,0x83,0x10,0x82,0x08,0x42,0x08,0x62,0x08,0x62,0x08,0x42,0x08,0x62,0x08,0x62,0x08,0x62,0x08,0x62,0x08,0x62,0x08,
  0x62,0x08,0x42,0x08,0x62,0x08,0x62,0x08,0x62,0x08,0x82,0x08,0x62,0x08,0xC3,0x18,0x8E,0x53,0x94,0x4D,0x12,0x35,0x94,0x5D,
  0x36,0x7E,0x16,0x7E,0x15,0x76,0xF5,0x7D,0x57,0x96,0x32,0x4D,0x73,0x45,0x30,0x6C,0x83,0x10,0xA3,0x10,0x62,0x08,0x42,0x08,
  0x62,0x08,0x62,0x08,0x62,0x08,0x62,0x08,0x62,0x08,0x62,0x08,0x62,0x08,0x62,0x08,0xA3,0x10,0xA3,0x10,0x83,0x10,0x62,0x08,
  0x62,0x08,0x62,0x08,0x21,0x00,0x49,0x42,0x94,0x55,0x74,0x4D,0x77,0x96,0xF5,0x75,0xF5,0x75,0xF5,0x7D,0xF5,0x7D,0x53,0x4D,
  0x12,0x2D,0x54,0x55,0x8A,0x42,0x62,0x10,0x82,0x08,0x62,0x08,0x62,0x08,0x62,0x08,0x62,0x08,0x62,0x08,0x62,0x08,0x62,0x08,
  0x62,0x08,0x62,0x08,0x42,0x08,0x42,0x08,0x62,0x08,0x62,0x08,0x62,0x08,0x62,0x08,0x62,0x08,0x62,0x08,0x62,0x08,0x62,0x08,
  0x62,0x08,0x62,0x08,0x62,0x08,0x62,0x08,0x62,0x08,0x82,0x08,0xA3,0x10,0xA3,0x10,0xA3,0x10,0x62,0x08,0x62,0x08,0x62,0x08,
  0x62,0x08,0x62,0x08,0x62,0x08,0x62,0x08,0x62,0x08,0x62,0x08,0x62,0x08,0x62,0x08,0x62,0x08,0x62,0x08,0x62,0x08,0x62,0x08,
  0x83,0x10,0x82,0x08,0x62,0x10,0xEB,0x4A,0x94,0x55,0x33,0x35,0x94,0x5D,0x16,0x7E,0x15,0x7E,0xF5,0x75,0xF5,0x7D,0x57,0x8E,
  0x12,0x3D,0x54,0x5D,0x29,0x42,0x62,0x08,0x62,0x08,0x62,0x08,0x82,0x10,0x62,0x08,0x62,0x08,0x62,0x08,0x62,0x08,0x62,0x08,
  0x62,0x08,0x62,0x08,0x62,0x08,0x62,0x08,0x62,0x08,0x82,0x08,0x82,0x08,0x82,0x08,0xA3,0x18,0x70,0x54,0x74,0x45,0x57,0x8E,
  0x16,0x7E,0xF5,0x7D,0x15,0x76,0xF6,0x75,0x53,0x4D,0x12,0x2D,0x34,0x55,0x29,0x42,0x82,0x10,0x83,0x10,0x62,0x08,0x62,0x08,
  0x62,0x08,0x62,0x08,0x62,0x08,0x62,0x08,0x62,0x08,0x62,0x08,0x62,0x08,0x62,0x08,0x62,0x08,0x62,0x08,0x62,0x08,0x62,0x08,
  0x62,0x08,0x62,0x08,0x62,0x08,0x62,0x08,0x62,0x08,0x62,0x08,0x62,0x08,0x62,0x08,0x62,0x08,0x62,0x08,0x62,0x08,0x62,0x08,
  0x62,0x08,0x62,0x08,0x62,0x08,0x62,0x08,0x62,0x08,0x42,0x08,0xA3,0x10,0xA3,0x10,0xA3,0x10,0x62,0x08,0x62,0x08,0x62,0x08,
  0x62,0x08,0x62,0x08,0x62,0x08,0x62,0x08,0x62,0x08,0x62,0x08,0x62,0x08,0x62,0x08,0x62,0x08,0x42,0x08,0x8A,0x42,0x54,0x4D,
  0x12,0x35,0x73,0x55,0xF5,0x7D,0xF5,0x7D,0xF5,0x75,0x15,0x7E,0x16,0x86,0x53,0x3D,0x10,0x54,0x62,0x10,0x62,0x08,0x42,0x08,
  0x82,0x10,0x62,0x08,0x62,0x08,0x62,0x08,0x62,0x08,0x62,0x08,0x62,0x08,0x62,0x08,0x62,0x08,0x42,0x08,0x62,0x08,0x62,0x08,
  0x83,0x10,0x82,0x10,0x0C,0x4B,0x53,0x45,0x16,0x7E,0x36,0x86,0xF5,0x75,0x15,0x76,0x16,0x7E,0x74,0x55,0x33,0x35,0x54,0x5D,
  0x28,0x3A,0x83,0x10,0xC4,0x18,0x83,0x10,0x42,0x08,0x42,0x08,0x42,0x08,0x62,0x08,0x62,0x08,0x62,0x08,0x62,0x08,0x62,0x08,
  0x62,0x08,0x62,0x08,0x62,0x08,0x62,0x08,0x62,0x08,0x62,0x08,0x62,0x08,0x62,0x08,0x62,0x08,0x62,0x08,0x62,0x08,0x62,0x08,
  0x62,0x08,0x42,0x08,0x42,0x08,0x62,0x08,0x62,0x08,0x42,0x08,0x62,0x08,0x42,0x08,0x42,0x08,0x42,0x08,0x42,0x08,0x62,0x08,
  0x62,0x08,0x62,0x08,0x62,0x08,0x62,0x08,0x62,0x08,0x82,0x08,0x62,0x08,0x62,0x08,0x42,0x08,0x62,0x08,0x42,0x08,0x42,0x08,
  0x62,0x08,0x62,0x08,0x62,0x08,0xA3,0x10,0x83,0x10,0x8A,0x42,0x54,0x55,0x12,0x35,0x73,0x55,0x15,0x7E,0xF5,0x7D,0xF5,0x75,
  0x36,0x86,0xF6,0x75,0x54,0x45,0x29,0x3A,0x83,0x10,0x25,0x21,0x41,0x08,0x42,0x08,0x62,0x08,0x62,0x08,0x62,0x08,0x42,0x08,
  0x42,0x08,0x42,0x08,0x42,0x08,0x42,0x08,0x62,0x08,0x83,0x10,0x62,0x10,0xE8,0x39,0x12,0x45,0xB5,0x65,0x36,0x86,0xF5,0x75,
  0x15,0x7E,0x36,0x7E,0x94,0x5D,0x53,0x35,0x53,0x55,0xE8,0x39,0x41,0x08,0xA3,0x10,0xA3,0x10,0x82,0x08,0x42,0x08,0x62,0x08,
  0x62,0x08,0x62,0x08,0x82,0x08,0x62,0x08,0x21,0x00,0x01,0x00,0x01,0x00,0x01,0x00,0x00,0x00,0x00,0x00,0x01,0x00,0x21,0x00,
  0x62,0x08,0x62,0x08,0x62,0x08,0x62,0x08,0x62,0x08,0x62,0x08,0x62,0x08,0x62,0x08,0x62,0x08,0x42,0x08,0x42,0x08,0x42,0x08,
  0x62,0x08,0x62,0x08,0x62,0x08,0x62,0x08,0x62,0x08,0x42,0x08,0x21,0x00,0x00,0x00,0x00,0x00,0x00,0x00,0x00,0x00,0x01,0x00,
  0x01,0x00,0x21,0x00,0x62,0x08,0x82,0x08,0x82,0x08,0x62,0x08,0x42,0x08,0x42,0x08,0x62,0x08,0x82,0x10,0xC4,0x18,0xA3,0x18,
  0xEC,0x52,0x74,0x55,0x12,0x35,0xB4,0x65,0x16,0x7E,0x16,0x7E,0x16,0x7E,0x57,0x8E,0xD5,0x5D,0xD2,0x4C,0xF6,0x9D,0xB9,0xAE,
  0x71,0x7C,0x82,0x10,0x62,0x08,0x62,0x08,0x62,0x08,0x62,0x08,0x62,0x08,0x62,0x08,0x42,0x08,0x42,0x08,0x42,0x08,0xA3,0x10,
  0x05,0x21,0x30,0x4C,0x74,0x4D,0x36,0x86,0x16,0x7E,0x16,0x7E,0x16,0x86,0xD5,0x65,0x33,0x35,0x74,0x4D,0x29,0x3A,0x01,0x00,
  0x62,0x08,0x42,0x08,0x62,0x08,0x62,0x08,0x42,0x08,0x83,0x10,0xC3,0x10,0x42,0x08,0x21,0x08,0xA3,0x10,0x66,0x29,0x69,0x42,
  0xEB,0x4A,0xEB,0x4A,0xEB,0x52,0xCB,0x4A,0x49,0x42,0x45,0x29,0x62,0x10,0x01,0x00,0x41,0x08,0x82,0x10,0x82,0x08,0x62,0x08,
  0x42,0x08,0x42,0x08,0x42,0x08,0x42,0x08,0x42,0x08,0x42,0x08,0x62,0x08,0xA3,0x10,0x83,0x10,0x01,0x00,0x01,0x00,0x62,0x10,
  0x45,0x29,0x49,0x42,0xEB,0x4A,0x0B,0x53,0xEB,0x52,0xEB,0x52,0x29,0x3A,0x25,0x21,0x82,0x10,0x21,0x00,0x41,0x08,0x83,0x10,
  0x83,0x10,0x82,0x08,0xA3,0x10,0xA3,0x10,0xA3,0x10,0xC3,0x10,0x83,0x10,0xEB,0x42,0x94,0x4D,0x33,0x3D,0xF5,0x6D,0x36,0x86,
  0x16,0x7E,0x36,0x86,0x57,0x8E,0x53,0x45,0xF6,0x6D,0xB8,0x9E,0xFA,0xA6,0xAE,0x63,0x62,0x10,0xC4,0x18,0xA3,0x10,0xA3,0x10,
  0x42,0x08,0x42,0x08,0x42,0x08,0x41,0x08,0x62,0x08,0x62,0x08,0x8A,0x3A,0x54,0x45,0xF6,0x7D,0x36,0x86,0x16,0x86,0x16,0x86,
  0xF5,0x75,0x12,0x3D,0x94,0x4D,0xEC,0x42,0x21,0x08,0x82,0x08,0x42,0x08,0x42,0x08,0x62,0x08,0x62,0x08,0x62,0x08,0x42,0x08,
  0x42,0x08,0xC7,0x31,0x0F,0x6C,0xD5,0x95,0xB9,0xAE,0x1A,0xB7,0x3A,0xB7,0x3A,0xB7,0x3A,0xAF,0x3A,0xB7,0x1A,0xB7,0x98,0xA6,
  0x95,0x95,0xAE,0x63,0xA7,0x31,0x42,0x08,0x42,0x08,0x82,0x08,0x42,0x08,0x62,0x08,0x42,0x08,0x42,0x08,0x42,0x08,0x62,0x08,
  0x83,0x10,0x41,0x08,0x62,0x08,0xE8,0x31,0x0F,0x6C,0xB5,0x95,0xB9,0xAE,0x1A,0xB7,0x3A,0xB7,0x3A,0xB7,0x3A,0xB7,0x3B,0xB7,
  0x1A,0xB7,0x98,0xAE,0x94,0x95,0xAE,0x63,0x86,0x29,0x42,0x08,0x62,0x08,0x82,0x08,0xA3,0x10,0xA3,0x10,0x62,0x08,0x62,0x08,
  0x82,0x08,0x42,0x10,0x8D,0x4B,0xB4,0x45,0x53,0x45,0x36,0x7E,0x36,0x86,0x36,0x86,0x57,0x8E,0xF6,0x75,0xD2,0x34,0xF6,0x7D,
  0x36,0x86,0x16,0x8E,0xA7,0x31,0x62,0x08,0x62,0x08,0x42,0x08,0x42,0x08,0x42,0x08,0x42,0x08,0x62,0x08,0x62,0x08,0x05,0x21,
  0xB1,0x4C,0xD5,0x65,0x57,0x96,0x37,0x8E,0x37,0x8E,0x37,0x86,0x53,0x4D,0x53,0x3D,0x30,0x5C,0xA3,0x18,0x83,0x10,0x42,0x08,
  0x42,0x08,0x42,0x08,0x62,0x08,0x42,0x08,0x00,0x00,0xA7,0x31,0xF2,0x84,0xD9,0xAE,0x3A,0xB7,0x19,0xAF,0xD9,0xA6,0xB8,0xA6,
  0xB8,0xA6,0x98,0xA6,0xB8,0xA6,0xB8,0xA6,0xB8,0xA6,0xD9,0xA6,0x1A,0xAF,0x3A,0xAF,0xD9,0xAE,0xD2,0x84,0x66,0x29,0x00,0x00,
  0x42,0x08,0x82,0x08,0x62,0x08,0x42,0x08,0x62,0x08,0x41,0x08,0x00,0x00,0xC7,0x31,0x13,0x8D,0xF9,0xAE,0x3A,0xAF,0x1A,0xAF,
  0xD9,0xA6,0xB9,0xA6,0xB8,0xA6,0xB8,0xA6,0xB8,0xA6,0xB8,0xA6,0xB9,0xA6,0xD9,0xA6,0x1A,0xAF,0x3A,0xAF,0xB9,0xAE,0xD2,0x84,
  0xC7,0x31,0x21,0x00,0x62,0x08,0x62,0x08,0x42,0x08,0x42,0x08,0x42,0x08,0x82,0x08,0xC4,0x18,0xB2,0x5C,0x74,0x3D,0x94,0x5D,
  0x57,0x8E,0x37,0x8E,0x37,0x8E,0x57,0x8E,0x73,0x55,0x12,0x45,0xF5,0x7D,0x37,0x7E,0x0F,0x64,0x21,0x08,0x62,0x08,0x42,0x08,
  0x62,0x08,0x62,0x08,0x62,0x08,0x82,0x08,0x41,0x08,0x4D,0x43,0x94,0x4D,0x37,0x86,0x77,0x96,0x57,0x8E,0x77,0x96,0xB5,0x6D,
  0x33,0x3D,0x13,0x5D,0x66,0x29,0x62,0x08,0xA3,0x10,0x62,0x08,0x62,0x08,0xA3,0x10,0x82,0x08,0xA3,0x10,0xEF,0x6B,0xFA,0xB6,
  0x3A,0xB7,0xD9,0xA6,0xB8,0xA6,0xB8,0xA6,0xD9,0xA6,0x1A,0xAF,0x3A,0xAF,0x3A,0xAF,0x3A,0xAF,0x1A,0xAF,0xF9,0xAE,0xD8,0xA6,
  0xB8,0xA6,0xB8,0xA6,0xD9,0xA6,0x3A,0xB7,0xB9,0xAE,0x6D,0x5B,0x62,0x10,0x83,0x10,0xC4,0x18,0xC4,0x18,0x82,0x10,0xA3,0x10,
  0xEF,0x6B,0xF9,0xB6,0x3A,0xAF,0xD9,0xA6,0xB8,0xA6,0xB8,0xA6,0xD9,0xA6,0xF9,0xAE,0x1A,0xAF,0x3A,0xB7,0x3A,0xB7,0x1A,0xAF,
  0xF9,0xA6,0xD9,0xA6,0xB8,0x9E,0xB8,0xA6,0xD9,0xA6,0x3A,0xAF,0xD9,0xAE,0x6D,0x5B,0x62,0x08,0x62,0x08,0x62,0x08,0x62,0x08,
  0x62,0x08,0x62,0x08,0x21,0x00,0x66,0x29,0x74,0x5D,0x13,0x3D,0xD5,0x75,0x77,0x96,0x57,0x8E,0x57,0x96,0x16,0x86,0xF1,0x34,
  0x94,0x5D,0xF5,0x75,0xD5,0x7D,0x86,0x29,0x21,0x00,0x42,0x08,0x62,0x08,0x62,0x08,0xA3,0x10,0x62,0x08,0x86,0x29,0x13,0x4D,
  0xD5,0x6D,0x78,0x9E,0x78,0x9E,0x78,0x9E,0x57,0x8E,0x53,0x45,0x94,0x55,0x6A,0x42,0x62,0x10,0xA3,0x10,0xA3,0x10,0x83,0x10,
  0xA3,0x10,0x42,0x08,0x45,0x21,0x74,0x95,0x5B,0xB7,0xD9,0xAE,0xB8,0xA6,0xB9,0xA6,0x1A,0xAF,0x3B,0xB7,0xD9,0xAE,0xD6,0x95,
  0x13,0x85,0x71,0x74,0xB1,0x7C,0x74,0x8D,0x37,0x9E,0xF9,0xAE,0x3A,0xB7,0xF9,0xAE,0xB9,0xA6,0xB8,0xA6,0xD9,0xA6,0x5B,0xB7,
  0x13,0x85,0x05,0x21,0xA3,0x10,0x83,0x10,0x66,0x29,0xB5,0x95,0x5A,0xB7,0xD9,0xA6,0xB9,0xA6,0xB9,0xA6,0x1A,0xAF,0x3A,0xB7,
  0xD9,0xAE,0x16,0x9E,0x54,0x8D,0x91,0x74,0xB1,0x7C,0x54,0x8D,0x17,0x9E,0xF9,0xAE,0x3A,0xAF,0xF9,0xAE,0xB8,0xA6,0xB8,0xA6,
  0xD9,0xA6,0x5B,0xB7,0xD2,0x84,0xA3,0x10,0x62,0x08,0x62,0x08,0x82,0x08,0x62,0x08,0x82,0x08,0x62,0x08,0x0C,0x4B,0x74,0x4D,
  0x33,0x4D,0x57,0x8E,0x77,0x96,0x77,0x96,0x77,0x96,0x94,0x5D,0x32,0x3D,0xD5,0x6D,0x16,0x6E,0x0F,0x64,0x21,0x08,0x62,0x08,
  0x62,0x08,0x62,0x08,0xA3,0x10,0xC3,0x18,0xAE,0x4B,0x74,0x4D,0x37,0x8E,0x98,0x9E,0x78,0x9E,0x98,0x9E,0xB5,0x65,0x94,0x4D,
  0xEF,0x53,0xA3,0x18,0x83,0x10,0x82,0x10,0xA3,0x10,0xA3,0x10,0x62,0x08,0xC7,0x31,0x37,0x9E,0x3A,0xAF,0xB8,0xA6,0xB8,0xA6,
  0xF9,0xA6,0x3A,0xB7,0xB5,0x95,0x4C,0x5B,0x86,0x29,0xA3,0x10,0x42,0x08,0x21,0x08,0x42,0x08,0xA3,0x10,0x04,0x21,0xC7,0x31,
  0xCF,0x6B,0x37,0xA6,0x3A,0xB7,0xD9,0xA6,0xB9,0xA6,0xB8,0xA6,0x3A,0xAF,0xD6,0x95,0xE4,0x20,0x45,0x21,0x17,0xA6,0x3A,0xAF,
  0xB9,0xA6,0xB9,0xA6,0xF9,0xAE,0x3A,0xB7,0xF6,0xA5,0x4D,0x5B,0xA7,0x31,0xE4,0x18,0x83,0x10,0x42,0x08,0x41,0x08,0x83,0x10,
  0x04,0x21,0xE8,0x39,0xAE,0x63,0x16,0x9E,0x3B,0xB7,0xD9,0xAE,0xB9,0xA6,0xB9,0xA6,0x5B,0xB7,0x54,0x95,0xE4,0x18,0x42,0x08,
  0x83,0x10,0x82,0x10,0x62,0x08,0x83,0x10,0xE4,0x20,0xB1,0x5C,0x53,0x45,0xB5,0x6D,0x98,0x9E,0x78,0x96,0x98,0x9E,0x37,0x86,
  0x33,0x3D,0x74,0x4D,0xB4,0x5D,0xB4,0x6D,0x66,0x29,0x41,0x08,0x62,0x08,0x82,0x08,0x83,0x10,0xA7,0x31,0xD2,0x44,0xB4,0x65,
  0x78,0x96,0x98,0x96,0x98,0x9E,0x37,0x86,0x53,0x45,0x74,0x65,0x45,0x29,0x42,0x08,0x42,0x08,0x42,0x08,0x62,0x08,0x82,0x08,
  0xE4,0x18,0xD6,0x9D,0x1A,0xAF,0xB8,0xA6,0xB8,0x9E,0x1A,0xAF,0x78,0xA6,0x2C,0x5B,0x62,0x08,0x00,0x00,0x21,0x00,0x42,0x08,
  0x62,0x08,0x82,0x08,0x82,0x08,0x62,0x08,0x41,0x00,0x01,0x00,0x00,0x00,0xE4,0x18,0xEF,0x6B,0xD9,0xAE,0xF9,0xA6,0xB8,0xA6,
  0xB8,0xA6,0x3A,0xAF,0xB5,0x95,0xD6,0x9D,0x1A,0xAF,0xB8,0xA6,0xB9,0xA6,0x1A,0xAF,0x98,0xAE,0x4D,0x63,0xC3,0x18,0x00,0x00,
  0x21,0x00,0x42,0x08,0x82,0x08,0x82,0x08,0x62,0x08,0x62,0x08,0x41,0x00,0x01,0x00,0x00,0x00,0xA3,0x10,0x8D,0x63,0xB9,0xAE,
  0x1A,0xAF,0xB9,0xA6,0xB8,0xA6,0x3A,0xAF,0xF2,0x84,0x83,0x10,0x82,0x10,0x62,0x08,0x62,0x08,0x83,0x10,0x82,0x10,0x8A,0x42,
  0x94,0x5D,0x33,0x4D,0x57,0x8E,0x98,0x9E,0x98,0x9E,0x78,0x9E,0xB5,0x5D,0x32,0x3D,0x94,0x55,0xD4,0x55,0xAE,0x53,0x62,0x10,
  0x42,0x08,0xA3,0x10,0x83,0x18,0x0C,0x43,0x53,0x45,0x16,0x86,0x98,0x96,0x98,0x96,0x98,0x96,0x94,0x5D,0xB4,0x55,0x6D,0x53,
  0x62,0x10,0x82,0x08,0x42,0x08,0x42,0x08,0x62,0x08,0x21,0x08,0x91,0x7C,0x3A,0xAF,0xB8,0xA6,0xB8,0x9E,0x1A,0xAF,0xB5,0x95,
  0xA7,0x31,0x21,0x00,0x82,0x08,0x62,0x08,0x62,0x08,0x42,0x08,0x62,0x08,0x62,0x08,0x62,0x08,0x62,0x08,0x62,0x08,0x62,0x08,
  0x82,0x08,0x82,0x08,0x21,0x08,0x29,0x3A,0x57,0xA6,0x1A,0xAF,0xB9,0xA6,0xB9,0xA6,0xF9,0xA6,0xF9,0xA6,0xB9,0xA6,0xB8,0x9E,
  0x1A,0xAF,0xD5,0x95,0x66,0x29,0x00,0x00,0x62,0x08,0x82,0x10,0x62,0x08,0x42,0x08,0x62,0x08,0x62,0x08,0x62,0x08,0x62,0x08,
  0x42,0x08,0x62,0x08,0x62,0x08,0x62,0x08,0x21,0x00,0xE8,0x31,0x17,0x9E,0x1A,0xAF,0xB8,0xA6,0xB8,0xA6,0x5A,0xAF,0xCF,0x6B,
  0x42,0x08,0xA3,0x10,0x82,0x08,0x62,0x08,0x83,0x10,0xA3,0x18,0x30,0x5C,0x94,0x4D,0xD5,0x65,0x98,0xA6,0x78,0x9E,0x98,0x9E,
  0x37,0x7E,0x33,0x3D,0x33,0x4D,0x53,0x4D,0x33,0x5D,0x86,0x31,0x62,0x08,0x62,0x08,0x05,0x21,0xB1,0x44,0x94,0x55,0x77,0x96,
  0x97,0x96,0x98,0x9E,0x16,0x86,0x33,0x45,0x33,0x65,0x45,0x29,0x62,0x08,0xA3,0x10,0x42,0x08,0x62,0x08,0x00,0x00,0x69,0x42,
  0x1A,0xB7,0xB9,0xA6,0xB8,0xA6,0x1A,0xAF,0x74,0x8D,0xC3,0x18,0x62,0x08,0xC3,0x18,0x83,0x10,0x62,0x08,0x62,0x08,0x62,0x08,
  0x62,0x08,0x62,0x08,0x62,0x08,0x62,0x08,0x62,0x08,0x62,0x08,0x42,0x08,0x62,0x08,0xA3,0x10,0x21,0x00,0x46,0x29,0x37,0xA6,
  0x19,0xAF,0xB9,0xA6,0xD9,0xA6,0xD9,0xA6,0xB8,0xA6,0x1A,0xAF,0x95,0x95,0xC4,0x18,0x41,0x08,0xC3,0x10,0x83,0x10,0xA3,0x10,
  0x82,0x08,0x42,0x08,0x42,0x08,0x62,0x08,0x62,0x08,0x62,0x08,0x42,0x08,0x62,0x08,0x62,0x08,0x83,0x10,0xE4,0x18,0x41,0x08,
  0x45,0x29,0x17,0xA6,0xF9,0xA6,0xB8,0xA6,0xD9,0xA6,0xD9,0xAE,0x08,0x3A,0x42,0x08,0x82,0x10,0x62,0x08,0x82,0x08,0x42,0x08,
  0xE8,0x31,0x95,0x65,0x74,0x4D,0x57,0x8E,0x98,0x9E,0x78,0x9E,0x77,0x8E,0x73,0x55,0xF2,0x34,0x33,0x45,0x53,0x4D,0xEB,0x42,
  0x62,0x08,0x41,0x08,0x49,0x3A,0x73,0x45,0xF5,0x75,0x98,0x96,0x77,0x96,0x97,0x96,0x94,0x5D,0x94,0x4D,0xAE,0x53,0x42,0x08,
  0x83,0x08,0x62,0x08,0x62,0x08,0x42,0x08,0x82,0x10,0xD6,0x9D,0x1A,0xAF,0xB9,0xA6,0xF9,0xAE,0x37,0xA6,0x04,0x21,0x41,0x00,
  0x82,0x08,0x62,0x08,0x62,0x08,0x62,0x08,0x62,0x08,0x62,0x08,0x62,0x08,0x42,0x08,0x42,0x08,0x42,0x08,0x62,0x08,0x62,0x08,
  0x62,0x08,0x62,0x08,0x62,0x08,0x83,0x10,0x41,0x00,0x66,0x29,0x57,0xA6,0xF9,0xAE,0xD9,0xAE,0xB9,0xA6,0x1A,0xAF,0xB5,0x95,
  0xE4,0x18,0x62,0x08,0x83,0x10,0xA3,0x10,0x62,0x08,0x62,0x08,0x62,0x08,0x42,0x08,0x62,0x08,0x62,0x08,0x62,0x08,0x62,0x08,
  0x62,0x08,0x62,0x08,0x62,0x08,0x62,0x08,0x42,0x08,0x82,0x08,0x21,0x00,0xE8,0x39,0xB9,0xAE,0xD9,0xA6,0xB8,0xA6,0x1A,0xAF,
  0x13,0x85,0x42,0x08,0x62,0x08,0x82,0x08,0x42,0x08,0x62,0x08,0x41,0x08,0x50,0x5C,0xB5,0x4D,0xD5,0x6D,0x98,0x9E,0x78,0x96,
  0x77,0x96,0xD5,0x6D,0xF2,0x34,0x12,0x3D,0x53,0x3D,0xEF,0x53,0x42,0x08,0x41,0x08,0xCF,0x4B,0xB4,0x4D,0x57,0x8E,0x78,0x96,
  0x78,0x96,0x36,0x86,0x53,0x4D,0x74,0x5D,0xC7,0x31,0x62,0x08,0xA3,0x10,0x62,0x08,0x82,0x10,0x21,0x00,0x0C,0x53,0x1A,0xB7,
  0xB8,0xA6,0xB9,0xA6,0x1A,0xB7,0x8A,0x4A,0x21,0x00,0x83,0x10,0x42,0x08,0x42,0x08,0x62,0x08,0x62,0x08,0x62,0x08,0x62,0x08,
  0x62,0x08,0x42,0x08,0x62,0x08,0x42,0x08,0x62,0x08,0x62,0x08,0x62,0x08,0x62,0x08,0x62,0x08,0x62,0x08,0x83,0x10,0x21,0x00,
  0x08,0x3A,0xD9,0xAE,0xD9,0xA6,0xF9,0xAE,0x37,0xA6,0x25,0x21,0x21,0x00,0x62,0x08,0x62,0x08,0xA3,0x10,0x62,0x08,0x41,0x08,
  0x42,0x08,0x42,0x08,0x42,0x08,0x62,0x08,0x42,0x08,0x62,0x08,0x62,0x08,0x62,0x08,0x62,0x08,0x42,0x08,0x62,0x08,0x62,0x08,
  0xA3,0x10,0x42,0x08,0x8D,0x63,0x3A,0xAF,0xB8,0x9E,0xB9,0xA6,0xFA,0xB6,0x29,0x42,0x21,0x00,0x83,0x10,0x42,0x08,0x42,0x08,
  0x01,0x00,0x28,0x3A,0xB5,0x5D,0x74,0x55,0x57,0x96,0x58,0x96,0x77,0x96,0x16,0x86,0x32,0x45,0xF1,0x2C,0x94,0x45,0xEB,0x42,
  0x41,0x00,0x04,0x21,0xF2,0x4C,0xD4,0x5D,0x77,0x96,0x77,0x96,0x98,0x9E,0xF5,0x75,0x94,0x4D,0x50,0x5C,0xA3,0x18,0x82,0x08,
  0x82,0x08,0x62,0x08,0xA3,0x10,0xA3,0x10,0x74,0x8D,0x1A,0xAF,0x98,0xA6,0x1A,0xAF,0xF3,0x84,0x62,0x08,0xA3,0x10,0x62,0x08,
  0x42,0x08,0x42,0x08,0x42,0x08,0x42,0x08,0x62,0x08,0x42,0x08,0x62,0x08,0x62,0x08,0x62,0x08,0x42,0x08,0x62,0x08,0x62,0x08,
  0x62,0x08,0x62,0x08,0x62,0x08,0x83,0x10,0xA3,0x10,0xC3,0x10,0x82,0x10,0x4C,0x5B,0x3A,0xAF,0xD9,0xAE,0x08,0x3A,0x41,0x08,
  0x82,0x08,0x42,0x08,0x42,0x08,0x83,0x10,0x62,0x08,0x42,0x08,0x42,0x08,0x42,0x08,0x42,0x08,0x42,0x08,0x62,0x08,0x42,0x08,
  0x42,0x08,0x62,0x08,0x62,0x08,0x62,0x08,0x62,0x08,0x42,0x08,0x83,0x10,0xA3,0x10,0xC3,0x18,0xD6,0x9D,0xF9,0xAE,0xB8,0xA6,
  0x3A,0xB7,0x70,0x74,0x01,0x00,0x82,0x08,0x42,0x08,0x41,0x08,0x42,0x08,0xA3,0x18,0xB1,0x5C,0x73,0x4D,0xF6,0x7D,0x77,0x96,
  0x57,0x96,0x37,0x8E,0x73,0x55,0x32,0x3D,0x8E,0x53,0xC3,0x18,0x82,0x10,0x69,0x3A,0x53,0x45,0xD5,0x75,0x77,0x96,0x57,0x96,
  0x77,0x96,0x94,0x5D,0xD4,0x5D,0x69,0x3A,0x42,0x08,0x62,0x08,0x62,0x08,0x82,0x08,0x62,0x08,0xA7,0x31,0xB8,0xA6,0xB8,0x9E,
  0xB8,0x9E,0xFA,0xAE,0x29,0x3A,0x01,0x00,0x83,0x10,0x62,0x08,0x62,0x08,0x42,0x08,0x62,0x08,0x62,0x08,0x42,0x08,0x42,0x08,
  0x62,0x08,0x62,0x08,0x62,0x08,0x42,0x08,0x62,0x08,0x62,0x08,0x62,0x08,0x62,0x08,0x62,0x08,0x82,0x08,0x62,0x08,0x62,0x10,
  0x83,0x10,0x42,0x08,0x8E,0x63,0x0C,0x5B,0x41,0x08,0xC4,0x18,0x42,0x08,0x62,0x08,0x62,0x08,0x62,0x08,0x42,0x08,0x42,0x08,
  0x62,0x08,0x62,0x08,0x62,0x08,0x62,0x08,0x62,0x08,0x62,0x08,0x62,0x08,0x62,0x08,0x62,0x08,0x62,0x08,0x42,0x08,0x42,0x08,
  0x62,0x08,0x82,0x10,0x00,0x00,0x0C,0x53,0x3A,0xB7,0xB8,0xA6,0xF9,0xAE,0x16,0x9E,0xA3,0x10,0x62,0x08,0x83,0x10,0xA3,0x10,
  0xC3,0x10,0x42,0x08,0x2C,0x4B,0x94,0x55,0x94,0x65,0x57,0x96,0x57,0x8E,0x57,0x96,0xD5,0x6D,0x53,0x4D,0xA7,0x31,0x42,0x08,
  0xA3,0x18,0xAE,0x4B,0x73,0x45,0x16,0x7E,0x77,0x8E,0x77,0x96,0x36,0x86,0x94,0x55,0x53,0x65,0x05,0x21,0x82,0x08,0x62,0x08,
  0x62,0x08,0x83,0x10,0x42,0x08,0xEC,0x52,0x1A,0xAF,0x98,0x9E,0xD9,0xA6,0xF6,0x9D,0xE4,0x18,0x41,0x00,0x82,0x10,0x82,0x08,
  0x62,0x08,0x42,0x08,0x62,0x08,0x62,0x08,0x62,0x08,0x42,0x08,0x42,0x08,0x62,0x08,0x62,0x08,0x62,0x08,0x62,0x08,0x62,0x08,
  0x62,0x08,0x42,0x08,0x42,0x08,0x42,0x08,0xC3,0x18,0x4D,0x4B,0xCF,0x53,0x05,0x21,0x42,0x08,0x62,0x08,0xA3,0x10,0xA3,0x10,
  0x62,0x08,0x42,0x08,0x62,0x08,0x42,0x08,0x62,0x08,0x62,0x08,0x62,0x08,0x62,0x08,0x62,0x08,0x62,0x08,0x62,0x08,0x42,0x08,
  0x62,0x08,0x62,0x08,0x42,0x08,0x42,0x08,0x42,0x08,0x42,0x08,0x42,0x08,0x42,0x08,0x21,0x00,0x45,0x21,0x98,0xAE,0xD9,0xA6,
  0xB8,0xA6,0xD9,0xAE,0xE8,0x31,0x42,0x08,0xA3,0x10,0xA3,0x10,0xA3,0x10,0x62,0x08,0x08,0x3A,0x94,0x65,0x73,0x55,0x37,0x8E,
  0x57,0x8E,0x57,0x96,0x16,0x7E,0x94,0x45,0xEB,0x42,0x42,0x10,0x04,0x21,0x70,0x44,0x73,0x4D,0x36,0x86,0x57,0x8E,0x77,0x96,
  0xF5,0x75,0xB4,0x55,0x0F,0x5C,0x62,0x10,0x83,0x10,0x42,0x08,0x62,0x08,0x83,0x10,0x42,0x08,0x50,0x74,0x1A,0xAF,0x98,0x9E,
  0x1A,0xA7,0x50,0x74,0x42,0x08,0x82,0x08,0x83,0x10,0x82,0x08,0x62,0x08,0x62,0x08,0x62,0x08,0x62,0x08,0x62,0x08,0x62,0x08,
  0x62,0x08,0x62,0x08,0x62,0x08,0x62,0x08,0x62,0x08,0x62,0x08,0x62,0x08,0x62,0x08,0x82,0x08,0x21,0x00,0x29,0x3A,0x94,0x4D,
  0xB4,0x45,0xCB,0x42,0x42,0x08,0x82,0x08,0x62,0x08,0x62,0x08,0x62,0x08,0x62,0x08,0x62,0x08,0x62,0x08,0x62,0x08,0x62,0x08,
  0x62,0x08,0x62,0x08,0x62,0x08,0x62,0x08,0x62,0x08,0x62,0x08,0x62,0x08,0x42,0x08,0x62,0x08,0x62,0x08,0x62,0x08,0x62,0x08,
  0x62,0x08,0x62,0x08,0x62,0x08,0x42,0x08,0x74,0x8D,0x1A,0xAF,0x98,0x9E,0x1A,0xAF,0x4D,0x5B,0x42,0x08,0x83,0x10,0x82,0x08,
  0x82,0x08,0xE4,0x18,0x04,0x21,0xB1,0x5C,0x94,0x55,0x16,0x7E,0x57,0x96,0x57,0x8E,0x36,0x86,0xB4,0x4D,0xCE,0x43,0x83,0x18,
  0x86,0x29,0xF2,0x44,0x94,0x5D,0x56,0x86,0x57,0x8E,0x57,0x8E,0x94,0x65,0xD5,0x5D,0xCB,0x42,0x42,0x08,0x82,0x08,0x42,0x08,
  0x62,0x08,0x62,0x08,0x62,0x08,0x34,0x8D,0xF9,0xA6,0x98,0x9E,0x1A,0xAF,0x4D,0x5B,0x01,0x00,0x62,0x08,0x62,0x08,0x62,0x08,
  0x62,0x08,0x62,0x08,0x62,0x08,0x62,0x08,0x62,0x08,0x42,0x08,0x62,0x08,0x62,0x08,0x62,0x08,0x62,0x08,0x62,0x08,0x62,0x08,
  0x62,0x08,0x62,0x08,0x82,0x08,0x21,0x08,0xCB,0x3A,0x53,0x3D,0x53,0x3D,0x8D,0x43,0x21,0x08,0x62,0x08,0x62,0x08,0x62,0x08,
  0x62,0x08,0x62,0x08,0x62,0x08,0x62,0x08,0x62,0x08,0x62,0x08,0x62,0x08,0x62,0x08,0x62,0x08,0x62,0x08,0x62,0x08,0x62,0x08,
  0x42,0x08,0x42,0x08,0x62,0x08,0x42,0x08,0x62,0x08,0x62,0x08,0x42,0x08,0x62,0x08,0x62,0x08,0x01,0x00,0x30,0x74,0x1A,0xAF,
  0x98,0x9E,0x1A,0xAF,0x70,0x74,0x42,0x08,0xC3,0x10,0x82,0x08,0x82,0x10,0x04,0x19,0x62,0x08,0x6D,0x53,0xD5,0x5D,0xD5,0x6D,
  0x57,0x8E,0x57,0x8E,0x37,0x8E,0x94,0x55,0xB1,0x44,0x46,0x29,0x49,0x3A,0x53,0x45,0xD5,0x6D,0x37,0x8E,0x36,0x8E,0x36,0x86,
  0x74,0x55,0x94,0x65,0xC7,0x31,0x42,0x08,0x82,0x08,0x62,0x08,0x62,0x08,0x42,0x08,0x62,0x08,0x95,0x8D,0xF9,0xA6,0x98,0x9E,
  0x19,0xAF,0xAB,0x4A,0x01,0x00,0x62,0x08,0x42,0x08,0x42,0x08,0x62,0x08,0x42,0x08,0x62,0x08,0x62,0x08,0x62,0x08,0x62,0x08,
  0x62,0x08,0x62,0x08,0x62,0x08,0x62,0x08,0x62,0x08,0x62,0x08,0x62,0x08,0x42,0x08,0x82,0x08,0x83,0x10,0x0F,0x4C,0x33,0x35,
  0x53,0x3D,0x0F,0x4C,0x62,0x10,0x62,0x08,0x62,0x08,0x62,0x08,0x62,0x08,0x62,0x08,0x62,0x08,0x62,0x08,0x62,0x08,0x62,0x08,
  0x62,0x08,0x62,0x08,0x62,0x08,0x62,0x08,0x62,0x08,0x62,0x08,0x42,0x08,0x42,0x08,0x42,0x08,0x42,0x08,0x42,0x08,0x42,0x08,
  0x62,0x08,0x42,0x08,0x62,0x08,0x00,0x00,0xAE,0x63,0x1A,0xAF,0x78,0x9E,0x1A,0xA7,0xB2,0x7C,0x42,0x08,0xA3,0x10,0x62,0x08,
  0x82,0x10,0xA3,0x10,0x21,0x00,0x49,0x3A,0xD5,0x65,0xB4,0x5D,0x57,0x8E,0x37,0x8E,0x37,0x8E,0xB4,0x5D,0x13,0x45,0x29,0x3A,
  0xEB,0x3A,0x73,0x45,0xF5,0x75,0x36,0x8E,0x36,0x86,0x16,0x7E,0x93,0x55,0x33,0x65,0x04,0x21,0xA3,0x10,0xA3,0x10,0x62,0x08,
  0x62,0x08,0x62,0x08,0x83,0x10,0x95,0x8D,0xF9,0xA6,0x98,0x9E,0xD9,0xA6,0x29,0x3A,0x21,0x00,0x62,0x08,0x62,0x08,0x62,0x08,
  0x62,0x08,0x62,0x08,0x62,0x08,0x62,0x08,0x62,0x08,0x62,0x08,0x62,0x08,0x62,0x08,0x62,0x08,0x62,0x08,0x62,0x08,0x62,0x08,
  0x42,0x08,0x62,0x08,0x62,0x08,0x45,0x29,0xD2,0x54,0x12,0x35,0x12,0x35,0xD2,0x4C,0xE4,0x18,0x42,0x08,0x82,0x08,0x62,0x08,
  0x62,0x08,0x62,0x08,0x62,0x08,0x62,0x08,0x62,0x08,0x62,0x08,0x62,0x08,0x42,0x08,0x62,0x08,0x62,0x08,0x62,0x08,0x62,0x08,
  0x42,0x08,0x42,0x08,0x62,0x08,0x62,0x08,0x42,0x08,0x62,0x08,0x42,0x08,0x62,0x08,0x62,0x08,0x01,0x00,0x4D,0x5B,0x1A,0xA7,
  0x78,0x9E,0xF9,0xA6,0x13,0x85,0x62,0x10,0x83,0x10,0xA3,0x10,0xA3,0x10,0x62,0x08,0x41,0x00,0x25,0x21,0x94,0x6D,0xB4,0x5D,
  0x36,0x86,0x36,0x86,0x36,0x8E,0xD5,0x6D,0x33,0x45,0xAA,0x42,0xCE,0x43,0x73,0x4D,0x16,0x7E,0x36,0x86,0x36,0x86,0xF5,0x75,
  0xB4,0x55,0x91,0x64,0x83,0x10,0xA3,0x10,0xA3,0x10,0x62,0x08,0x62,0x08,0x42,0x08,0x62,0x10,0x94,0x8D,0xD9,0xA6,0x98,0x9E,
  0xD9,0xA6,0x08,0x3A,0x21,0x00,0x62,0x08,0x62,0x08,0x62,0x08,0x62,0x08,0x62,0x08,0x62,0x08,0x62,0x08,0x62,0x08,0x62,0x08,
  0x62,0x08,0x62,0x08,0x62,0x08,0x62,0x08,0x62,0x08,0x62,0x08,0x62,0x08,0x62,0x08,0x21,0x08,0xC7,0x31,0x33,0x45,0xF2,0x34,
  0xF2,0x34,0x12,0x45,0xA7,0x31,0x62,0x08,0x82,0x08,0x62,0x08,0x62,0x08,0x62,0x08,0x62,0x08,0x62,0x08,0x62,0x08,0x62,0x08,
  0x83,0x10,0x62,0x08,0x62,0x08,0x62,0x08,0x62,0x08,0x62,0x08,0x82,0x10,0x62,0x08,0x62,0x08,0x62,0x08,0x62,0x08,0x62,0x08,
  0x62,0x08,0x62,0x08,0x82,0x08,0x01,0x00,0x0C,0x53,0xF9,0xA6,0x78,0x9E,0xF9,0xA6,0xF2,0x7C,0x42,0x08,0x62,0x08,0x82,0x08,
  0x62,0x08,0x42,0x08,0x42,0x08,0x83,0x10,0xF2,0x64,0xD4,0x5D,0x16,0x7E,0x16,0x86,0x16,0x86,0xD5,0x75,0x53,0x45,0x4D,0x43,
  0x71,0x4C,0x74,0x4D,0x16,0x7E,0x36,0x86,0x36,0x86,0xD5,0x6D,0xD5,0x5D,0xCE,0x5B,0x42,0x08,0xA3,0x10,0xC3,0x18,0x62,0x08,
  0x42,0x08,0x42,0x08,0x62,0x10,0x74,0x8D,0xD9,0xA6,0x77,0x9E,0xF9,0xAE,0x6A,0x42,0x21,0x00,0x62,0x08,0x62,0x08,0x62,0x08,
  0x62,0x08,0x62,0x08,0x82,0x08,0x62,0x08,0x62,0x08,0x42,0x08,0x62,0x08,0x42,0x08,0x62,0x08,0x62,0x08,0x62,0x08,0x62,0x08,
  0x42,0x08,0x62,0x08,0x01,0x00,0x8A,0x3A,0x73,0x45,0xF2,0x2C,0xF1,0x34,0x33,0x45,0x49,0x3A,0x62,0x10,0x82,0x10,0x62,0x08,
  0x62,0x08,0x62,0x08,0x62,0x08,0x82,0x08,0x62,0x08,0x62,0x08,0xA3,0x10,0x62,0x08,0x42,0x08,0x42,0x08,0x62,0x08,0x42,0x08,
  0x83,0x10,0x83,0x10,0x62,0x08,0x62,0x08,0x62,0x08,0x62,0x08,0x62,0x08,0x62,0x08,0x62,0x08,0x00,0x00,0x6D,0x5B,0x19,0xAF,
  0x77,0x96,0xF9,0xA6,0x91,0x74,0x21,0x08,0x62,0x08,0x62,0x08,0x42,0x08,0x42,0x08,0x62,0x08,0x21,0x08,0x4F,0x5C,0xD4,0x5D,
  0xF5,0x75,0x16,0x86,0x16,0x86,0xF5,0x7D,0x74,0x4D,0xCF,0x4B,0xD2,0x44,0x73,0x55,0x16,0x7E,0x16,0x7E,0x36,0x86,0xB4,0x6D,
  0xF5,0x65,0x0B,0x4B,0x21,0x00,0x83,0x10,0xA3,0x10,0x62,0x08,0x42,0x08,0x62,0x08,0x42,0x08,0x13,0x85,0xF9,0xA6,0x77,0x9E,
  0x19,0xA7,0x0C,0x53,0x01,0x00,0x82,0x08,0x42,0x08,0x62,0x08,0x62,0x08,0x62,0x08,0x62,0x08,0x62,0x08,0x62,0x08,0x62,0x08,
  0x62,0x08,0x42,0x08,0x42,0x08,0x62,0x08,0x62,0x08,0x42,0x08,0x42,0x08,0x62,0x08,0x21,0x08,0xAE,0x4B,0x53,0x3D,0x33,0x45,
  0x12,0x3D,0x53,0x3D,0x0C,0x43,0x83,0x10,0x83,0x10,0x62,0x08,0x62,0x08,0x42,0x08,0x62,0x08,0x01,0x00,0x00,0x00,0x21,0x00,
  0x83,0x10,0x62,0x08,0x42,0x08,0x42,0x08,0x42,0x08,0x42,0x08,0xA3,0x10,0x83,0x10,0x62,0x08,0x62,0x08,0x62,0x08,0x62,0x08,
  0x62,0x08,0x62,0x08,0x82,0x08,0x01,0x00,0x0F,0x64,0x19,0xA7,0x77,0x96,0x19,0xA7,0x30,0x6C,0x21,0x00,0x62,0x08,0x62,0x08,
  0x62,0x08,0x62,0x08,0x62,0x08,0x21,0x08,0xCE,0x53,0xD5,0x5D,0xD4,0x6D,0x16,0x86,0x16,0x86,0x15,0x7E,0x73,0x4D,0x71,0x4C,
  0x33,0x4D,0x73,0x55,0x16,0x7E,0x16,0x7E,0x16,0x7E,0xB4,0x65,0xF5,0x6D,0xAA,0x42,0x01,0x00,0x62,0x08,0x82,0x08,0x62,0x08,
  0x62,0x08,0x62,0x08,0x21,0x00,0x0F,0x6C,0xF9,0xA6,0x57,0x9E,0xF9,0xA6,0x2F,0x6C,0x01,0x00,0x62,0x08,0x82,0x08,0x62,0x08,
  0x62,0x08,0x62,0x08,0x62,0x08,0x62,0x08,0x62,0x08,0x42,0x08,0x62,0x08,0x62,0x08,0x62,0x08,0x62,0x08,0x62,0x08,0x82,0x10,
  0x62,0x08,0x42,0x08,0x62,0x10,0x90,0x4C,0x33,0x2D,0xF3,0x5C,0xF2,0x4C,0x33,0x35,0xAE,0x4B,0x83,0x18,0xA3,0x10,0x62,0x08,
  0x82,0x08,0x83,0x10,0x41,0x08,0x29,0x32,0x4D,0x4B,0xE4,0x18,0x62,0x08,0x62,0x08,0x62,0x08,0x62,0x08,0x62,0x08,0x62,0x08,
  0x62,0x08,0x82,0x08,0x62,0x08,0x62,0x08,0x62,0x08,0x62,0x08,0x62,0x08,0x42,0x08,0x62,0x08,0x42,0x08,0x13,0x85,0xF9,0xA6,
  0x77,0x9E,0x19,0xAF,0x2C,0x53,0x01,0x00,0x62,0x08,0x62,0x08,0x62,0x08,0x62,0x08,0x62,0x08,0x21,0x08,0x6D,0x53,0xF5,0x65,
  0xB4,0x6D,0x16,0x7E,0x16,0x7E,0x15,0x7E,0x73,0x4D,0xD2,0x4C,0x12,0x45,0x93,0x55,0x15,0x7E,0xF6,0x7D,0x15,0x7E,0xB4,0x65,
  0xD4,0x65,0xE7,0x31,0x01,0x00,0x62,0x08,0x62,0x08,0x62,0x08,0x62,0x08,0x82,0x08,0x01,0x00,0xCB,0x4A,0xF9,0xA6,0x77,0x96,
  0xB9,0x9E,0x74,0x8D,0x83,0x10,0x82,0x08,0xA3,0x10,0x62,0x08,0x62,0x08,0x42,0x08,0x62,0x08,0x62,0x08,0x62,0x08,0x62,0x08,
  0x62,0x08,0x62,0x08,0x62,0x08,0xC3,0x18,0xC4,0x18,0xA3,0x10,0xA3,0x10,0x21,0x00,0x04,0x21,0x12,0x4D,0x53,0x35,0xEF,0x53,
  0x30,0x4C,0x53,0x2D,0x50,0x4C,0xE4,0x20,0xC4,0x18,0x82,0x10,0xA3,0x10,0x82,0x10,0x05,0x21,0x13,0x55,0xD5,0x45,0xAE,0x53,
  0x21,0x08,0x62,0x08,0x62,0x08,0x62,0x08,0x62,0x08,0x62,0x08,0x62,0x08,0x62,0x08,0x62,0x08,0x62,0x08,0x62,0x08,0x62,0x08,
  0x42,0x08,0x62,0x08,0x42,0x08,0xE4,0x18,0x16,0x9E,0xB8,0x9E,0x77,0x96,0xD9,0xA6,0x28,0x3A,0x21,0x00,0x62,0x08,0x62,0x08,
  0x62,0x08,0x62,0x08,0x82,0x08,0x21,0x00,0xCB,0x42,0xF5,0x65,0xB4,0x65,0xF5,0x7D,0xF5,0x7D,0x15,0x7E,0x73,0x4D,0xD1,0x44,
  0xF2,0x3C,0x93,0x55,0xF5,0x75,0xF5,0x75,0xF5,0x75,0xB4,0x65,0xD5,0x6D,0x86,0x29,0x01,0x00,0x62,0x08,0x62,0x08,0x42,0x08,
  0x42,0x08,0x82,0x08,0x21,0x00,0xA7,0x31,0x98,0x9E,0x77,0x96,0x98,0x96,0x98,0x9E,0xC7,0x31,0x62,0x08,0xC3,0x10,0xA3,0x10,
  0x82,0x10,0x83,0x10,0x82,0x10,0x62,0x08,0x42,0x08,0x42,0x08,0x62,0x08,0x41,0x00,0xE4,0x18,0x70,0x54,0x91,0x5C,0x66,0x29,
  0xA3,0x10,0x62,0x08,0x29,0x3A,0x53,0x45,0x73,0x3D,0x8A,0x3A,0xAE,0x43,0x73,0x35,0xF2,0x4C,0x25,0x21,0xA3,0x10,0xA3,0x10,
  0xA3,0x10,0x62,0x08,0x49,0x3A,0x54,0x45,0x12,0x2D,0xD1,0x4C,0xC4,0x18,0x42,0x08,0x62,0x08,0x62,0x08,0x62,0x08,0x62,0x08,
  0x62,0x08,0x62,0x08,0x62,0x08,0x62,0x08,0x62,0x08,0x62,0x08,0x62,0x08,0x82,0x10,0x21,0x00,0x49,0x42,0xD9,0xA6,0x77,0x96,
  0xB8,0x9E,0x37,0x9E,0x05,0x21,0x21,0x00,0x62,0x08,0x62,0x08,0x62,0x08,0x62,0x08,0x82,0x08,0x21,0x00,0xEB,0x4A,0x16,0x6E,
  0xB4,0x65,0xF5,0x75,0xF5,0x75,0xF5,0x75,0x73,0x4D,0x53,0x4D,0xF2,0x3C,0x73,0x55,0xF5,0x75,0xF5,0x75,0xF5,0x75,0xB4,0x65,
  0xF5,0x6D,0xA7,0x29,0x21,0x00,0x62,0x08,0x62,0x08,0x62,0x08,0x62,0x08,0x62,0x08,0x62,0x08,0xA3,0x10,0xB5,0x8D,0xB8,0x96,
  0x57,0x96,0xD9,0x9E,0x8E,0x63,0x42,0x08,0xE4,0x18,0xA3,0x10,0x82,0x10,0x82,0x08,0x62,0x08,0x62,0x08,0x62,0x08,0x62,0x08,
  0xA3,0x10,0x01,0x00,0xCB,0x3A,0x73,0x3D,0x53,0x3D,0x2C,0x4B,0xA3,0x18,0xE4,0x20,0x8D,0x4B,0x33,0x35,0x33,0x45,0x25,0x21,
  0x0B,0x3B,0x74,0x3D,0x33,0x45,0xA7,0x29,0x62,0x10,0xA3,0x10,0xC4,0x18,0xA3,0x18,0x6D,0x4B,0x53,0x3D,0xF2,0x34,0x53,0x45,
  0x8A,0x3A,0x62,0x10,0xA3,0x10,0x62,0x08,0x62,0x08,0x62,0x08,0x62,0x08,0x62,0x08,0x42,0x08,0x62,0x08,0x62,0x08,0x62,0x08,
  0x62,0x08,0xA3,0x10,0x21,0x08,0x50,0x6C,0xD9,0x9E,0x57,0x96,0xD9,0x9E,0x13,0x85,0x42,0x08,0x62,0x08,0x42,0x08,0x62,0x08,
  0x62,0x08,0x62,0x08,0x82,0x08,0x00,0x00,0x8A,0x42,0x15,0x6E,0xB4,0x65,0xF5,0x75,0xF5,0x75,0xF5,0x75,0x53,0x4D,0x53,0x4D,
  0xF2,0x3C,0x73,0x55,0xF5,0x75,0xD5,0x75,0xD5,0x75,0xB4,0x65,0xF5,0x75,0xA7,0x29,0x21,0x00,0x62,0x08,0x62,0x08,0x62,0x08,
  0x62,0x08,0x62,0x08,0x83,0x10,0x21,0x08,0x30,0x6C,0x19,0xA7,0x97,0x96,0xD8,0x96,0x16,0x96,0x25,0x21,0x83,0x10,0x82,0x08,
  0x62,0x08,0x42,0x08,0x42,0x08,0x62,0x08,0x62,0x08,0x82,0x10,0x82,0x08,0xE4,0x20,0xB1,0x4C,0x32,0x35,0x33,0x3D,0x70,0x4C,
  0xE4,0x20,0xE4,0x20,0x30,0x4C,0x32,0x2D,0xD2,0x4C,0x83,0x18,0x69,0x32,0x73,0x3D,0x53,0x3D,0x49,0x3A,0x21,0x08,0x83,0x10,
  0xA3,0x10,0x05,0x21,0x71,0x54,0x12,0x35,0xF1,0x34,0x32,0x35,0x2F,0x4C,0xA3,0x18,0xC3,0x10,0x62,0x08,0x42,0x08,0x62,0x08,
  0x62,0x08,0x62,0x08,0x62,0x08,0x42,0x08,0x62,0x08,0x62,0x08,0x82,0x08,0x62,0x08,0xC7,0x31,0x98,0x9E,0xB8,0x96,0x97,0x96,
  0x1A,0xA7,0x2C,0x5B,0x01,0x00,0x83,0x10,0x62,0x08,0x62,0x08,0x62,0x08,0x62,0x08,0x62,0x08,0x00,0x00,0x28,0x3A,0xF5,0x75,
  0xB4,0x65,0xD5,0x75,0xD5,0x75,0xD5,0x75,0x53,0x4D,0x53,0x4D,0xF2,0x3C,0x73,0x4D,0xD5,0x75,0xD5,0x75,0xD5,0x75,0xB4,0x65,
  0xF5,0x75,0xA6,0x29,0x21,0x00,0x62,0x08,0x62,0x08,0x62,0x08,0x42,0x08,0x62,0x08,0xA3,0x10,0x82,0x08,0x49,0x42,0xD5,0x8D,
  0xB5,0x85,0xB5,0x85,0xF6,0x95,0x8A,0x4A,0x62,0x08,0x83,0x10,0x62,0x08,0x62,0x08,0x62,0x08,0x42,0x08,0x42,0x08,0x82,0x08,
  0x21,0x08,0xEB,0x42,0x53,0x3D,0xD1,0x34,0xF2,0x34,0x53,0x4D,0xE8,0x31,0xE4,0x20,0xD1,0x4C,0x33,0x2D,0x30,0x4C,0x83,0x18,
  0xC7,0x29,0x33,0x45,0x73,0x3D,0x4D,0x43,0x42,0x08,0x82,0x08,0x42,0x08,0xA7,0x31,0x12,0x4D,0xF1,0x34,0x33,0x4D,0xF1,0x34,
  0x32,0x45,0x86,0x29,0x42,0x08,0x62,0x08,0x42,0x08,0x62,0x08,0x42,0x08,0x42,0x08,0x42,0x08,0x62,0x08,0x62,0x08,0x62,0x08,
  0x83,0x10,0x41,0x00,0x0C,0x53,0x16,0x96,0x94,0x85,0xD5,0x85,0xB5,0x8D,0xA7,0x29,0x62,0x08,0x82,0x08,0x62,0x08,0x62,0x08,
  0x62,0x08,0x62,0x08,0x62,0x08,0x00,0x00,0x6A,0x42,0x36,0x76,0xB4,0x6D,0xD5,0x75,0xD5,0x75,0xD5,0x75,0x52,0x45,0x33,0x4D,
  0x12,0x45,0x53,0x4D,0xD4,0x6D,0xD5,0x6D,0xD4,0x6D,0xB4,0x65,0xF5,0x75,0xC7,0x29,0x21,0x00,0x82,0x08,0x62,0x08,0x62,0x10,
  0x62,0x10,0x62,0x10,0xA3,0x18,0xE4,0x20,0xC4,0x20,0xE4,0x20,0xE4,0x20,0xC4,0x20,0xA3,0x18,0x83,0x18,0x83,0x10,0x62,0x10,
  0x62,0x10,0x42,0x10,0x42,0x08,0x42,0x08,0x42,0x08,0x62,0x10,0xC4,0x20,0xB1,0x54,0x12,0x35,0x33,0x4D,0x12,0x45,0x53,0x3D,
  0x2C,0x3B,0x86,0x29,0x53,0x4D,0x53,0x3D,0x2C,0x43,0x83,0x10,0x86,0x31,0xF2,0x4C,0x53,0x35,0x0F,0x4C,0x62,0x10,0x82,0x08,
  0x21,0x08,0x69,0x3A,0x53,0x3D,0xF1,0x3C,0x92,0x6C,0xF2,0x3C,0x73,0x3D,0x6D,0x4B,0x42,0x10,0x62,0x10,0x62,0x10,0x62,0x10,
  0x62,0x10,0x62,0x10,0x62,0x10,0x62,0x10,0x42,0x10,0x62,0x10,0x62,0x10,0x42,0x10,0x83,0x10,0xA3,0x18,0xC4,0x20,0xE4,0x20,
  0xE4,0x20,0xC4,0x18,0xE4,0x20,0xC3,0x18,0x62,0x10,0x83,0x10,0x62,0x08,0x62,0x08,0xA3,0x10,0x01,0x00,0xAA,0x42,0x36,0x76,
  0xB4,0x6D,0xD4,0x6D,0xD5,0x6D,0xD4,0x6D,0x52,0x45,0xB1,0x44,0x33,0x4D,0x52,0x45,0xD4,0x6D,0xD4,0x6D,0xD4,0x6D,0xB4,0x65,
  0x36,0x76,0x8A,0x42,0x21,0x00,0xC4,0x18,0xC3,0x18,0xCB,0x42,0x2F,0x4C,0x0F,0x44,0x0F,0x4C,0x30,0x4C,0x2F,0x4C,0x0F,0x44,
  0xEE,0x43,0xEE,0x43,0xCE,0x43,0xEE,0x43,0x0F,0x44,0x0F,0x44,0x0F,0x4C,0x0F,0x4C,0xEF,0x43,0xEF,0x43,0xEF,0x43,0x0F,0x4C,
  0x91,0x54,0x12,0x45,0x32,0x35,0xEF,0x53,0x50,0x54,0x32,0x2D,0x90,0x4C,0x6D,0x5B,0x53,0x3D,0x73,0x45,0x28,0x32,0x62,0x08,
  0x04,0x21,0x91,0x4C,0x33,0x35,0x90,0x4C,0xE4,0x20,0x82,0x08,0x62,0x10,0xAE,0x4B,0x53,0x35,0xF2,0x44,0xA7,0x31,0xB1,0x4C,
  0x33,0x35,0x12,0x4D,0x30,0x54,0x30,0x4C,0x30,0x4C,0x30,0x4C,0x30,0x4C,0x30,0x4C,0x30,0x4C,0x0F,0x44,0xEF,0x43,0x0F,0x44,
  0xEF,0x43,0xEE,0x43,0xCE,0x43,0xCE,0x43,0x0F,0x44,0x0F,0x44,0x0F,0x4C,0x30,0x4C,0x30,0x4C,0x2F,0x4C,0x0F,0x4C,0x2F,0x4C,
  0x2C,0x4B,0x04,0x21,0xC4,0x18,0x21,0x08,0x0C,0x4B,0x36,0x76,0xB4,0x6D,0xD4,0x6D,0xD4,0x6D,0xD4,0x6D,0x52,0x45,0xB2,0x4C,
  0xD1,0x4C,0x53,0x45,0xB4,0x65,0xD4,0x6D,0xD4,0x6D,0xB4,0x6D,0x36,0x76,0xEB,0x4A,0x62,0x08,0xA3,0x10,0x45,0x29,0x33,0x55,
  0x53,0x2D,0x52,0x35,0x53,0x2D,0x52,0x35,0x52,0x35,0x53,0x35,0x53,0x35,0x53,0x35,0x73,0x35,0x73,0x35,0x73,0x35,0x73,0x35,
  0x53,0x35,0x53,0x35,0x53,0x35,0x53,0x35,0x53,0x35,0x53,0x35,0x33,0x2D,0x33,0x2D,0x74,0x55,0x05,0x21,0xCA,0x3A,0x73,0x3D,
  0x12,0x3D,0x34,0x5D,0x12,0x2D,0x12,0x4D,0x25,0x21,0x62,0x08,0x83,0x10,0xEF,0x4B,0x33,0x35,0xD2,0x44,0x86,0x31,0x82,0x08,
  0xE4,0x20,0xD2,0x54,0x73,0x35,0x70,0x4C,0x62,0x18,0x8E,0x4B,0x94,0x3D,0x32,0x2D,0x53,0x35,0x53,0x35,0x53,0x35,0x53,0x35,
  0x53,0x2D,0x53,0x35,0x53,0x35,0x73,0x35,0x73,0x35,0x73,0x35,0x73,0x35,0x73,0x35,0x73,0x35,0x53,0x35,0x53,0x35,0x53,0x35,
  0x53,0x35,0x53,0x35,0x53,0x35,0x53,0x35,0x53,0x35,0x53,0x2D,0x74,0x4D,0xC7,0x39,0xA3,0x10,0x41,0x08,0xCE,0x5B,0x36,0x76,
  0xB4,0x6D,0xD4,0x6D,0xD4,0x6D,0xB4,0x65,0x53,0x45,0x50,0x4C,0x70,0x4C,0x53,0x45,0xB4,0x65,0xD4,0x6D,0xB4,0x65,0xB4,0x6D,
  0x35,0x6E,0xAE,0x5B,0x62,0x10,0xC3,0x10,0xA3,0x18,0x4D,0x43,0xD2,0x4C,0xB1,0x4C,0xB1,0x4C,0xB1,0x4C,0xB1,0x4C,0xB1,0x54,
  0xB1,0x4C,0x91,0x4C,0x91,0x4C,0xB1,0x4C,0xB1,0x4C,0xB1,0x4C,0xD2,0x4C,0xB2,0x54,0xB1,0x54,0xB2,0x54,0xB2,0x54,0xB1,0x4C,
  0xB1,0x54,0xD2,0x54,0x0C,0x43,0x42,0x08,0x87,0x29,0x33,0x4D,0x12,0x35,0x12,0x35,0x33,0x35,0x70,0x4C,0xE4,0x20,0xA3,0x10,
  0x62,0x10,0xCB,0x3A,0x53,0x3D,0x12,0x3D,0x08,0x32,0x82,0x10,0xE7,0x31,0x33,0x45,0x53,0x35,0x6C,0x43,0x21,0x08,0x45,0x21,
  0x70,0x54,0xD1,0x4C,0xB1,0x4C,0xB1,0x4C,0x91,0x4C,0x91,0x4C,0xB1,0x4C,0xB1,0x4C,0xB1,0x4C,0xB1,0x4C,0xB1,0x4C,0xB1,0x4C,
  0x91,0x4C,0xB1,0x4C,0x91,0x4C,0xB1,0x4C,0x91,0x4C,0xB2,0x4C,0xB2,0x4C,0xB1,0x4C,0xB1,0x4C,0xB1,0x4C,0xB1,0x4C,0xB1,0x54,
  0xCE,0x53,0x04,0x21,0xA3,0x10,0x62,0x10,0x2F,0x64,0x15,0x6E,0xB4,0x6D,0xD4,0x65,0xD4,0x6D,0x94,0x65,0x53,0x45,0xAE,0x43,
  0xCE,0x4B,0x73,0x45,0x94,0x5D,0xB4,0x65,0xB4,0x65,0xB4,0x65,0x15,0x6E,0x50,0x64,0x62,0x10,0xC3,0x10,0x62,0x08,0x62,0x10,
  0xC4,0x20,0xC3,0x18,0xC4,0x18,0xC4,0x18,0xE4,0x20,0xE4,0x20,0xC3,0x18,0xC3,0x18,0xA3,0x18,0xA3,0x18,0xA3,0x18,0xC4,0x20,
  0xC4,0x20,0xC4,0x18,0x05,0x21,0x05,0x21,0x04,0x21,0xE4,0x20,0xE4,0x20,0xC3,0x18,0x42,0x08,0x83,0x08,0x83,0x18,0x30,0x4C,
  0x53,0x35,0xF2,0x34,0x53,0x35,0xAE,0x4B,0x83,0x18,0xC3,0x10,0x41,0x08,0xE7,0x29,0x53,0x45,0x74,0x3D,0xCB,0x3A,0x01,0x08,
  0xEB,0x42,0x33,0x3D,0x33,0x45,0x8A,0x42,0x62,0x10,0xC3,0x10,0xA3,0x18,0xE4,0x20,0xC4,0x18,0xC3,0x18,0xC3,0x18,0xC4,0x18,
  0xE4,0x20,0x04,0x21,0x05,0x21,0x04,0x21,0xC3,0x18,0xA3,0x18,0xA3,0x18,0xA3,0x18,0x83,0x18,0xC3,0x18,0xC3,0x18,0xE4,0x18,
  0x04,0x21,0xE4,0x20,0xC3,0x18,0xC3,0x18,0xE4,0x20,0xE4,0x20,0x82,0x10,0xA3,0x10,0x62,0x08,0x83,0x10,0xF2,0x6C,0xF5,0x6D,
  0xB4,0x65,0xB4,0x65,0xB4,0x6D,0x94,0x5D,0x53,0x45,0x0B,0x43,0xEB,0x42,0x53,0x45,0x73,0x55,0xB4,0x65,0xB4,0x65,0xB4,0x65,
  0xF5,0x6D,0x53,0x75,0xE4,0x18,0xA3,0x10,0xA3,0x10,0x82,0x10,0x62,0x08,0x82,0x08,0xA3,0x10,0xA3,0x10,0xA3,0x10,0x62,0x08,
  0x42,0x08,0x04,0x21,0xD2,0x7C,0x12,0x75,0xD2,0x74,0x33,0x7D,0xD2,0x7C,0xA7,0x31,0xA3,0x10,0xA3,0x10,0x82,0x08,0x62,0x08,
  0x82,0x08,0x82,0x08,0xC3,0x10,0xE4,0x18,0x62,0x10,0x8A,0x42,0x53,0x45,0xF2,0x34,0x73,0x45,0xAA,0x3A,0x42,0x08,0xC4,0x18,
  0x62,0x08,0x66,0x29,0x33,0x4D,0x74,0x3D,0x8E,0x4B,0x21,0x10,0x0F,0x54,0x32,0x35,0xF1,0x4C,0x66,0x29,0xA3,0x10,0xA3,0x10,
  0xA3,0x10,0x82,0x08,0x82,0x08,0x83,0x10,0x83,0x10,0xA3,0x10,0x83,0x10,0xA3,0x10,0xC3,0x18,0x83,0x10,0x29,0x3A,0x33,0x7D,
  0x13,0x75,0xD2,0x74,0x33,0x7D,0x30,0x74,0xA3,0x10,0x62,0x08,0x62,0x08,0xA3,0x10,0xA3,0x10,0x83,0x10,0x82,0x08,0x83,0x10,
  0xC3,0x10,0xA3,0x10,0x21,0x00,0x05,0x21,0xB4,0x75,0xD4,0x6D,0xB4,0x65,0xB4,0x65,0xB4,0x65,0x73,0x55,0x53,0x45,0x49,0x3A,
  0x49,0x3A,0x33,0x45,0x53,0x4D,0xB4,0x65,0xB4,0x65,0xB4,0x65,0xD4,0x65,0xD5,0x75,0xE8,0x39,0x83,0x10,0xC3,0x10,0x62,0x08,
  0x62,0x08,0xA3,0x10,0x82,0x08,0x82,0x08,0x83,0x10,0x83,0x10,0x83,0x10,0x42,0x08,0xAE,0x63,0xD8,0x96,0x36,0x7E,0x16,0x7E,
  0x77,0x86,0xF2,0x7C,0xA3,0x18,0xA3,0x10,0x82,0x10,0x62,0x08,0x62,0x08,0x82,0x08,0xA3,0x10,0xC3,0x10,0x82,0x08,0x66,0x29,
  0x12,0x55,0x12,0x2D,0x53,0x4D,0xC7,0x31,0x62,0x08,0xA3,0x10,0xA3,0x10,0x25,0x29,0xD2,0x4C,0x53,0x35,0x2F,0x4C,0xE4,0x20,
  0xF1,0x4C,0x52,0x35,0x2F,0x4C,0x83,0x10,0xA3,0x10,0x82,0x08,0x62,0x08,0x62,0x08,0x62,0x08,0x62,0x08,0x82,0x08,0x83,0x10,
  0x82,0x08,0x62,0x08,0x62,0x08,0x04,0x21,0x74,0x85,0x57,0x86,0x36,0x86,0x76,0x86,0xB8,0x96,0x8A,0x4A,0x41,0x08,0x62,0x08,
  0x82,0x08,0x83,0x10,0x82,0x10,0x82,0x08,0x62,0x08,0x62,0x08,0x82,0x10,0xA3,0x10,0x21,0x00,0x08,0x32,0x16,0x7E,0xB4,0x6D,
  0xB4,0x65,0xB4,0x65,0xB4,0x65,0x73,0x4D,0x13,0x4D,0x87,0x29,0x66,0x29,0xD2,0x44,0x52,0x45,0x94,0x5D,0x94,0x65,0x94,0x5D,
  0xB4,0x65,0x16,0x76,0x0C,0x53,0x62,0x08,0x83,0x10,0x42,0x08,0x42,0x08,0x42,0x08,0x42,0x08,0x42,0x08,0x42,0x08,0x62,0x08,
  0x62,0x08,0x42,0x08,0xC3,0x18,0x13,0x85,0x97,0x86,0x16,0x86,0x16,0x7E,0x77,0x86,0xCE,0x63,0x42,0x08,0x62,0x08,0x82,0x08,
  0xA3,0x10,0xA3,0x10,0x82,0x10,0x62,0x08,0x42,0x08,0x62,0x08,0x6D,0x4B,0x94,0x4D,0x50,0x54,0xE4,0x20,0x62,0x08,0x62,0x08,
  0x82,0x08,0xE4,0x20,0x50,0x54,0x32,0x35,0x70,0x4C,0x49,0x42,0x32,0x3D,0x73,0x3D,0x6D,0x4B,0x01,0x00,0x62,0x08,0x42,0x08,
  0x42,0x08,0x42,0x08,0x42,0x08,0x42,0x08,0x42,0x08,0x42,0x08,0x82,0x10,0xA3,0x10,0x62,0x10,0x71,0x74,0x77,0x8E,0x36,0x8E,
  0x36,0x86,0xB7,0x8E,0x0F,0x6C,0x42,0x08,0x62,0x08,0x42,0x08,0x42,0x08,0x42,0x08,0x42,0x08,0x42,0x08,0x42,0x08,0x42,0x08,
  0x42,0x08,0x62,0x08,0x21,0x08,0x6D,0x53,0x36,0x7E,0xB4,0x65,0x94,0x65,0x94,0x65,0x93,0x65,0x73,0x45,0x91,0x4C,0xE4,0x20,
  0xC3,0x18,0x50,0x4C,0x53,0x3D,0x93,0x5D,0x94,0x65,0x94,0x5D,0xB4,0x65,0x36,0x76,0x50,0x6C,0x41,0x08,0x62,0x08,0x42,0x08,
  0x62,0x08,0x62,0x08,0x42,0x08,0x42,0x08,0x62,0x08,0x62,0x08,0x62,0x08,0x62,0x08,0x62,0x08,0x66,0x29,0xF6,0x8D,0x77,0x8E,
  0x36,0x8E,0x56,0x86,0x98,0x96,0x0C,0x53,0x62,0x08,0xC4,0x18,0xC3,0x18,0x83,0x10,0x42,0x08,0x42,0x08,0x42,0x08,0x62,0x08,
  0xA3,0x10,0xA7,0x29,0xE4,0x18,0x42,0x08,0x62,0x08,0x62,0x08,0xA3,0x10,0xA3,0x18,0x8D,0x4B,0x32,0x3D,0xD1,0x44,0xB1,0x6C,
  0x11,0x2D,0x73,0x4D,0x29,0x3A,0x01,0x00,0x62,0x08,0x62,0x08,0x42,0x08,0x42,0x08,0x62,0x08,0x62,0x08,0x62,0x08,0x62,0x08,
  0xA3,0x10,0x62,0x08,0x8E,0x63,0xB8,0x9E,0x56,0x8E,0x36,0x8E,0x97,0x8E,0x33,0x85,0xA3,0x18,0x82,0x08,0x62,0x08,0x42,0x08,
  0x42,0x08,0x42,0x08,0x42,0x08,0x42,0x08,0x62,0x08,0x42,0x08,0x62,0x08,0xA3,0x10,0xA3,0x18,0xD2,0x6C,0x15,0x76,0x94,0x65,
  0x94,0x5D,0x94,0x5D,0x93,0x5D,0x73,0x45,0xAE,0x43,0x62,0x10,0x62,0x10,0x4D,0x43,0x53,0x3D,0x73,0x55,0x93,0x5D,0x94,0x5D,
  0x94,0x65,0x15,0x76,0x74,0x75,0xA3,0x18,0x62,0x08,0x62,0x08,0x42,0x08,0x62,0x08,0x62,0x08,0x42,0x08,0x62,0x08,0x62,0x08,
  0x62,0x08,0x42,0x08,0xA3,0x10,0x41,0x08,0x08,0x3A,0x77,0x9E,0x56,0x86,0x36,0x8E,0x36,0x86,0x97,0x96,0xCB,0x4A,0x83,0x10,
  0xE4,0x18,0x82,0x08,0x42,0x08,0x42,0x08,0x42,0x08,0x42,0x08,0x82,0x08,0x62,0x08,0x83,0x10,0x83,0x10,0x62,0x08,0x82,0x10,
  0x83,0x10,0x62,0x10,0x8A,0x3A,0x52,0x3D,0x12,0x3D,0x73,0x55,0xF1,0x34,0xF2,0x4C,0x25,0x21,0x41,0x00,0x42,0x08,0x62,0x08,
  0x42,0x08,0x42,0x08,0x62,0x08,0x82,0x08,0x82,0x08,0xA3,0x10,0x42,0x08,0x4D,0x5B,0x97,0x96,0x36,0x8E,0x36,0x8E,0x77,0x8E,
  0xF6,0x95,0x25,0x21,0x62,0x08,0x83,0x10,0x42,0x08,0x42,0x08,0x62,0x08,0x62,0x08,0x42,0x08,0x42,0x08,0x42,0x08,0x42,0x08,
  0x62,0x08,0x83,0x10,0x66,0x29,0xD5,0x7D,0xD5,0x6D,0x93,0x5D,0x94,0x5D,0x94,0x5D,0x73,0x55,0x74,0x45,0xEB,0x42,0x42,0x08,
  0x21,0x08,0x08,0x32,0x53,0x3D,0x53,0x4D,0x93,0x5D,0x93,0x5D,0x93,0x5D,0xD5,0x6D,0x36,0x86,0x29,0x3A,0x41,0x08,0x82,0x08,
  0x42,0x08,0x62,0x08,0x62,0x08,0x42,0x08,0x62,0x08,0xA3,0x10,0x62,0x08,0x42,0x08,0x42,0x08,0x82,0x08,0x01,0x00,0xEB,0x52,
  0x98,0x96,0x36,0x86,0x36,0x86,0x36,0x86,0x36,0x8E,0x6A,0x42,0x62,0x08,0x82,0x08,0x62,0x08,0x62,0x08,0x62,0x08,0x62,0x08,
  0x62,0x08,0x62,0x08,0x62,0x08,0xA3,0x10,0x62,0x08,0x62,0x08,0x62,0x08,0x21,0x00,0x86,0x29,0x53,0x45,0x12,0x35,0xF1,0x34,
  0x32,0x35,0x50,0x54,0xC4,0x20,0xA3,0x10,0x62,0x08,0x62,0x08,0x62,0x08,0x62,0x08,0x62,0x08,0xA3,0x10,0xC3,0x10,0x21,0x08,
  0x2C,0x53,0x97,0x8E,0x36,0x86,0x36,0x86,0x36,0x86,0x77,0x96,0x08,0x3A,0x01,0x00,0x82,0x08,0x62,0x08,0x62,0x08,0x62,0x08,
  0x62,0x08,0x62,0x08,0x62,0x08,0x62,0x08,0x62,0x08,0x62,0x08,0x62,0x08,0x01,0x00,0xCB,0x4A,0x56,0x7E,0xB4,0x6D,0x93,0x5D,
  0x94,0x5D,0x93,0x5D,0x53,0x4D,0x13,0x4D,0x86,0x29,0x42,0x08,0x42,0x08,0xE4,0x18,0xB2,0x4C,0x53,0x45,0x93,0x5D,0x94,0x5D,
  0x93,0x5D,0xB4,0x65,0x56,0x7E,0x30,0x64,0x42,0x08,0x82,0x08,0x62,0x08,0x62,0x08,0x62,0x08,0x62,0x08,0x62,0x08,0xA3,0x10,
  0x62,0x08,0x41,0x08,0x42,0x08,0x62,0x08,0x62,0x08,0x21,0x08,0xCF,0x63,0xB7,0x8E,0x15,0x86,0x36,0x86,0x56,0x86,0x36,0x96,
  0x08,0x3A,0x41,0x08,0xA3,0x10,0x62,0x08,0x62,0x08,0x62,0x08,0x62,0x08,0x62,0x08,0x62,0x08,0xA3,0x10,0x62,0x08,0x62,0x08,
  0x62,0x08,0x21,0x00,0xE4,0x18,0x12,0x4D,0x32,0x35,0x12,0x35,0x53,0x3D,0x4D,0x4B,0x62,0x10,0x82,0x08,0x62,0x08,0x62,0x08,
  0x62,0x08,0x62,0x08,0x62,0x08,0xA3,0x10,0x01,0x00,0xCB,0x4A,0x98,0x96,0x36,0x86,0x36,0x86,0x36,0x7E,0x97,0x8E,0x2C,0x53,
  0x21,0x00,0x82,0x08,0x62,0x08,0x62,0x08,0x62,0x08,0x62,0x08,0x62,0x08,0x62,0x08,0x62,0x08,0x62,0x08,0x62,0x08,0x62,0x08,
  0x62,0x08,0x83,0x10,0xF2,0x74,0x36,0x7E,0xB4,0x65,0x93,0x5D,0x94,0x5D,0x94,0x5D,0x12,0x45,0x74,0x5D,0xAE,0x6B,0x82,0x10,
  0x82,0x08,0x42,0x08,0xCE,0x4B,0x73,0x45,0x73,0x5D,0x94,0x5D,0x94,0x5D,0x94,0x5D,0x15,0x76,0xD5,0x85,0x66,0x29,0x42,0x08,
  0x82,0x08,0x62,0x08,0x62,0x08,0x42,0x08,0x62,0x08,0xA3,0x10,0x82,0x08,0x41,0x08,0x42,0x08,0x42,0x08,0x42,0x08,0x82,0x10,
  0x62,0x08,0x2F,0x6C,0x97,0x96,0x36,0x86,0x36,0x8E,0x57,0x8E,0x36,0x96,0x29,0x42,0x42,0x08,0x82,0x08,0x62,0x08,0x62,0x08,
  0x62,0x08,0x62,0x08,0x62,0x08,0x83,0x10,0x62,0x08,0x42,0x08,0x62,0x08,0x62,0x08,0x62,0x10,0x4F,0x4C,0x52,0x35,0x12,0x35,
  0x53,0x4D,0xC7,0x31,0x62,0x08,0x62,0x08,0x62,0x08,0x62,0x08,0x62,0x08,0x62,0x08,0x62,0x08,0x21,0x08,0x0C,0x53,0x77,0x96,
  0x36,0x86,0x36,0x86,0x36,0x86,0x98,0x96,0xAE,0x63,0x62,0x08,0xA3,0x10,0x62,0x08,0x62,0x08,0x62,0x08,0x62,0x08,0x62,0x08,
  0x62,0x08,0x62,0x08,0x42,0x08,0x62,0x08,0x62,0x08,0x62,0x08,0x21,0x00,0xE8,0x31,0x36,0x86,0xD5,0x75,0x93,0x5D,0x93,0x5D,
  0x93,0x5D,0x74,0x5D,0xF1,0x34,0xD5,0x6D,0x1A,0xAF,0x0C,0x53,0x82,0x08,0x41,0x08,0x08,0x32,0x53,0x45,0x73,0x4D,0x93,0x5D,
  0x93,0x5D,0x93,0x55,0xD4,0x6D,0x77,0x86,0xAE,0x5B,0x62,0x08,0xC3,0x18,0xA3,0x10,0x62,0x08,0x62,0x08,0x62,0x08,0x62,0x08,
  0x62,0x08,0x42,0x08,0x62,0x08,0x62,0x08,0x62,0x08,0x62,0x08,0x62,0x08,0xA3,0x10,0x91,0x74,0x98,0x96,0x16,0x86,0x16,0x8E,
  0x56,0x86,0x36,0x8E,0xAA,0x4A,0x62,0x10,0x83,0x10,0x83,0x10,0x62,0x08,0x62,0x08,0x62,0x08,0x62,0x08,0x62,0x08,0x62,0x08,
  0x62,0x08,0x62,0x08,0x62,0x10,0xAE,0x4B,0x33,0x3D,0x12,0x35,0xB1,0x4C,0xC4,0x18,0x83,0x10,0x62,0x08,0x62,0x08,0x62,0x08,
  0xC3,0x10,0xA3,0x10,0x62,0x10,0x4C,0x53,0x77,0x8E,0x36,0x86,0x36,0x86,0x36,0x86,0x98,0x96,0xCE,0x63,0x62,0x08,0x62,0x08,
  0x82,0x10,0x62,0x08,0x62,0x08,0x62,0x08,0x62,0x08,0x62,0x08,0x62,0x08,0x42,0x08,0x62,0x08,0x62,0x08,0x62,0x08,0x83,0x10,
  0x42,0x08,0x50,0x6C,0x57,0x86,0xB4,0x65,0x73,0x55,0x93,0x5D,0x93,0x5D,0x73,0x55,0x12,0x3D,0x16,0x86,0x98,0x96,0xEF,0x63,
  0x62,0x08,0x62,0x08,0xA3,0x18,0x70,0x44,0x73,0x4D,0x93,0x5D,0x93,0x5D,0x73,0x55,0x94,0x65,0x16,0x76,0xB5,0x85,0x25,0x21,
  0x82,0x08,0xC3,0x10,0x62,0x08,0x62,0x08,0x62,0x08,0x62,0x08,0x62,0x08,0x62,0x08,0x62,0x08,0x62,0x08,0x62,0x08,0x62,0x08,
  0x82,0x10,0x83,0x10,0x83,0x10,0x71,0x74,0x97,0x96,0x16,0x86,0x16,0x86,0x36,0x86,0x57,0x8E,0x4C,0x53,0x21,0x08,0x82,0x08,
  0x62,0x08,0x42,0x08,0x62,0x08,0x62,0x08,0x62,0x08,0x42,0x08,0x62,0x08,0x62,0x08,0x42,0x08,0x0C,0x4B,0x33,0x3D,0x12,0x35,
  0xCE,0x4B,0x42,0x10,0x82,0x08,0x62,0x08,0x42,0x08,0x62,0x08,0xA3,0x10,0xA3,0x10,0x30,0x6C,0x97,0x8E,0x15,0x7E,0x16,0x86,
  0x36,0x7E,0x97,0x96,0xCE,0x63,0x41,0x08,0x83,0x10,0x82,0x10,0x62,0x08,0x62,0x08,0x62,0x08,0x62,0x08,0x62,0x08,0x62,0x08,
  0x62,0x08,0x42,0x08,0x62,0x08,0x62,0x08,0xA3,0x10,0x62,0x08,0x86,0x29,0xF6,0x85,0x15,0x76,0x93,0x5D,0x73,0x55,0x73,0x55,
  0x93,0x5D,0x32,0x3D,0x53,0x55,0x16,0x86,0x57,0x8E,0xEB,0x4A,0x62,0x08,0x62,0x08,0x42,0x08,0xCB,0x3A,0x73,0x45,0x73,0x55,
  0x93,0x55,0x73,0x55,0x73,0x55,0xB5,0x6D,0x77,0x86,0xAE,0x5B,0x21,0x00,0xC3,0x10,0x62,0x08,0x62,0x08,0x62,0x08,0x62,0x08,
  0x62,0x08,0x62,0x08,0x62,0x08,0x62,0x08,0x62,0x08,0x62,0x08,0x62,0x08,0x62,0x08,0x82,0x08,0xA3,0x10,0x50,0x74,0x77,0x8E,
  0x16,0x86,0x16,0x86,0x16,0x7E,0x77,0x8E,0xEF,0x63,0x62,0x10,0x41,0x00,0x62,0x08,0x42,0x08,0x82,0x08,0x62,0x08,0x62,0x08,
  0x62,0x08,0x62,0x08,0x41,0x08,0xC7,0x31,0x53,0x4D,0x94,0x45,0xAA,0x3A,0x41,0x08,0xA3,0x10,0x62,0x08,0x62,0x08,0x21,0x00,
  0xC3,0x18,0xB1,0x7C,0x77,0x8E,0x15,0x7E,0x16,0x86,0x16,0x7E,0x77,0x8E,0xAE,0x63,0x42,0x08,0xA3,0x10,0x82,0x08,0x62,0x08,
  0x62,0x08,0x62,0x08,0x62,0x08,0x62,0x08,0x62,0x08,0x62,0x08,0x62,0x08,0x42,0x08,0x62,0x08,0x62,0x08,0xC3,0x10,0x42,0x08,
  0x30,0x6C,0x77,0x86,0xD4,0x6D,0x73,0x55,0x73,0x55,0x73,0x55,0x73,0x55,0xF2,0x34,0x94,0x65,0xF5,0x75,0xB5,0x85,0x66,0x29,
  0x62,0x08,0x62,0x08,0x82,0x08,0x45,0x29,0xF2,0x4C,0x53,0x45,0x73,0x55,0x73,0x55,0x73,0x55,0x94,0x5D,0x16,0x7E,0xF6,0x8D,
  0x45,0x29,0x41,0x08,0x82,0x08,0x62,0x08,0x62,0x08,0x62,0x08,0x62,0x08,0x62,0x08,0x62,0x08,0x62,0x08,0x62,0x08,0x62,0x08,
  0x62,0x08,0x62,0x08,0x82,0x08,0x62,0x08,0xA3,0x10,0x0F,0x6C,0x97,0x8E,0x15,0x7E,0x16,0x86,0x15,0x7E,0x97,0x8E,0xB1,0x74,
  0xC4,0x18,0x42,0x08,0xA3,0x10,0x42,0x08,0x62,0x08,0x62,0x08,0x62,0x08,0x62,0x08,0x82,0x08,0x83,0x10,0xAA,0x42,0x2C,0x4B,
  0xA3,0x10,0x62,0x08,0x62,0x08,0xA3,0x10,0x41,0x08,0x05,0x21,0x13,0x7D,0x97,0x8E,0x15,0x7E,0x16,0x86,0x35,0x7E,0x57,0x8E,
  0x6D,0x5B,0x62,0x10,0xA3,0x10,0x83,0x10,0x62,0x08,0x62,0x08,0x62,0x08,0x62,0x08,0x62,0x08,0x62,0x08,0x62,0x08,0x62,0x08,
  0x42,0x08,0x62,0x08,0x62,0x08,0x82,0x10,0x42,0x08,0xC7,0x31,0x36,0x8E,0x16,0x7E,0x93,0x5D,0x73,0x55,0x73,0x55,0x93,0x5D,
  0x53,0x4D,0x12,0x45,0x94,0x65,0x15,0x76,0x0F,0x64,0x62,0x10,0x62,0x08,0x62,0x08,0x82,0x08,0x42,0x08,0x6D,0x4B,0x53,0x3D,
  0x73,0x5D,0x73,0x55,0x73,0x55,0x73,0x55,0xD5,0x6D,0x77,0x8E,0x50,0x6C,0x42,0x08,0x82,0x08,0x62,0x08,0x62,0x08,0x62,0x08,
  0x62,0x08,0x62,0x08,0x62,0x08,0x62,0x08,0x62,0x08,0x62,0x08,0x62,0x08,0x62,0x08,0x62,0x08,0x62,0x08,0x83,0x10,0x62,0x08,
  0xAE,0x5B,0x77,0x96,0x35,0x7E,0x16,0x86,0x15,0x7E,0x77,0x86,0x53,0x7D,0xC7,0x31,0x42,0x08,0x62,0x08,0x62,0x08,0x62,0x08,
  0x62,0x08,0x62,0x08,0x82,0x10,0xA3,0x10,0x83,0x10,0x62,0x10,0x62,0x08,0x62,0x08,0x62,0x08,0x62,0x08,0x08,0x3A,0x94,0x85,
  0x77,0x86,0x15,0x86,0x16,0x86,0x36,0x86,0x57,0x96,0xEB,0x52,0x42,0x08,0x83,0x10,0x83,0x10,0x82,0x10,0x62,0x08,0x62,0x08,
  0x62,0x08,0x62,0x08,0x62,0x08,0x62,0x08,0x62,0x08,0x42,0x08,0x62,0x08,0x62,0x08,0x62,0x08,0x62,0x08,0xA3,0x10,0xF2,0x74,
  0x57,0x86,0xD4,0x6D,0x73,0x55,0x73,0x55,0x73,0x55,0x94,0x5D,0x12,0x3D,0x53,0x55,0x94,0x65,0xD5,0x75,0xA7,0x31,0x42,0x08,
  0x62,0x08,0x62,0x08,0x62,0x08,0x62,0x08,0x46,0x29,0xF2,0x4C,0x53,0x4D,0x73,0x5D,0x73,0x55,0x73,0x55,0x93,0x5D,0x16,0x7E,
  0x77,0x8E,0x6A,0x42,0x01,0x00,0x82,0x08,0x62,0x08,0x62,0x08,0x62,0x08,0x62,0x08,0x62,0x08,0x62,0x08,0x62,0x08,0x62,0x08,
  0x62,0x08,0x62,0x08,0x62,0x08,0x62,0x08,0x62,0x08,0x83,0x10,0x42,0x08,0xEB,0x52,0x57,0x8E,0x36,0x86,0x15,0x7E,0xF5,0x7D,
  0x56,0x86,0x16,0x8E,0x8A,0x42,0x01,0x00,0x82,0x08,0x82,0x10,0x42,0x08,0x62,0x08,0x62,0x08,0xA3,0x10,0xA3,0x10,0x83,0x10,
  0x82,0x08,0x42,0x08,0x01,0x00,0x2C,0x53,0x36,0x8E,0x56,0x7E,0x15,0x7E,0x15,0x7E,0x56,0x86,0x16,0x8E,0x29,0x42,0x42,0x08,
  0x83,0x10,0x62,0x08,0x62,0x08,0x62,0x08,0x62,0x08,0x62,0x08,0x62,0x08,0x62,0x08,0x62,0x08,0x62,0x08,0x62,0x08,0x42,0x08,
  0x42,0x08,0x42,0x08,0x62,0x08,0x21,0x00,0x4C,0x53,0x77,0x8E,0xF5,0x75,0x73,0x55,0x73,0x55,0x73,0x55,0x94,0x5D,0x53,0x55,
  0x12,0x3D,0x53,0x55,0xD4,0x5D,0x0F,0x5C,0x21,0x08,0x62,0x08,0x42,0x08,0x62,0x08,0x62,0x08,0x62,0x08,0x21,0x08,0x4C,0x4B,
  0x73,0x3D,0x73,0x55,0x73,0x55,0x73,0x55,0x53,0x4D,0xB4,0x6D,0x57,0x86,0x94,0x85,0x04,0x21,0x62,0x08,0x62,0x08,0x62,0x08,
  0x62,0x08,0x42,0x08,0x42,0x08,0x42,0x08,0x42,0x08,0x42,0x08,0x42,0x08,0x42,0x08,0x42,0x08,0x42,0x08,0x42,0x08,0x62,0x08,
  0x82,0x08,0x21,0x08,0x6A,0x42,0x36,0x8E,0x56,0x86,0xF5,0x7D,0xF6,0x7D,0x36,0x86,0x57,0x8E,0x8D,0x5B,0x83,0x10,0x82,0x08,
  0xA3,0x10,0x83,0x10,0x83,0x10,0xA3,0x10,0xA3,0x10,0xA3,0x10,0x41,0x00,0x83,0x10,0xEF,0x63,0x77,0x8E,0x35,0x7E,0x15,0x7E,
  0xF5,0x7D,0x77,0x86,0xB5,0x85,0xC7,0x31,0x01,0x00,0x83,0x10,0x62,0x08,0x42,0x08,0x42,0x08,0x41,0x08,0x42,0x08,0x42,0x08,
  0x42,0x08,0x42,0x08,0x42,0x08,0x42,0x08,0x62,0x08,0x42,0x08,0x42,0x08,0x62,0x08,0x41,0x00,0x86,0x29,0x16,0x8E,0x36,0x7E,
  0x94,0x5D,0x53,0x4D,0x73,0x55,0x73,0x55,0x94,0x5D,0x12,0x3D,0x33,0x3D,0x53,0x45,0x74,0x5D,0x87,0x29,0x21,0x00,0x62,0x08,
  0x62,0x08,0x42,0x08,0x42,0x08,0x42,0x08,0x42,0x08,0x04,0x21,0xB1,0x4C,0x73,0x45,0x93,0x5D,0x73,0x55,0x73,0x55,0x73,0x55,
  0xF5,0x7D,0x98,0x96,0x91,0x74,0x62,0x10,0x82,0x08,0x62,0x08,0x62,0x08,0x62,0x08,0x62,0x08,0x62,0x08,0x62,0x08,0x62,0x08,
  0x62,0x08,0x42,0x08,0x42,0x08,0x62,0x08,0x62,0x08,0x62,0x08,0x62,0x08,0x62,0x08,0x01,0x00,0xC7,0x31,0x74,0x85,0x77,0x86,
  0x15,0x7E,0x15,0x7E,0x15,0x7E,0x77,0x8E,0xB1,0x74,0x45,0x21,0x42,0x08,0xE4,0x18,0xC4,0x18,0xC3,0x10,0xC3,0x10,0x42,0x08,
  0xA7,0x31,0x33,0x7D,0x77,0x8E,0x15,0x7E,0x16,0x86,0x15,0x7E,0x77,0x86,0xD2,0x7C,0x45,0x21,0x21,0x00,0x82,0x08,0x62,0x08,
  0x62,0x08,0x62,0x08,0x62,0x08,0x62,0x08,0x62,0x08,0x42,0x08,0x42,0x08,0x62,0x08,0x62,0x08,0x62,0x08,0x62,0x08,0x42,0x08,
  0x62,0x08,0x62,0x08,0xA3,0x10,0x33,0x85,0x77,0x86,0xD5,0x75,0x52,0x4D,0x53,0x55,0x53,0x4D,0x94,0x5D,0x33,0x4D,0xF2,0x34,
  0x12,0x3D,0x73,0x45,0xAE,0x4B,0x62,0x10,0x82,0x08,0x41,0x08,0x62,0x08,0x62,0x08,0x42,0x08,0x62,0x08,0x62,0x08,0x41,0x08,
  0x49,0x3A,0x53,0x45,0x73,0x55,0x73,0x55,0x73,0x4D,0x73,0x4D,0x94,0x5D,0x16,0x86,0x98,0x96,0x8E,0x5B,0x41,0x08,0xC3,0x18,
  0xA3,0x10,0xA3,0x10,0x82,0x08,0x42,0x08,0x62,0x08,0x62,0x08,0x62,0x08,0x42,0x08,0x62,0x08,0x62,0x08,0x62,0x08,0x62,0x08,
  0x62,0x08,0x42,0x08,0x82,0x08,0x21,0x00,0xE4,0x18,0x91,0x74,0x77,0x8E,0x15,0x7E,0x15,0x7E,0xF5,0x7D,0x56,0x86,0xB5,0x85,
  0xCB,0x4A,0x62,0x10,0x83,0x10,0x62,0x08,0x83,0x10,0x6D,0x5B,0x16,0x8E,0x56,0x86,0xF5,0x7D,0xF6,0x7D,0x36,0x7E,0x77,0x96,
  0xEF,0x63,0x82,0x10,0x62,0x08,0xA3,0x10,0x62,0x08,0x62,0x08,0x62,0x08,0x62,0x08,0x62,0x08,0x62,0x08,0x62,0x08,0x42,0x08,
  0x42,0x08,0x62,0x08,0x62,0x08,0x62,0x08,0x62,0x08,0x42,0x08,0x82,0x08,0x42,0x08,0x30,0x6C,0xB8,0x96,0x16,0x86,0x73,0x55,
  0x53,0x4D,0x53,0x4D,0x73,0x55,0x73,0x5D,0xF1,0x34,0xF2,0x34,0xF2,0x2C,0x33,0x4D,0x66,0x29,0x82,0x08,0x62,0x08,0x42,0x08,
  0x62,0x08,0x42,0x08,0x42,0x08,0x42,0x08,0x42,0x08,0xA3,0x10,0xA3,0x18,0xEF,0x53,0x73,0x4D,0x94,0x5D,0x73,0x4D,0x73,0x55,
  0x53,0x4D,0xB4,0x65,0x56,0x86,0x77,0x96,0xCB,0x4A,0x41,0x08,0xA3,0x10,0x62,0x08,0x42,0x08,0x42,0x08,0x42,0x08,0x42,0x08,
  0x42,0x08,0x42,0x08,0x62,0x08,0x62,0x08,0x62,0x08,0x62,0x08,0x62,0x08,0x62,0x08,0x62,0x08,0x82,0x08,0x42,0x08,0x42,0x08,
  0x8D,0x5B,0x36,0x8E,0x36,0x7E,0xF5,0x7D,0xF5,0x7D,0x15,0x7E,0x57,0x8E,0xEF,0x63,0xC4,0x18,0x25,0x21,0x91,0x74,0x77,0x8E,
  0x15,0x7E,0xF5,0x7D,0xF5,0x7D,0x36,0x7E,0x16,0x8E,0xCB,0x4A,0x21,0x08,0x62,0x08,0x82,0x08,0x62,0x08,0x62,0x08,0x62,0x08,
  0x62,0x08,0x62,0x08,0x62,0x08,0x62,0x08,0x62,0x08,0x42,0x08,0x42,0x08,0x42,0x08,0x62,0x08,0x62,0x08,0x82,0x10,0x83,0x10,
  0x42,0x08,0x4D,0x5B,0x98,0x96,0x36,0x86,0x94,0x5D,0x53,0x45,0x73,0x4D,0x73,0x4D,0xB4,0x65,0x12,0x3D,0xD2,0x34,0xD2,0x2C,
  0x53,0x35,0xCE,0x53,0x83,0x10,0xC3,0x10,0x62,0x08,0x62,0x08,0x42,0x08,0x42,0x08,0x42,0x08,0x42,0x08,0x62,0x08,0x82,0x10,
  0x62,0x08,0x25,0x29,0xF2,0x4C,0x73,0x4D,0x94,0x5D,0x53,0x4D,0x73,0x4D,0x53,0x4D,0xD4,0x6D,0x57,0x8E,0x57,0x96,0x29,0x3A,
  0x21,0x00,0x82,0x08,0x42,0x08,0x42,0x08,0x42,0x08,0x42,0x08,0x42,0x08,0x42,0x08,0x42,0x08,0x62,0x08,0x42,0x08,0x42,0x08,
  0x42,0x08,0x62,0x08,0x62,0x08,0x62,0x08,0x62,0x08,0x62,0x08,0x21,0x00,0x29,0x3A,0xD5,0x85,0x57,0x86,0xF5,0x7D,0xF5,0x85,
  0xF5,0x7D,0x77,0x86,0x54,0x7D,0xB4,0x85,0x77,0x86,0xF5,0x7D,0xF5,0x7D,0xF5,0x75,0x57,0x86,0x74,0x7D,0xA7,0x31,0x21,0x00,
  0x82,0x08,0x62,0x08,0x62,0x08,0x42,0x08,0x42,0x08,0x42,0x08,0x42,0x08,0x42,0x08,0x42,0x08,0x42,0x08,0x42,0x08,0x42,0x08,
  0x42,0x08,0x42,0x08,0x42,0x08,0x62,0x08,0x82,0x08,0x21,0x00,0xCB,0x52,0x77,0x96,0x36,0x86,0x94,0x65,0x52,0x4D,0x73,0x4D,
  0x52,0x4D,0xB4,0x65,0x73,0x4D,0x33,0x4D,0x33,0x45,0x53,0x3D,0x91,0x5C,0x25,0x21,0x82,0x08,0x82,0x08,0x62,0x08,0x42,0x08,
  0x62,0x08,0x42,0x08,0x42,0x08,0x42,0x08,0x62,0x08,0x62,0x08,0x83,0x10,0x21,0x08,0x8A,0x42,0x53,0x45,0x73,0x5D,0x73,0x55,
  0x53,0x4D,0x53,0x4D,0x53,0x4D,0xD5,0x75,0x77,0x8E,0x57,0x9E,0x08,0x3A,0x01,0x00,0x82,0x10,0x42,0x08,0x62,0x08,0x42,0x08,
  0x42,0x08,0x62,0x08,0x62,0x08,0x62,0x08,0x62,0x08,0x62,0x08,0x62,0x08,0x62,0x08,0x62,0x08,0x62,0x08,0x62,0x08,0x62,0x08,
  0x82,0x08,0x21,0x08,0x25,0x21,0x91,0x74,0x57,0x86,0x15,0x7E,0xF5,0x7D,0xF5,0x7D,0x36,0x7E,0x36,0x7E,0xF5,0x7D,0xF5,0x7D,
  0x36,0x7E,0x57,0x8E,0x0F,0x64,0x05,0x21,0x82,0x10,0xA3,0x10,0x62,0x08,0x62,0x08,0x62,0x08,0x62,0x08,0x42,0x08,0x62,0x08,
  0x42,0x08,0x42,0x08,0x42,0x08,0x42,0x08,0x42,0x08,0x42,0x08,0x62,0x08,0x62,0x08,0x62,0x08,0xA3,0x10,0x21,0x00,0xAB,0x4A,
  0x77,0x96,0x56,0x86,0xB4,0x65,0x32,0x45,0x53,0x4D,0x53,0x45,0x93,0x5D,0x93,0x55,0x33,0x4D,0xAB,0x4A,0x08,0x32,0x49,0x3A,
  0xE4,0x18,0x62,0x08,0x62,0x08,0x62,0x08,0x62,0x08,0x62,0x08,0x42,0x08,0x42,0x08,0x62,0x08,0x62,0x08,0x62,0x08,0x62,0x08,
  0x62,0x08,0x82,0x08,0x82,0x10,0x50,0x54,0x33,0x3D,0x94,0x65,0x53,0x55,0x52,0x4D,0x53,0x4D,0x53,0x4D,0xF6,0x7D,0x97,0x96,
  0x36,0x9E,0x29,0x42,0x01,0x00,0x82,0x08,0x82,0x10,0x62,0x08,0x42,0x08,0x62,0x08,0x62,0x08,0x62,0x08,0x62,0x08,0x62,0x08,
  0x62,0x08,0x42,0x08,0x42,0x08,0x62,0x08,0x62,0x08,0x42,0x08,0x42,0x08,0x62,0x08,0x41,0x08,0x42,0x08,0x0C,0x53,0x16,0x8E,
  0x57,0x86,0xF5,0x7D,0xF5,0x7D,0xF5,0x7D,0xF5,0x7D,0x57,0x86,0xB5,0x85,0x69,0x42,0x42,0x08,0x62,0x08,0x82,0x08,0x82,0x08,
  0x62,0x08,0x62,0x08,0x62,0x08,0x42,0x08,0x42,0x08,0x62,0x08,0x42,0x08,0x42,0x08,0x42,0x08,0x62,0x08,0x42,0x08,0x42,0x08,
  0x62,0x08,0x62,0x08,0x83,0x10,0x21,0x00,0xCB,0x52,0x57,0x96,0x77,0x8E,0xD5,0x6D,0x32,0x45,0x53,0x4D,0x33,0x4D,0x53,0x55,
  0x94,0x65,0x53,0x45,0xAE,0x53,0x41,0x08,0x21,0x00,0x21,0x00,0x62,0x08,0x62,0x08,0x42,0x08,0x62,0x08,0x62,0x08,0x42,0x08,
  0x62,0x08,0x62,0x08,0x62,0x08,0x62,0x08,0x62,0x08,0x62,0x08,0x62,0x08,0x62,0x08,0x42,0x08,0xC7,0x31,0x33,0x55,0x12,0x3D,
  0xB4,0x65,0x53,0x4D,0x53,0x4D,0x53,0x4D,0x52,0x4D,0xF5,0x7D,0x97,0x96,0x77,0x96,0xCB,0x4A,0x21,0x08,0x83,0x10,0x83,0x10,
  0x62,0x08,0x62,0x08,0x62,0x08,0x62,0x08,0x62,0x08,0x62,0x08,0x62,0x08,0x42,0x08,0x62,0x08,0x62,0x08,0x42,0x08,0x42,0x08,
  0x42,0x08,0x62,0x08,0x62,0x08,0x62,0x08,0x21,0x08,0x66,0x29,0xD2,0x74,0x77,0x86,0xF5,0x7D,0x16,0x76,0x57,0x86,0x50,0x6C,
  0x25,0x21,0x42,0x08,0x83,0x10,0x62,0x08,0x42,0x08,0x62,0x08,0x62,0x08,0x62,0x08,0x42,0x08,0x42,0x08,0x62,0x08,0x62,0x08,
  0x62,0x08,0x62,0x08,0x62,0x08,0x42,0x08,0x62,0x08,0x62,0x08,0xA3,0x10,0x82,0x08,0x42,0x08,0x0C,0x53,0x97,0x9E,0x77,0x96,
  0xD5,0x75,0x52,0x45,0x53,0x45,0x33,0x4D,0x53,0x4D,0xB4,0x65,0xF2,0x34,0x33,0x5D,0x66,0x31,0x41,0x00,0x62,0x08,0x62,0x08,
  0x62,0x08,0x42,0x08,0x62,0x08,0x62,0x08,0x62,0x08,0x62,0x08,0x62,0x08,0x62,0x08,0x62,0x08,0x62,0x08,0x62,0x08,0x62,0x08,
  0x62,0x08,0x62,0x08,0x83,0x10,0x62,0x10,0xEF,0x63,0x53,0x45,0x32,0x45,0xB4,0x65,0x52,0x4D,0x53,0x4D,0x53,0x45,0x33,0x4D,
  0xF5,0x75,0x77,0x8E,0x98,0x9E,0xAE,0x63,0xA3,0x10,0x42,0x08,0x62,0x08,0x62,0x08,0x62,0x08,0x62,0x08,0x62,0x08,0x62,0x08,
  0x62,0x08,0x62,0x08,0x62,0x08,0x42,0x08,0x42,0x08,0x42,0x08,0x42,0x08,0x62,0x08,0x62,0x08,0x62,0x08,0x82,0x08,0x41,0x08,
  0xA3,0x10,0x2C,0x53,0xF6,0x8D,0xB5,0x85,0x8A,0x42,0x83,0x10,0x83,0x10,0xC3,0x10,0x62,0x08,0x62,0x08,0x62,0x08,0x42,0x08,
  0x42,0x08,0x42,0x08,0x42,0x08,0x62,0x08,0x62,0x08,0x62,0x08,0x62,0x08,0x62,0x08,0x62,0x08,0x62,0x08,0x62,0x08,0x62,0x08,
  0x62,0x08,0xE4,0x18,0x30,0x6C,0xB8,0x9E,0x57,0x8E,0xD5,0x6D,0x32,0x45,0x53,0x45,0x53,0x45,0x52,0x4D,0xB4,0x65,0x12,0x3D,
  0x73,0x4D,0x6D,0x5B,0x62,0x08,0xA3,0x10,0x42,0x08,0x42,0x08,0x62,0x08,0x42,0x08,0x62,0x08,0x62,0x08,0x42,0x08,0x62,0x08,
  0x62,0x08,0x62,0x08,0x83,0x10,0x62,0x08,0x82,0x10,0x62,0x08,0x62,0x08,0x62,0x08,0x62,0x08,0x62,0x08,0x05,0x21,0x53,0x6D,
  0x12,0x3D,0x53,0x4D,0xB4,0x65,0x32,0x45,0x33,0x45,0x33,0x45,0x32,0x45,0xD5,0x6D,0x77,0x96,0xD9,0x9E,0xD2,0x7C,0x25,0x21,
  0x41,0x08,0x83,0x10,0x82,0x10,0x62,0x08,0x62,0x08,0x62,0x08,0x62,0x08,0x62,0x08,0x62,0x08,0x82,0x10,0x62,0x08,0x62,0x08,
  0x62,0x08,0x62,0x08,0x62,0x08,0x62,0x08,0x62,0x08,0x82,0x10,0x62,0x08,0x21,0x00,0x66,0x29,0x05,0x21,0x21,0x00,0x82,0x08,
  0x82,0x08,0x62,0x08,0x62,0x08,0x62,0x08,0x62,0x08,0x42,0x08,0x42,0x08,0x62,0x08,0x62,0x08,0x62,0x08,0x42,0x08,0x62,0x08,
  0x83,0x10,0x82,0x08,0x62,0x08,0x83,0x10,0x62,0x08,0x21,0x00,0x45,0x29,0x54,0x8D,0xD9,0x9E,0x57,0x8E,0xB4,0x65,0x32,0x45,
  0x53,0x45,0x33,0x45,0x53,0x4D,0xD4,0x6D,0x32,0x45,0x33,0x3D,0x13,0x6D,0xC4,0x18,0x62,0x08,0x62,0x08,0x62,0x08,0x42,0x08,
  0x62,0x08,0x62,0x08,0x62,0x08,0x62,0x08,0x62,0x08,0x62,0x08,0x42,0x08,0x82,0x08,0x83,0x10,0x62,0x08,0x83,0x10,0x62,0x08,
  0x42,0x08,0x42,0x08,0x42,0x08,0x62,0x08,0x01,0x00,0x4C,0x4B,0xD5,0x65,0xD1,0x2C,0x53,0x4D,0x94,0x65,0x32,0x45,0x33,0x45,
  0x53,0x45,0x32,0x45,0xB4,0x65,0x57,0x8E,0xD9,0xA6,0x16,0x96,0xCB,0x4A,0x42,0x08,0x62,0x08,0xC3,0x10,0xA3,0x10,0x83,0x10,
  0x62,0x08,0x42,0x08,0x82,0x10,0xA3,0x10,0x62,0x08,0x62,0x08,0x62,0x08,0x62,0x08,0x62,0x08,0x42,0x08,0x62,0x08,0x42,0x08,
  0x62,0x08,0x82,0x08,0x21,0x00,0x41,0x00,0x62,0x08,0x62,0x08,0x62,0x08,0x62,0x08,0x62,0x08,0x42,0x08,0x62,0x08,0x42,0x08,
  0x42,0x08,0x62,0x08,0x62,0x08,0x62,0x08,0x62,0x08,0x62,0x08,0xA3,0x10,0xA3,0x10,0x83,0x10,0x62,0x08,0x62,0x08,0x0C,0x53,
  0x37,0x9E,0xD8,0x9E,0x37,0x8E,0x93,0x5D,0x32,0x45,0x33,0x45,0x33,0x45,0x52,0x4D,0xD4,0x6D,0x53,0x4D,0xF2,0x34,0xD5,0x65,
  0xEB,0x4A,0x01,0x00,0x62,0x08,0x62,0x08,0x62,0x08,0x62,0x08,0x62,0x08,0x62,0x08,0x62,0x08,0x62,0x08,0x62,0x08,0x62,0x08,
  0x62,0x08,0x62,0x08,0x83,0x10,0x62,0x08,0x83,0x10,0x62,0x08,0x42,0x08,0x42,0x08,0x42,0x08,0x62,0x08,0x42,0x08,0x45,0x21,
  0x53,0x6D,0x32,0x45,0xD1,0x2C,0x33,0x4D,0xB4,0x65,0x53,0x4D,0x32,0x45,0x53,0x45,0x32,0x3D,0x73,0x55,0x16,0x86,0xB8,0x96,
  0xD9,0x9E,0xB1,0x74,0xC7,0x31,0x42,0x08,0x42,0x08,0x83,0x10,0x62,0x08,0x42,0x08,0x62,0x08,0xA3,0x10,0x62,0x08,0x62,0x08,
  0x42,0x08,0x62,0x08,0x42,0x08,0x62,0x08,0x62,0x08,0x62,0x08,0x62,0x08,0x62,0x08,0x62,0x08,0x62,0x08,0x62,0x08,0x62,0x08,
  0xA3,0x10,0xA3,0x10,0x83,0x10,0x62,0x08,0x62,0x08,0x62,0x08,0x42,0x08,0x42,0x08,0x62,0x08,0x62,0x08,0x62,0x08,0x62,0x08,
  0xA3,0x10,0x62,0x08,0x62,0x08,0xE8,0x39,0x13,0x7D,0xD9,0xA6,0x98,0x9E,0xF6,0x7D,0x53,0x4D,0x32,0x3D,0x33,0x45,0x32,0x3D,
  0x73,0x4D,0xD5,0x6D,0x33,0x4D,0xD1,0x2C,0x73,0x4D,0x12,0x6D,0xC4,0x18,0x41,0x00,0x62,0x08,0x62,0x08,0x42,0x08,0x42,0x08,
  0x62,0x08,0x62,0x08,0x62,0x08,0x62,0x08,0x62,0x08,0x62,0x08,0x62,0x08,0x62,0x08,0x62,0x08,0x62,0x08,0x62,0x08,0x62,0x08,
  0x62,0x08,0x42,0x08,0x42,0x08,0x42,0x08,0x82,0x08,0x42,0x08,0x6D,0x53,0xB4,0x5D,0xF2,0x34,0xF1,0x2C,0x32,0x45,0xD4,0x6D,
  0x73,0x55,0x32,0x3D,0x33,0x45,0x32,0x3D,0x32,0x3D,0xB4,0x65,0x57,0x8E,0xF9,0x9E,0x77,0x9E,0x0F,0x6C,0x25,0x21,0x21,0x00,
  0x41,0x00,0xA3,0x10,0xC3,0x18,0xC3,0x10,0x62,0x08,0x42,0x08,0x62,0x08,0x42,0x08,0x62,0x08,0x62,0x08,0x62,0x08,0x62,0x08,
  0x82,0x10,0x62,0x08,0x62,0x08,0x83,0x10,0x62,0x08,0x62,0x08,0x62,0x08,0x82,0x08,0x62,0x08,0x62,0x08,0x42,0x08,0x42,0x08,
  0x42,0x08,0x62,0x08,0xA3,0x10,0x83,0x10,0x82,0x08,0x62,0x08,0x42,0x08,0x66,0x29,0x50,0x74,0x98,0x9E,0xD9,0x9E,0x57,0x8E,
  0x94,0x65,0x12,0x3D,0x33,0x45,0x33,0x45,0x12,0x3D,0x93,0x5D,0xF5,0x75,0x32,0x45,0xF2,0x2C,0xF2,0x34,0xD4,0x65,0xEB,0x42,
  0x42,0x08,0x62,0x08,0x62,0x08,0x62,0x08,0x62,0x08,0x42,0x08,0x62,0x08,0x62,0x08,0x62,0x08,0x62,0x08,0x62,0x08,0x62,0x08,
  0x62,0x08,0x42,0x08,0x42,0x08,0x62,0x08,0x42,0x08,0x62,0x08,0x42,0x08,0x42,0x08,0x62,0x08,0x62,0x08,0x62,0x08,0x42,0x08,
  0x66,0x29,0x74,0x65,0x32,0x3D,0x12,0x3D,0x12,0x35,0x32,0x3D,0xD5,0x65,0x94,0x5D,0x12,0x3D,0x13,0x3D,0x33,0x45,0x12,0x3D,
  0x53,0x4D,0xF5,0x75,0x98,0x96,0x19,0xA7,0x57,0x9E,0x0F,0x6C,0xA7,0x31,0x42,0x08,0x42,0x08,0x82,0x08,0xA3,0x10,0x83,0x10,
  0x62,0x08,0x62,0x08,0x42,0x08,0x62,0x08,0x62,0x08,0x62,0x08,0x82,0x08,0x42,0x08,0x62,0x08,0xA3,0x10,0x62,0x08,0x42,0x08,
  0x42,0x08,0x62,0x08,0x62,0x08,0x62,0x08,0x62,0x08,0x62,0x08,0x62,0x08,0x82,0x10,0x83,0x10,0x42,0x08,0x21,0x08,0xC7,0x31,
  0x70,0x74,0x77,0x9E,0xF9,0xA6,0x98,0x96,0xD5,0x6D,0x32,0x45,0x12,0x35,0x32,0x3D,0x12,0x3D,0x32,0x3D,0xD4,0x65,0xD5,0x6D,
  0x12,0x3D,0x12,0x35,0x12,0x35,0x73,0x45,0x33,0x6D,0xE4,0x20,0x62,0x08,0x62,0x08,0x62,0x08,0x62,0x08,0x62,0x08,0x62,0x08,
  0x42,0x08,0x62,0x08,0x42,0x08,0x62,0x08,0x42,0x08,0x42,0x08,0x42,0x08,0x42,0x08,0x42,0x08,0x62,0x08,0x42,0x08,0x42,0x08,
  0x42,0x08,0x62,0x08,0x62,0x08,0x62,0x08,0x62,0x08,0x83,0x08,0x42,0x08,0xEE,0x5B,0xB4,0x55,0x12,0x3D,0x32,0x3D,0x12,0x35,
  0x12,0x35,0x94,0x5D,0xB4,0x65,0x32,0x45,0x11,0x35,0x32,0x3D,0x12,0x3D,0x12,0x3D,0x73,0x55,0x16,0x7E,0xB8,0x9E,0x19,0xA7,
  0x98,0x9E,0xD2,0x7C,0xEB,0x52,0x45,0x29,0x42,0x08,0x21,0x00,0x01,0x00,0x41,0x00,0x62,0x08,0x62,0x08,0x82,0x08,0x62,0x08,
  0x62,0x08,0x62,0x08,0xA3,0x10,0xA3,0x10,0x62,0x08,0x62,0x08,0x62,0x08,0x62,0x08,0x82,0x08,0x62,0x08,0x41,0x08,0x21,0x08,
  0x21,0x00,0x42,0x08,0x66,0x29,0x2C,0x5B,0x13,0x85,0x98,0xA6,0x1A,0xAF,0x98,0x9E,0x16,0x7E,0x73,0x4D,0x11,0x35,0x12,0x3D,
  0x33,0x3D,0xF2,0x34,0x52,0x4D,0xF5,0x6D,0x94,0x5D,0xF2,0x34,0x12,0x35,0x32,0x3D,0x12,0x35,0xD5,0x5D,0x4C,0x4B,0x21,0x08,
  0x82,0x08,0x62,0x08,0x62,0x08,0x62,0x08,0x42,0x08,0x42,0x08,0x42,0x08,0x42,0x08,0x42,0x08,0x62,0x08,0x42,0x08,0x42,0x08,
  0x42,0x08,0x42,0x08,0x42,0x08,0x42,0x08,0x42,0x08,0x42,0x08,0x42,0x08,0x42,0x08,0x62,0x08,0x62,0x08,0x42,0x08,0x62,0x08,
  0x62,0x08,0x08,0x3A,0xB4,0x65,0x32,0x45,0x32,0x3D,0x33,0x3D,0x33,0x3D,0xF1,0x2C,0x32,0x45,0xD4,0x6D,0x93,0x5D,0x11,0x3D,
  0x12,0x3D,0x32,0x3D,0x12,0x3D,0x11,0x35,0x53,0x4D,0xF5,0x75,0x98,0x96,0x19,0xA7,0xF9,0xAE,0x57,0x9E,0xD2,0x7C,0xEC,0x52,
  0x86,0x29,0xC4,0x18,0x42,0x08,0x01,0x00,0x00,0x00,0x01,0x00,0x21,0x00,0x41,0x08,0x42,0x08,0x42,0x08,0x21,0x08,0x41,0x08,
  0x01,0x00,0x01,0x00,0x21,0x00,0x42,0x08,0xE4,0x18,0xC7,0x31,0x2C,0x5B,0xF3,0x84,0x78,0x9E,0x1A,0xAF,0x19,0xA7,0x97,0x96,
  0xF5,0x75,0x53,0x4D,0x11,0x35,0x12,0x3D,0x32,0x3D,0x12,0x35,0x12,0x3D,0x94,0x65,0xD5,0x75,0x32,0x45,0xF1,0x34,0x32,0x3D,
  0x32,0x3D,0x33,0x3D,0x53,0x3D,0x74,0x65,0x86,0x29,0x41,0x08,0x62,0x08,0x42,0x08,0x42,0x08,0x62,0x08,0x42,0x08,0x42,0x08,
  0x62,0x08,0x42,0x08,0x42,0x08,0x62,0x08,0x42,0x08,0x42,0x08,0x62,0x08,0x42,0x08,0x42,0x08,0x62,0x08,0x42,0x08,0x42,0x08,
  0x62,0x08,0x42,0x08,0x42,0x08,0x42,0x08,0x42,0x08,0x62,0x08,0x62,0x08,0xA3,0x18,0xB1,0x64,0x93,0x4D,0x33,0x45,0x33,0x3D,
  0x33,0x45,0x33,0x45,0xF2,0x34,0xF1,0x34,0x94,0x5D,0xD5,0x6D,0x72,0x4D,0x11,0x35,0x12,0x35,0x13,0x3D,0x12,0x35,0xF1,0x34,
  0x32,0x45,0xB4,0x65,0x37,0x86,0xB9,0x9E,0x1A,0xAF,0x3A,0xB7,0xD9,0xAE,0x16,0x9E,0x33,0x85,0x50,0x6C,0x8D,0x5B,0xAB,0x4A,
  0x49,0x3A,0x29,0x3A,0xC7,0x31,0xE8,0x31,0x29,0x3A,0x69,0x42,0xEB,0x4A,0xAE,0x5B,0x50,0x74,0x33,0x85,0x37,0x9E,0xD9,0xAE,
  0x3A,0xB7,0x1A,0xAF,0xB8,0x9E,0x36,0x86,0xB4,0x5D,0x33,0x45,0xF2,0x34,0x12,0x35,0x13,0x3D,0x12,0x35,0x12,0x35,0x93,0x55,
  0xF5,0x75,0x94,0x5D,0xF1,0x34,0xF2,0x34,0x32,0x45,0x32,0x3D,0x32,0x3D,0x33,0x3D,0xB4,0x55,0x2F,0x5C,0x62,0x10,0x82,0x08,
  0x62,0x08,0x42,0x08,0x62,0x08,0x42,0x08,0x42,0x08,0x42,0x08,0x42,0x08,0x42,0x08,0x62,0x08,0x62,0x08,0x62,0x08,0x42,0x08,
  0x62,0x08,0x62,0x08,0x62,0x08,0x62,0x08,0x62,0x08,0x62,0x08,0x62,0x08,0x62,0x08,0x62,0x08,0x62,0x08,0x62,0x08,0x82,0x08,
  0x82,0x10,0x01,0x00,0xEB,0x42,0xD5,0x5D,0x33,0x45,0x53,0x45,0x33,0x45,0x33,0x45,0x33,0x45,0xF2,0x2C,0xD1,0x2C,0x32,0x45,
  0xB5,0x65,0xD5,0x6D,0x53,0x4D,0xF2,0x34,0xF2,0x34,0x12,0x3D,0x12,0x3D,0x12,0x35,0x12,0x35,0x53,0x4D,0xB4,0x65,0x16,0x7E,
  0x77,0x8E,0xD8,0x9E,0x19,0xA7,0x3A,0xAF,0x3A,0xAF,0x1A,0xAF,0x1A,0xAF,0x1A,0xB7,0xF9,0xAE,0xF9,0xAE,0x1A,0xAF,0x1A,0xAF,
  0x3A,0xAF,0x3A,0xAF,0x3A,0xAF,0x1A,0xA7,0xD9,0x9E,0x77,0x96,0x16,0x7E,0xB4,0x65,0x53,0x4D,0x12,0x3D,0x12,0x35,0x13,0x3D,
  0x12,0x35,0xF2,0x34,0x12,0x35,0x73,0x55,0xF5,0x75,0xD5,0x6D,0x32,0x45,0xD1,0x2C,0xF2,0x34,0x33,0x45,0x32,0x45,0x32,0x45,
  0x32,0x4D,0x32,0x45,0xB5,0x65,0x49,0x3A,0x21,0x00,0x62,0x08,0x62,0x08,0x62,0x08,0x62,0x08,0x62,0x08,0x42,0x08,0x62,0x08,
  0x62,0x08,0x62,0x08,0x62,0x08,0x62,0x08,0x62,0x08,0x62,0x08,0x62,0x08,0x62,0x08,0x62,0x08,0x62,0x08,0x62,0x08,0x62,0x08,
  0x62,0x08,0x62,0x08,0x62,0x08,0x62,0x08,0x62,0x08,0x62,0x08,0x62,0x08,0x21,0x00,0x46,0x29,0x74,0x65,0x53,0x4D,0x53,0x4D,
  0x53,0x4D,0x53,0x4D,0x53,0x4D,0x12,0x3D,0xF2,0x34,0xF2,0x2C,0xD2,0x2C,0x53,0x45,0xD5,0x6D,0xF5,0x75,0x94,0x5D,0x32,0x3D,
  0x12,0x35,0x12,0x35,0x12,0x35,0x12,0x35,0xF2,0x34,0xF2,0x34,0xF2,0x3C,0x32,0x45,0x73,0x4D,0xB4,0x65,0xF6,0x75,0x16,0x7E,
  0x36,0x86,0x57,0x8E,0x77,0x8E,0x77,0x8E,0x57,0x8E,0x36,0x86,0x16,0x7E,0xF5,0x6D,0xB5,0x65,0x54,0x55,0x33,0x45,0x12,0x3D,
  0xF1,0x34,0xF2,0x34,0x12,0x35,0x13,0x3D,0x12,0x35,0xF2,0x34,0x32,0x3D,0xB4,0x5D,0x16,0x7E,0xF5,0x75,0x53,0x4D,0xD1,0x2C,
  0xF2,0x2C,0xF2,0x34,0x12,0x3D,0x53,0x4D,0x53,0x4D,0x53,0x4D,0x53,0x4D,0x73,0x4D,0xF2,0x5C,0xC4,0x18,0x62,0x08,0x62,0x08,
  0x62,0x08,0x62,0x08,0x62,0x08,0x62,0x08,0x62,0x08,0x42,0x08,0x62,0x08,0x62,0x08,0x62,0x08,0x62,0x08,0x62,0x08,0x62,0x08,
  0x62,0x08,0x62,0x08,0x62,0x08,0x62,0x08,0x62,0x08,0x62,0x08,0x62,0x08,0x62,0x08,0x62,0x08,0x62,0x08,0x62,0x08,0x42,0x08,
  0x42,0x08,0x62,0x08,0x82,0x10,0x2F,0x54,0x94,0x4D,0x53,0x4D,0x73,0x4D,0x53,0x4D,0x73,0x55,0x33,0x45,0xF2,0x2C,0xF2,0x34,
  0x12,0x35,0xF2,0x2C,0xF2,0x2C,0x53,0x4D,0xD5,0x6D,0x16,0x7E,0xF5,0x6D,0x73,0x4D,0x12,0x35,0xF1,0x2C,0xF2,0x34,0xF2,0x34,
  0x12,0x35,0xF2,0x34,0xF2,0x34,0x12,0x2D,0xF2,0x34,0xF2,0x34,0x12,0x35,0x12,0x35,0x12,0x35,0x12,0x35,0x12,0x35,0x12,0x35,
  0x11,0x35,0xF2,0x34,0xF2,0x34,0xF2,0x34,0xF2,0x34,0x12,0x35,0xF2,0x34,0xF2,0x34,0xF1,0x2C,0x12,0x3D,0x74,0x55,0xF5,0x6D,
  0x36,0x7E,0xF5,0x6D,0x53,0x4D,0xF2,0x34,0xF2,0x2C,0x12,0x35,0x12,0x35,0xF2,0x2C,0x33,0x45,0x53,0x4D,0x53,0x4D,0x53,0x55,
  0x53,0x4D,0x94,0x55,0xCF,0x5B,0x82,0x10,0x62,0x08,0x62,0x08,0x62,0x08,0x42,0x08,0x62,0x08,0x62,0x08,0x62,0x08,0x42,0x08,
  0x42,0x08,0x62,0x08,0x62,0x08,0x62,0x08,0x62,0x08,0x62,0x08,0x62,0x08,0x62,0x08,0x62,0x08,0x62,0x08,0x62,0x08,0x62,0x08,
  0x62,0x08,0x42,0x08,0x62,0x08,0x62,0x08,0x62,0x08,0x62,0x08,0x62,0x08,0x62,0x08,0x42,0x08,0x6A,0x3A,0x94,0x55,0x53,0x4D,
  0x73,0x55,0x73,0x55,0x73,0x55,0x73,0x4D,0x12,0x35,0x12,0x35,0x12,0x35,0x12,0x35,0x12,0x35,0xF2,0x2C,0xF1,0x2C,0x12,0x3D,
  0x94,0x55,0xF5,0x6D,0x15,0x76,0xD5,0x6D,0x74,0x55,0x32,0x45,0x12,0x35,0xF2,0x34,0xF2,0x34,0xF2,0x2C,0xF2,0x34,0x12,0x35,
  0xF2,0x34,0xF2,0x34,0xF2,0x34,0xF2,0x34,0x12,0x35,0x12,0x35,0x12,0x35,0x12,0x2D,0xF2,0x2C,0xF2,0x34,0xF2,0x34,0xF2,0x34,
  0x33,0x45,0x74,0x55,0xD5,0x6D,0x16,0x7E,0xF5,0x75,0x94,0x5D,0x12,0x45,0xF1,0x2C,0xF2,0x2C,0x12,0x35,0x12,0x35,0x12,0x35,
  0x12,0x35,0x12,0x35,0x73,0x55,0x73,0x55,0x73,0x55,0x74,0x55,0x53,0x4D,0x74,0x5D,0x29,0x3A,0x62,0x08,0x82,0x08,0x62,0x08,
  0x62,0x08,0x42,0x08,0x62,0x08,0x62,0x08,0x42,0x08,0x42,0x08,0x62,0x08,0x62,0x08,0x62,0x08,0x62,0x08,0x62,0x08,0x62,0x08,
  0x62,0x08,0x62,0x08,0x62,0x08,0x62,0x08,0x62,0x08,0x62,0x08,0x62,0x08,0x42,0x08,0x62,0x08,0x62,0x08,0x42,0x08,0x62,0x08,
  0x62,0x08,0x82,0x08,0x83,0x10,0x66,0x29,0x12,0x55,0x73,0x4D,0x93,0x55,0x93,0x55,0x94,0x5D,0x94,0x5D,0x32,0x3D,0x12,0x35,
  0x12,0x35,0x12,0x35,0x12,0x35,0x12,0x35,0x12,0x35,0xF2,0x34,0xD1,0x2C,0xD2,0x2C,0x12,0x3D,0x73,0x55,0xD5,0x6D,0x16,0x7E,
  0x36,0x7E,0x16,0x76,0xD5,0x6D,0xB4,0x5D,0x74,0x55,0x53,0x4D,0x33,0x45,0x33,0x45,0x32,0x45,0x33,0x45,0x33,0x45,0x53,0x45,
  0x73,0x4D,0x94,0x55,0xB5,0x65,0xF6,0x75,0x16,0x7E,0x36,0x86,0x16,0x7E,0xD5,0x6D,0x74,0x55,0x12,0x3D,0xD1,0x2C,0xD2,0x2C,
  0xF2,0x34,0x12,0x35,0x12,0x35,0x12,0x3D,0x12,0x35,0x12,0x35,0x12,0x35,0x33,0x3D,0x94,0x55,0x94,0x55,0x94,0x55,0x73,0x5D,
  0x73,0x4D,0xD1,0x54,0xE4,0x20,0x83,0x10,0x62,0x08,0x62,0x08,0x42,0x08,0x42,0x08,0x62,0x08,0x62,0x08,0x62,0x08,0x62,0x08,
  0x62,0x08,0x62,0x08,0x62,0x08,0x62,0x08,0x62,0x08,0x62,0x08,0x62,0x08,0x62,0x08,0x62,0x08,0x62,0x08,0x62,0x08,0x62,0x08,
  0x62,0x08,0x62,0x08,0x62,0x08,0x62,0x08,0x62,0x08,0x42,0x08,0x62,0x08,0xA3,0x10,0xA3,0x10,0xA3,0x18,0x2F,0x54,0x94,0x4D,
  0x94,0x5D,0xB4,0x5D,0xB4,0x5D,0xB4,0x65,0x53,0x45,0x12,0x35,0x33,0x3D,0x32,0x3D,0x32,0x3D,0x32,0x3D,0x12,0x3D,0x12,0x3D,
  0x12,0x3D,0x12,0x3D,0x12,0x35,0xF2,0x2C,0xF2,0x2C,0xF2,0x34,0x33,0x3D,0x74,0x4D,0xB5,0x65,0xF5,0x6D,0x16,0x76,0x16,0x7E,
  0x37,0x7E,0x57,0x86,0x57,0x86,0x57,0x86,0x57,0x86,0x37,0x86,0x36,0x7E,0x16,0x7E,0xF5,0x6D,0xB5,0x65,0x74,0x55,0x33,0x45,
  0x12,0x35,0xF1,0x2C,0xF2,0x34,0x12,0x35,0x13,0x3D,0x13,0x3D,0x12,0x3D,0x12,0x3D,0x12,0x3D,0x13,0x3D,0x32,0x3D,0x33,0x3D,
  0x12,0x35,0x53,0x4D,0xB4,0x5D,0xB4,0x5D,0xB4,0x5D,0x93,0x5D,0xB4,0x55,0xAE,0x53,0x62,0x10,0x82,0x08,0x42,0x08,0x62,0x08,
  0x42,0x08,0x42,0x08,0x62,0x08,0x62,0x08,0x62,0x08,0x62,0x08,0x62,0x08,0x62,0x08,0x62,0x08,0x62,0x08,0x62,0x08,0x62,0x08,
  0x62,0x08,0x62,0x08,0x42,0x08,0x42,0x08,0x42,0x08,0x62,0x08,0x62,0x08,0x42,0x08,0x62,0x08,0x62,0x08,0x62,0x08,0x82,0x10,
  0x62,0x08,0x62,0x08,0xA3,0x10,0x62,0x10,0xCB,0x42,0x94,0x55,0xB4,0x5D,0xB4,0x65,0xB4,0x5D,0xD4,0x65,0x73,0x55,0x12,0x35,
  0x53,0x45,0x33,0x45,0x33,0x45,0x33,0x45,0x33,0x45,0x33,0x45,0x33,0x45,0x33,0x45,0x33,0x45,0x53,0x3D,0x53,0x45,0x33,0x45,
  0x32,0x3D,0x12,0x35,0xF2,0x34,0xF2,0x34,0xF2,0x34,0xF2,0x34,0xF2,0x34,0x12,0x35,0x12,0x3D,0x12,0x35,0x12,0x35,0xF2,0x34,
  0xF2,0x34,0xF2,0x34,0xF2,0x34,0xF1,0x34,0x12,0x35,0x32,0x3D,0x33,0x45,0x53,0x45,0x53,0x45,0x33,0x45,0x33,0x45,0x33,0x45,
  0x33,0x45,0x33,0x45,0x33,0x45,0x33,0x45,0x33,0x3D,0x53,0x45,0x12,0x35,0x94,0x55,0xD4,0x65,0xB4,0x5D,0xB4,0x5D,0xB4,0x5D,
  0x94,0x55,0x49,0x3A,0x41,0x08,0x62,0x08,0x42,0x08,0x62,0x08,0x62,0x08,0x62,0x08,0x42,0x08,0x42,0x08,0x62,0x08,0x62,0x08,
  0x62,0x08,0x62,0x08,0x62,0x08,0x62,0x08,0x42,0x08,0x42,0x08,0x62,0x08,0x62,0x08,0x42,0x08,0x42,0x08,0x42,0x08,0x62,0x08,
  0x62,0x08,0x42,0x08,0x42,0x08,0x42,0x08,0x62,0x08,0x82,0x10,0x62,0x08,0x42,0x08,0xA3,0x10,0x82,0x08,0x66,0x29,0x33,0x55,
  0xB4,0x5D,0xD4,0x65,0xD4,0x65,0xD4,0x65,0x94,0x5D,0x12,0x35,0x53,0x4D,0x53,0x45,0x53,0x45,0x53,0x45,0x53,0x45,0x53,0x4D,
  0x53,0x4D,0x53,0x4D,0x53,0x45,0x53,0x45,0x53,0x4D,0x53,0x4D,0x53,0x4D,0x53,0x4D,0x53,0x4D,0x53,0x45,0x53,0x45,0x53,0x45,
  0x53,0x45,0x53,0x45,0x53,0x45,0x53,0x45,0x53,0x45,0x53,0x45,0x53,0x45,0x53,0x45,0x53,0x4D,0x53,0x4D,0x53,0x4D,0x53,0x4D,
  0x53,0x4D,0x53,0x4D,0x53,0x4D,0x53,0x45,0x53,0x45,0x53,0x45,0x53,0x45,0x53,0x45,0x53,0x45,0x53,0x45,0x53,0x45,0x53,0x45,
  0xF2,0x34,0xB4,0x5D,0xD4,0x65,0xD4,0x65,0xD4,0x65,0xB4,0x5D,0xF2,0x54,0xE4,0x18,0x62,0x08,0x42,0x08,0x42,0x08,0x42,0x08,
  0x62,0x08,0x62,0x08,0x62,0x08,0x62,0x08,0x42,0x08,0x42,0x08,0x62,0x08,0x62,0x08,0x62,0x08,0x62,0x08,0x42,0x08,0x42,0x08,
  0x62,0x08,0x62,0x08,0x62,0x08,0x62,0x08,0x42,0x08,0x62,0x08,0x42,0x08,0x42,0x08,0x42,0x08,0x62,0x08,0x62,0x08,0x62,0x08,
  0x62,0x08,0x62,0x08,0x62,0x08,0x42,0x08,0x62,0x10,0x70,0x4C,0xD4,0x55,0xF5,0x6D,0xD5,0x65,0xD4,0x6D,0xB4,0x65,0xF2,0x34,
  0x53,0x45,0x73,0x4D,0x73,0x4D,0x73,0x4D,0x73,0x4D,0x73,0x4D,0x73,0x4D,0x73,0x4D,0x73,0x4D,0x73,0x4D,0x73,0x4D,0x73,0x4D,
  0x74,0x4D,0x73,0x4D,0x73,0x4D,0x73,0x4D,0x73,0x4D,0x73,0x4D,0x73,0x4D,0x73,0x4D,0x73,0x4D,0x73,0x4D,0x73,0x4D,0x73,0x4D,
  0x73,0x4D,0x73,0x4D,0x73,0x4D,0x73,0x4D,0x73,0x4D,0x73,0x4D,0x73,0x4D,0x73,0x4D,0x73,0x4D,0x73,0x4D,0x73,0x4D,0x73,0x4D,
  0x73,0x4D,0x73,0x4D,0x73,0x4D,0x73,0x4D,0x73,0x4D,0x33,0x45,0x12,0x35,0xB4,0x65,0xD4,0x6D,0xD4,0x65,0xD5,0x6D,0xD4,0x55,
  0xCE,0x4B,0x21,0x08,0x62,0x08,0x62,0x08,0x42,0x08,0x42,0x08,0x62,0x08,0x42,0x08,0x42,0x08,0x62,0x08,0x62,0x08,0x62,0x08,
  0x62,0x08,0x42,0x08,0x42,0x08,0x62,0x08,0x62,0x08,0x42,0x08,0x42,0x08,0x42,0x08,0x42,0x08,0x42,0x08,0x42,0x08,0x62,0x08,
  0x42,0x08,0x42,0x08,0x42,0x08,0x62,0x08,0x42,0x08,0x62,0x08,0x62,0x08,0x42,0x08,0x42,0x08,0x62,0x08,0x00,0x00,0xCB,0x42,
  0xB4,0x4D,0xB4,0x6D,0xF5,0x75,0xD4,0x6D,0xD5,0x6D,0x12,0x3D,0x53,0x4D,0x73,0x55,0x74,0x55,0x74,0x55,0x73,0x55,0x73,0x55,
  0x73,0x55,0x73,0x55,0x73,0x55,0x93,0x55,0x93,0x55,0x93,0x55,0x73,0x55,0x73,0x55,0x73,0x55,0x73,0x55,0x73,0x55,0x73,0x55,
  0x73,0x55,0x73,0x55,0x73,0x55,0x73,0x55,0x73,0x55,0x73,0x55,0x73,0x55,0x73,0x55,0x73,0x55,0x73,0x55,0x93,0x55,0x93,0x55,
  0x93,0x55,0x93,0x55,0x93,0x55,0x73,0x55,0x93,0x55,0x93,0x55,0x93,0x55,0x73,0x55,0x73,0x55,0x73,0x55,0x73,0x55,0x32,0x45,
  0x12,0x3D,0xD5,0x75,0xD4,0x6D,0xF5,0x75,0x94,0x65,0x93,0x4D,0x08,0x32,0x01,0x00,0x62,0x08,0x42,0x08,0x42,0x08,0x62,0x08,
  0x42,0x08,0x42,0x08,0x42,0x08,0x42,0x08,0x62,0x08,0x62,0x08,0x42,0x08,0x42,0x08,0x42,0x08,0x42,0x08,0x42,0x08,0x42,0x08,
  0x42,0x08,0x42,0x08,0x42,0x08,0x42,0x08,0x42,0x08,0x62,0x08,0x62,0x08,0x42,0x08,0x42,0x08,0x62,0x08,0x42,0x08,0x62,0x08,
  0x62,0x08,0x62,0x08,0x62,0x08,0x42,0x08,0x42,0x08,0xE4,0x20,0xB1,0x5C,0x73,0x4D,0xB4,0x65,0xF5,0x75,0x15,0x76,0x33,0x45,
  0xB5,0x65,0x93,0x5D,0x94,0x5D,0x94,0x5D,0x94,0x5D,0x93,0x5D,0x93,0x5D,0x93,0x5D,0x94,0x5D,0x94,0x5D,0x94,0x5D,0x94,0x5D,
  0x94,0x5D,0x94,0x5D,0x94,0x5D,0x94,0x5D,0x94,0x5D,0x93,0x5D,0x93,0x5D,0x93,0x5D,0x93,0x5D,0x93,0x5D,0x93,0x5D,0x93,0x5D,
  0x94,0x5D,0x94,0x5D,0x94,0x5D,0x93,0x5D,0x93,0x5D,0x93,0x5D,0x94,0x5D,0x94,0x5D,0x94,0x5D,0x94,0x5D,0x94,0x5D,0x94,0x5D,
  0x94,0x5D,0x93,0x5D,0x94,0x5D,0x93,0x55,0xB4,0x5D,0xB4,0x5D,0x33,0x45,0x15,0x76,0xF5,0x75,0x94,0x65,0x94,0x4D,0x0F,0x54,
  0x83,0x10,0x62,0x08,0x62,0x08,0x62,0x08,0x42,0x08,0x42,0x08,0x42,0x08,0x62,0x08,0x62,0x08,0x62,0x08,0x42,0x08,0x42,0x08,
  0x62,0x08,0x42,0x08,0x42,0x08,0x42,0x08,0x62,0x08,0x42,0x08,0x62,0x08,0x62,0x08,0x62,0x08,0x62,0x08,0x62,0x08,0x62,0x08,
  0x42,0x08,0x62,0x08,0x62,0x08,0x62,0x08,0x62,0x08,0x62,0x08,0x62,0x08,0x62,0x08,0x62,0x08,0x62,0x08,0x62,0x08,0x62,0x08,
  0x66,0x29,0x2F,0x54,0x53,0x45,0x94,0x55,0xF5,0x6D,0x32,0x45,0xD2,0x64,0xD4,0x75,0xB4,0x5D,0xB4,0x65,0xB4,0x5D,0xB4,0x5D,
  0xB4,0x65,0xB4,0x65,0xB4,0x65,0xB4,0x5D,0xB4,0x5D,0xB4,0x5D,0xB4,0x5D,0xB4,0x5D,0xB4,0x5D,0xB4,0x5D,0xB4,0x5D,0xB4,0x5D,
  0xB4,0x5D,0xB4,0x5D,0xB4,0x5D,0xB4,0x5D,0xB4,0x5D,0xB4,0x5D,0xB4,0x5D,0xB4,0x65,0xB4,0x65,0xB4,0x5D,0xB4,0x5D,0xB4,0x5D,
  0xB4,0x5D,0xB4,0x5D,0xB4,0x5D,0xB4,0x5D,0xB4,0x5D,0xB4,0x5D,0xB4,0x5D,0xB4,0x5D,0xB4,0x5D,0xD4,0x5D,0x94,0x75,0xB2,0x5C,
  0x73,0x4D,0xF5,0x6D,0xB4,0x4D,0x53,0x4D,0xCF,0x53,0x25,0x21,0x62,0x08,0x62,0x08,0x62,0x08,0x62,0x08,0x62,0x08,0x42,0x08,
  0x42,0x08,0x62,0x08,0x62,0x08,0x42,0x08,0x42,0x08,0x62,0x08,0x62,0x08,0x62,0x08,0x62,0x08,0x62,0x08,0x42,0x08,0x42,0x08,
  0x62,0x08,0x62,0x08,0x62,0x08,0x62,0x08,0x62,0x08,0x62,0x08,0x42,0x08,0x62,0x08,0x62,0x08,0x62,0x08,0x62,0x08,0x62,0x08,
  0x62,0x08,0x62,0x08,0x62,0x08,0x62,0x08,0x62,0x08,0xA3,0x10,0x83,0x10,0xA3,0x18,0x69,0x42,0x70,0x4C,0x32,0x45,0x74,0x45,
  0x0F,0x4C,0x6D,0x5B,0x36,0x76,0xF5,0x65,0xD4,0x65,0xD4,0x65,0xD4,0x65,0xD4,0x65,0xD4,0x65,0xD4,0x65,0xB4,0x65,0xD4,0x65,
  0xB4,0x65,0xD4,0x65,0xD4,0x65,0xD4,0x65,0xD4,0x65,0xD4,0x65,0xD4,0x65,0xD4,0x65,0xD4,0x65,0xD4,0x65,0xD4,0x65,0xD4,0x65,
  0xD4,0x65,0xD4,0x65,0xD4,0x65,0xD4,0x65,0xD4,0x65,0xD4,0x65,0xB4,0x65,0xD4,0x65,0xD4,0x65,0xD4,0x65,0xD4,0x65,0xD4,0x65,
  0xD4,0x65,0xD4,0x65,0x15,0x6E,0x36,0x76,0xAB,0x4A,0xCE,0x3B,0xB4,0x45,0x13,0x4D,0x30,0x4C,0x08,0x3A,0xA3,0x18,0xA3,0x10,
  0x62,0x08,0x42,0x08,0x62,0x08,0x62,0x08,0x62,0x08,0x62,0x08,0x62,0x08,0x62,0x08,0x62,0x08,0x42,0x08,0x42,0x08,0x62,0x08,
  0x62,0x08,0x62,0x08,0x62,0x08,0x62,0x08,0x62,0x08,0x62,0x08,0x62,0x08,0x62,0x08,0x62,0x08,0x62,0x08,0x62,0x08,0x62,0x08,
  0x62,0x08,0x62,0x08,0x62,0x08,0x62,0x08,0x62,0x08,0x62,0x08,0x62,0x08,0x62,0x08,0x62,0x08,0x62,0x08,0x62,0x08,0xA3,0x10,
  0xC3,0x10,0xA3,0x10,0x82,0x10,0xC4,0x20,0x29,0x3A,0x6D,0x4B,0x69,0x3A,0x83,0x10,0xCB,0x4A,0x13,0x75,0x94,0x75,0xF5,0x7D,
  0xF6,0x85,0x16,0x86,0x16,0x86,0x16,0x7E,0xF5,0x7D,0xF5,0x7D,0xF5,0x7D,0xF5,0x7D,0xF5,0x7D,0xF5,0x7D,0xF5,0x7D,0xF5,0x7D,
  0xF5,0x7D,0xF5,0x7D,0xF5,0x7D,0xF5,0x7D,0xF5,0x7D,0xF5,0x7D,0xF5,0x7D,0xF5,0x7D,0xF5,0x7D,0xF5,0x7D,0xF5,0x7D,0xF5,0x7D,
  0xF5,0x7D,0x16,0x7E,0x16,0x7E,0x16,0x86,0x16,0x86,0x16,0x7E,0xF6,0x85,0x94,0x75,0x12,0x75,0x6A,0x42,0x41,0x08,0x8A,0x3A,
  0x0C,0x43,0xC7,0x31,0xA3,0x18,0x41,0x08,0xA3,0x10,0xA3,0x10,0x62,0x08,0x62,0x08,0x62,0x08,0x62,0x08,0x62,0x08,0x62,0x08,
  0x62,0x08,0x42,0x08,0x62,0x08,0x62,0x08,0x42,0x08,0x62,0x08,0x62,0x08,0x42,0x08,0x62,0x08,0x42,0x08,0x62,0x08,0x62,0x08,
};
static const lv_img_dsc_t spl_mark = {
  { LV_IMG_CF_TRUE_COLOR, 0, 0, 90, 104 }, 18720, spl_mark_map
};

/* spl_kata: 190x25, 9500 bytes */
static const uint8_t spl_kata_map[] = {
  0x62,0x08,0x62,0x08,0x62,0x08,0x62,0x08,0x62,0x08,0x62,0x08,0x62,0x08,0x62,0x08,0x62,0x08,0x62,0x08,0x62,0x10,0x83,0x18,
  0x62,0x10,0xA3,0x18,0xA3,0x18,0xA3,0x18,0xA3,0x18,0x83,0x10,0x83,0x10,0xA3,0x10,0x82,0x10,0x62,0x08,0x62,0x08,0x62,0x08,
  0x62,0x08,0x62,0x08,0x62,0x08,0x62,0x08,0x62,0x08,0x62,0x08,0xA3,0x10,0xA3,0x10,0x82,0x08,0x62,0x10,0x83,0x18,0x45,0x29,
  0xC7,0x31,0xC7,0x29,0xC7,0x29,0xC7,0x29,0x08,0x3A,0x66,0x29,0xA3,0x18,0x62,0x10,0x41,0x08,0x62,0x08,0xA3,0x10,0x62,0x08,
  0x62,0x08,0x62,0x08,0x62,0x08,0x62,0x08,0x62,0x08,0x62,0x08,0x62,0x08,0x62,0x08,0x62,0x08,0x62,0x08,0xA3,0x10,0x83,0x10,
  0xC3,0x18,0x62,0x10,0x62,0x10,0x83,0x18,0xE4,0x20,0xA3,0x18,0xA3,0x10,0x62,0x08,0x62,0x08,0x62,0x08,0x62,0x08,0x62,0x08,
  0x82,0x08,0x62,0x08,0x62,0x08,0x62,0x10,0x83,0x18,0xA3,0x18,0xC4,0x20,0xC4,0x18,0xE4,0x20,0xC3,0x18,0xA3,0x10,0x62,0x08,
  0x62,0x08,0x62,0x08,0x62,0x08,0x62,0x08,0x62,0x08,0x62,0x08,0x82,0x10,0x62,0x08,0xA3,0x18,0xE4,0x20,0xE4,0x20,0xE4,0x20,
  0xE4,0x20,0xA3,0x18,0x83,0x10,0x62,0x08,0x83,0x10,0xA3,0x10,0x62,0x08,0x62,0x08,0x42,0x08,0x62,0x08,0x62,0x08,0x83,0x10,
  0xC3,0x18,0xE4,0x20,0xE4,0x20,0xC3,0x18,0xA3,0x18,0x82,0x10,0x83,0x10,0x62,0x08,0x62,0x08,0x62,0x08,0x62,0x08,0x62,0x08,
  0x62,0x08,0x62,0x08,0x62,0x08,0x62,0x08,0x62,0x08,0x62,0x08,0x62,0x08,0x62,0x08,0x62,0x08,0x62,0x08,0x62,0x08,0x62,0x08,
  0x62,0x08,0x62,0x08,0x62,0x08,0x62,0x08,0x62,0x08,0x62,0x08,0x62,0x08,0x62,0x08,0x62,0x08,0x62,0x08,0x62,0x08,0x62,0x08,
  0x62,0x08,0x62,0x08,0x62,0x08,0x62,0x08,0x62,0x08,0x62,0x08,0x62,0x08,0x62,0x08,0x62,0x08,0x62,0x08,0xA3,0x10,0x83,0x10,
  0x62,0x08,0x62,0x08,0x62,0x08,0x62,0x08,0x62,0x08,0x62,0x08,0x62,0x08,0x62,0x08,0x62,0x08,0x62,0x08,0x62,0x08,0x62,0x08,
  0x83,0x10,0x83,0x10,0x45,0x21,0x33,0x55,0x74,0x4D,0x74,0x55,0x74,0x4D,0xD5,0x55,0xEF,0x53,0x21,0x08,0x62,0x08,0x62,0x08,
  0xA3,0x10,0xA3,0x10,0x83,0x10,0x62,0x08,0x62,0x08,0x62,0x08,0x62,0x08,0x62,0x08,0x62,0x08,0x62,0x08,0x62,0x08,0x62,0x08,
  0x62,0x08,0x62,0x08,0x62,0x08,0x62,0x08,0x62,0x08,0x62,0x08,0x62,0x08,0x42,0x08,0x4C,0x43,0xB1,0x4C,0x50,0x44,0x70,0x4C,
  0x50,0x4C,0x91,0x4C,0xCE,0x53,0x04,0x21,0xC4,0x18,0xC3,0x10,0x83,0x10,0x62,0x08,0x62,0x08,0x62,0x08,0x62,0x08,0x62,0x08,
  0x62,0x08,0x62,0x08,0x62,0x08,0x62,0x08,0x62,0x08,0x21,0x08,0x04,0x21,0xAA,0x3A,0x0F,0x44,0xD2,0x44,0x13,0x45,0x13,0x45,
  0x12,0x3D,0x12,0x3D,0x33,0x45,0xF2,0x44,0x90,0x44,0x8D,0x43,0x8A,0x3A,0x05,0x21,0x62,0x10,0x42,0x08,0x62,0x08,0x62,0x08,
  0x62,0x08,0x62,0x08,0x62,0x08,0x62,0x08,0x62,0x08,0x62,0x08,0x62,0x08,0x62,0x08,0xC4,0x18,0x8E,0x4B,0x91,0x44,0x50,0x44,
  0x50,0x44,0x50,0x44,0x91,0x44,0xAE,0x4B,0xC4,0x18,0x62,0x08,0x62,0x08,0x62,0x08,0x62,0x08,0x62,0x08,0x62,0x08,0x62,0x08,
  0x01,0x00,0x69,0x3A,0xD2,0x54,0x70,0x4C,0x90,0x4C,0x70,0x4C,0xD1,0x54,0x2C,0x4B,0x62,0x10,0x62,0x08,0x42,0x08,0x62,0x08,
  0x62,0x08,0x62,0x08,0x42,0x08,0x62,0x08,0x62,0x08,0xA3,0x18,0xEF,0x4B,0xB1,0x4C,0x90,0x4C,0x90,0x4C,0xB1,0x4C,0xEF,0x4B,
  0xA3,0x18,0x62,0x08,0x83,0x10,0x83,0x10,0x62,0x08,0x62,0x08,0x62,0x08,0x62,0x08,0x82,0x08,0x62,0x10,0x4D,0x4B,0xD1,0x54,
  0x70,0x4C,0x70,0x4C,0x91,0x4C,0x91,0x5C,0x66,0x29,0x21,0x00,0x62,0x08,0x62,0x08,0x62,0x08,0x62,0x08,0x62,0x08,0x62,0x08,
  0x62,0x08,0x62,0x08,0x62,0x08,0x62,0x08,0x62,0x08,0x62,0x08,0x62,0x08,0x62,0x08,0x62,0x08,0x62,0x08,0x62,0x08,0x62,0x08,
  0x62,0x08,0x62,0x08,0x42,0x08,0x21,0x08,0x01,0x08,0x01,0x08,0x01,0x08,0x01,0x08,0x21,0x08,0x62,0x08,0x62,0x08,0x62,0x08,
  0x62,0x08,0x62,0x08,0x62,0x08,0x62,0x08,0x62,0x08,0x62,0x08,0x62,0x08,0x62,0x08,0x83,0x10,0x83,0x10,0x62,0x08,0x83,0x10,
  0xA3,0x10,0xA3,0x10,0x62,0x08,0x42,0x08,0x62,0x08,0x62,0x08,0x62,0x08,0x62,0x08,0x62,0x08,0x62,0x08,0x83,0x10,0xA3,0x10,
  0x25,0x21,0xF2,0x3C,0x32,0x2D,0x12,0x35,0x12,0x35,0x73,0x35,0xCE,0x43,0x21,0x08,0x62,0x08,0x62,0x08,0xA3,0x10,0xA3,0x10,
  0xA3,0x10,0x62,0x08,0x62,0x08,0x62,0x08,0x62,0x08,0x62,0x08,0x62,0x08,0x62,0x08,0x62,0x08,0x62,0x08,0x42,0x08,0x42,0x08,
  0x42,0x08,0x62,0x08,0x62,0x08,0x82,0x10,0x62,0x08,0x25,0x21,0x33,0x4D,0x53,0x2D,0x53,0x35,0x53,0x2D,0x33,0x2D,0x32,0x2D,
  0x53,0x45,0x08,0x3A,0x82,0x10,0x62,0x08,0x62,0x08,0x62,0x08,0x62,0x08,0x42,0x08,0x62,0x08,0x62,0x08,0x62,0x08,0x82,0x08,
  0x62,0x08,0x42,0x08,0x62,0x10,0x8A,0x3A,0xF2,0x4C,0x73,0x3D,0x53,0x2D,0x12,0x2D,0x12,0x2D,0xF2,0x2C,0x12,0x2D,0x12,0x2D,
  0x12,0x2D,0x12,0x2D,0x33,0x2D,0x73,0x35,0x73,0x3D,0xF2,0x44,0x6D,0x4B,0x45,0x21,0x83,0x10,0x82,0x10,0x83,0x10,0x83,0x10,
  0x62,0x08,0x42,0x08,0x42,0x08,0x82,0x08,0x62,0x08,0x62,0x08,0x08,0x3A,0x74,0x45,0x33,0x2D,0x53,0x2D,0x53,0x2D,0x33,0x35,
  0x33,0x2D,0x73,0x45,0xA7,0x31,0x21,0x00,0x62,0x08,0x62,0x08,0x62,0x08,0x62,0x08,0x62,0x08,0x83,0x10,0x41,0x08,0x08,0x32,
  0x94,0x45,0x53,0x35,0x53,0x35,0x52,0x35,0x73,0x2D,0xF2,0x4C,0xA3,0x18,0x41,0x00,0x42,0x08,0x62,0x08,0x62,0x08,0x62,0x08,
  0x42,0x08,0x82,0x08,0x42,0x08,0xA7,0x29,0x94,0x45,0x53,0x2D,0x53,0x35,0x53,0x35,0x53,0x2D,0x74,0x4D,0x86,0x29,0x62,0x08,
  0xA3,0x10,0x83,0x10,0x42,0x08,0x62,0x08,0x42,0x08,0x62,0x08,0x62,0x08,0xC4,0x18,0x12,0x4D,0x73,0x35,0x53,0x35,0x53,0x35,
  0x73,0x35,0xB1,0x4C,0xC3,0x18,0x82,0x08,0x82,0x10,0x42,0x08,0x42,0x08,0x42,0x08,0x42,0x08,0x42,0x08,0x62,0x08,0x62,0x08,
  0x62,0x08,0x42,0x08,0x62,0x08,0x62,0x08,0x42,0x08,0x42,0x08,0x62,0x08,0x62,0x08,0x62,0x08,0x62,0x08,0x62,0x08,0x62,0x08,
  0xA3,0x18,0x2C,0x43,0xAD,0x3B,0x8D,0x3B,0x8D,0x43,0xAE,0x43,0xCB,0x3A,0x62,0x08,0x62,0x08,0x42,0x08,0x62,0x08,0x62,0x08,
  0x62,0x08,0x62,0x08,0x62,0x08,0x62,0x08,0x62,0x08,0x62,0x08,0x62,0x08,0x62,0x08,0x42,0x08,0x62,0x08,0x82,0x08,0x62,0x08,
  0x82,0x10,0x62,0x08,0x42,0x08,0x62,0x08,0x62,0x08,0x42,0x08,0x62,0x08,0x62,0x08,0x82,0x08,0x62,0x08,0x04,0x21,0xF2,0x44,
  0x33,0x35,0x32,0x3D,0x12,0x35,0x73,0x35,0xCE,0x43,0x62,0x10,0x83,0x10,0x82,0x10,0x62,0x08,0x62,0x08,0x62,0x08,0x42,0x08,
  0x62,0x08,0x62,0x08,0x42,0x08,0x62,0x08,0x62,0x08,0x62,0x08,0x62,0x08,0x42,0x08,0x42,0x08,0x42,0x08,0x42,0x08,0x62,0x08,
  0x62,0x08,0x83,0x10,0x42,0x10,0x2C,0x43,0x53,0x35,0xF1,0x2C,0xF2,0x2C,0xF2,0x34,0xF2,0x34,0xF2,0x34,0x53,0x35,0xCE,0x43,
  0x42,0x08,0x42,0x08,0x42,0x08,0x62,0x08,0x62,0x08,0x42,0x08,0x62,0x08,0x42,0x08,0x62,0x08,0xA3,0x10,0xC4,0x18,0x83,0x10,
  0x6D,0x4B,0x74,0x3D,0x32,0x2D,0xF2,0x2C,0x12,0x35,0x12,0x35,0xF2,0x2C,0xF1,0x2C,0xF2,0x2C,0xF2,0x2C,0x12,0x2D,0x12,0x35,
  0x12,0x35,0xF2,0x2C,0xF1,0x2C,0x12,0x25,0x74,0x45,0x6A,0x42,0x83,0x10,0xC3,0x10,0xA3,0x10,0xA3,0x10,0x82,0x08,0x42,0x08,
  0x42,0x08,0x62,0x08,0x62,0x08,0x62,0x10,0xCE,0x4B,0x32,0x2D,0xF2,0x34,0x12,0x2D,0xF2,0x34,0xF2,0x34,0xF2,0x34,0x53,0x35,
  0x8E,0x4B,0x21,0x08,0x83,0x10,0x62,0x08,0x42,0x08,0x41,0x08,0x82,0x10,0xC3,0x10,0xC3,0x10,0x04,0x21,0x91,0x4C,0x32,0x35,
  0x12,0x35,0x32,0x35,0x12,0x35,0x73,0x45,0x28,0x3A,0x21,0x08,0x62,0x08,0x42,0x08,0x41,0x08,0x62,0x08,0x62,0x08,0x83,0x10,
  0x83,0x10,0x8D,0x43,0x73,0x35,0x12,0x35,0x12,0x35,0x12,0x35,0x12,0x35,0x73,0x3D,0x2C,0x43,0x42,0x08,0xA3,0x10,0x82,0x08,
  0x42,0x08,0x42,0x08,0x42,0x08,0x62,0x08,0x42,0x08,0x49,0x3A,0x73,0x45,0x12,0x35,0x32,0x35,0x12,0x35,0x73,0x3D,0x6D,0x4B,
  0x62,0x10,0xA3,0x10,0x82,0x08,0x42,0x08,0x42,0x08,0x42,0x08,0x42,0x08,0x62,0x08,0x62,0x08,0x62,0x08,0x62,0x08,0x42,0x08,
  0x62,0x08,0x62,0x08,0x62,0x08,0x62,0x08,0x62,0x08,0x62,0x08,0x42,0x08,0x62,0x08,0x82,0x08,0x62,0x08,0xC4,0x18,0xD2,0x4C,
  0xB4,0x35,0x73,0x3D,0x73,0x3D,0xB4,0x3D,0x50,0x4C,0x42,0x08,0x62,0x08,0x42,0x08,0x62,0x08,0x62,0x08,0x62,0x08,0x62,0x08,
  0x62,0x08,0x62,0x08,0x62,0x08,0x42,0x08,0x42,0x08,0x42,0x08,0x42,0x08,0x42,0x08,0x62,0x08,0x62,0x08,0xA3,0x10,0x62,0x08,
  0x42,0x08,0x62,0x08,0x62,0x08,0x62,0x08,0x62,0x08,0x62,0x08,0x82,0x08,0x62,0x08,0x04,0x21,0xF2,0x44,0x32,0x35,0x32,0x35,
  0x12,0x35,0x73,0x35,0xCE,0x43,0x82,0x10,0xA3,0x10,0x83,0x10,0x62,0x08,0x62,0x08,0x62,0x08,0x42,0x08,0x42,0x08,0x62,0x08,
  0x62,0x08,0x62,0x08,0x62,0x08,0x62,0x08,0x42,0x08,0x42,0x08,0x62,0x08,0x62,0x08,0x62,0x08,0x62,0x08,0x62,0x08,0x83,0x10,
  0x25,0x21,0xB1,0x44,0x12,0x2D,0xF2,0x34,0x12,0x2D,0x12,0x35,0x12,0x2D,0x12,0x35,0x12,0x2D,0x33,0x45,0x45,0x21,0x21,0x00,
  0x62,0x08,0x62,0x08,0x62,0x08,0x62,0x08,0x62,0x08,0x62,0x08,0x62,0x08,0xC3,0x10,0xC4,0x18,0x0C,0x4B,0x73,0x3D,0xF1,0x2C,
  0x12,0x35,0x12,0x35,0x12,0x2D,0x12,0x2D,0x53,0x35,0x74,0x3D,0x73,0x3D,0x74,0x3D,0x73,0x35,0x53,0x2D,0x12,0x2D,0xF2,0x2C,
  0xF2,0x34,0x12,0x2D,0x50,0x54,0xE4,0x20,0xA3,0x10,0x83,0x10,0x83,0x10,0xA3,0x10,0x62,0x08,0x41,0x08,0x42,0x08,0x62,0x08,
  0x62,0x08,0x66,0x29,0x33,0x4D,0x12,0x2D,0x12,0x35,0x12,0x35,0x12,0x35,0x12,0x35,0x12,0x35,0x12,0x2D,0x33,0x4D,0x86,0x31,
  0x62,0x08,0x62,0x08,0x42,0x08,0x41,0x08,0x83,0x10,0xC3,0x18,0xC3,0x10,0x83,0x18,0x6D,0x4B,0x73,0x3D,0x12,0x35,0x32,0x35,
  0x12,0x35,0x73,0x35,0x8D,0x4B,0x42,0x10,0x42,0x08,0x42,0x08,0x42,0x08,0x42,0x08,0x42,0x08,0x83,0x10,0x04,0x21,0xB1,0x4C,
  0x32,0x35,0x12,0x3D,0x32,0x35,0x32,0x35,0x12,0x35,0x53,0x35,0x70,0x4C,0x83,0x10,0xA3,0x10,0x82,0x10,0x62,0x08,0x62,0x08,
  0x62,0x08,0x62,0x08,0x62,0x10,0xEF,0x4B,0x53,0x35,0x12,0x35,0x32,0x35,0x32,0x35,0x53,0x45,0xC7,0x31,0x83,0x10,0xA3,0x10,
  0x82,0x10,0x62,0x08,0x62,0x08,0x62,0x08,0x62,0x08,0x62,0x08,0x62,0x08,0x42,0x08,0x42,0x08,0x62,0x08,0x62,0x08,0x62,0x08,
  0x62,0x08,0x62,0x08,0x62,0x08,0x62,0x08,0x42,0x08,0x62,0x08,0x82,0x08,0x62,0x08,0xC3,0x18,0x91,0x4C,0x32,0x35,0x12,0x35,
  0x12,0x35,0x52,0x35,0x0F,0x44,0x62,0x10,0x62,0x08,0x82,0x08,0x62,0x08,0x62,0x08,0x42,0x08,0x62,0x08,0x62,0x08,0x42,0x08,
  0x42,0x08,0x62,0x08,0x62,0x08,0x62,0x08,0x62,0x08,0x62,0x08,0x42,0x08,0x42,0x08,0x83,0x10,0x62,0x08,0x62,0x08,0x62,0x08,
  0x62,0x08,0x62,0x08,0x62,0x08,0x42,0x08,0x83,0x10,0x62,0x08,0x25,0x21,0xF2,0x44,0x32,0x35,0x32,0x35,0x12,0x35,0x73,0x35,
  0xCE,0x43,0x62,0x10,0xC3,0x10,0xA3,0x10,0x42,0x08,0x42,0x08,0x42,0x08,0x41,0x00,0x62,0x08,0x82,0x08,0x62,0x08,0x62,0x08,
  0x62,0x08,0x62,0x08,0x42,0x08,0x62,0x08,0x62,0x08,0x62,0x08,0x62,0x08,0x62,0x08,0x82,0x08,0x42,0x08,0xCB,0x42,0x53,0x35,
  0xF2,0x2C,0x12,0x2D,0x12,0x2D,0x12,0x2D,0x12,0x2D,0x12,0x2D,0x12,0x35,0x73,0x35,0x8D,0x4B,0x82,0x10,0xC4,0x18,0x83,0x10,
  0x62,0x08,0x62,0x08,0x62,0x08,0x42,0x08,0x62,0x08,0x62,0x08,0x25,0x21,0xD2,0x4C,0x12,0x2D,0xF2,0x34,0x12,0x35,0x12,0x2D,
  0x32,0x2D,0x12,0x45,0xCE,0x43,0x0C,0x43,0xAA,0x3A,0xCB,0x3A,0x2C,0x43,0xCE,0x43,0xF2,0x44,0x53,0x3D,0x12,0x2D,0x53,0x35,
  0xAA,0x42,0x21,0x08,0x82,0x08,0x62,0x08,0x62,0x08,0x62,0x08,0x62,0x08,0x62,0x08,0x62,0x08,0x62,0x08,0x41,0x08,0x4C,0x43,
  0x74,0x35,0x12,0x2D,0x12,0x2D,0x12,0x35,0xF2,0x2C,0x12,0x35,0x12,0x2D,0x12,0x2D,0x73,0x35,0x4C,0x43,0x62,0x10,0x62,0x08,
  0x82,0x10,0xA3,0x10,0x62,0x08,0x62,0x08,0x62,0x08,0x82,0x10,0xE8,0x31,0x53,0x45,0x32,0x35,0x32,0x35,0x12,0x35,0x53,0x35,
  0x90,0x4C,0xA3,0x18,0x42,0x08,0x62,0x08,0x62,0x08,0x62,0x08,0x62,0x08,0x62,0x08,0xE8,0x31,0x53,0x45,0x12,0x35,0x12,0x35,
  0x12,0x35,0x32,0x35,0x32,0x35,0x32,0x35,0x33,0x45,0x86,0x29,0x62,0x08,0x42,0x08,0x62,0x08,0x62,0x08,0x62,0x08,0x62,0x08,
  0xC3,0x18,0xD1,0x44,0x32,0x35,0x12,0x35,0x12,0x35,0x52,0x35,0x70,0x4C,0x83,0x18,0x83,0x10,0xA3,0x10,0xA3,0x10,0x82,0x08,
  0x62,0x08,0x62,0x10,0x83,0x18,0xC4,0x18,0xC4,0x18,0xC3,0x18,0x83,0x10,0x62,0x10,0x42,0x08,0x62,0x08,0xA3,0x10,0x62,0x08,
  0x62,0x08,0x62,0x08,0x42,0x08,0x62,0x08,0x42,0x08,0x41,0x08,0xC3,0x18,0x91,0x4C,0x32,0x35,0x12,0x35,0x12,0x35,0x53,0x35,
  0x50,0x4C,0x62,0x10,0x21,0x08,0x41,0x08,0x62,0x10,0x83,0x10,0x82,0x10,0x42,0x08,0x42,0x08,0x62,0x08,0x83,0x10,0xA3,0x10,
  0xA3,0x10,0x62,0x08,0x62,0x10,0x82,0x10,0xA3,0x18,0xA3,0x18,0xC4,0x18,0xE4,0x20,0x83,0x18,0x42,0x08,0x82,0x10,0x82,0x08,
  0x62,0x08,0x42,0x08,0x82,0x08,0x62,0x08,0x45,0x21,0xF2,0x44,0x32,0x35,0x32,0x35,0x12,0x35,0x73,0x35,0xCE,0x43,0x82,0x10,
  0xA3,0x10,0x62,0x10,0x62,0x10,0xA3,0x18,0xC3,0x18,0xA3,0x18,0x83,0x18,0x83,0x10,0x83,0x10,0xA3,0x10,0x62,0x08,0x42,0x08,
  0x62,0x08,0x62,0x08,0x62,0x08,0x62,0x08,0x62,0x08,0x62,0x08,0x41,0x00,0xA3,0x18,0xB1,0x4C,0x32,0x2D,0x12,0x2D,0x12,0x2D,
  0x12,0x2D,0x53,0x3D,0x32,0x2D,0x12,0x2D,0x12,0x35,0xF2,0x2C,0x12,0x4D,0xC7,0x31,0xA3,0x10,0xA3,0x10,0x62,0x08,0x62,0x08,
  0x62,0x08,0x42,0x08,0x62,0x08,0x21,0x08,0x08,0x32,0x53,0x45,0xF2,0x2C,0x12,0x35,0xF2,0x2C,0x12,0x2D,0xD1,0x4C,0xA7,0x31,
  0x42,0x10,0x21,0x08,0x21,0x08,0x21,0x08,0x42,0x10,0xA3,0x18,0x46,0x29,0x6A,0x3A,0x91,0x4C,0xD2,0x5C,0xC4,0x18,0x21,0x00,
  0x62,0x08,0x62,0x08,0x62,0x08,0x62,0x08,0x62,0x08,0x62,0x08,0x62,0x08,0x82,0x08,0x05,0x21,0xD2,0x44,0x33,0x2D,0x12,0x2D,
  0x12,0x35,0x12,0x35,0x53,0x45,0x12,0x2D,0x12,0x35,0x12,0x2D,0x32,0x2D,0xF2,0x44,0x25,0x29,0xA3,0x10,0xA3,0x10,0xA3,0x10,
  0x62,0x08,0x42,0x08,0x42,0x08,0x82,0x08,0xA3,0x18,0x91,0x4C,0x53,0x35,0x32,0x35,0x32,0x35,0x32,0x35,0x73,0x45,0xE7,0x31,
  0x21,0x00,0x82,0x10,0x62,0x08,0x62,0x08,0x62,0x08,0x42,0x08,0x6D,0x43,0x93,0x3D,0x12,0x35,0x32,0x35,0x32,0x35,0x32,0x35,
  0x32,0x35,0x12,0x35,0x93,0x3D,0xEB,0x42,0x21,0x08,0x62,0x08,0x62,0x08,0x62,0x08,0x82,0x08,0x21,0x00,0x28,0x32,0x93,0x45,
  0x12,0x35,0x32,0x35,0x12,0x35,0x73,0x3D,0x2C,0x43,0x62,0x10,0xA3,0x10,0x62,0x08,0x62,0x10,0x66,0x29,0xAB,0x42,0xAE,0x4B,
  0x50,0x4C,0xD1,0x4C,0xB1,0x44,0xD2,0x4C,0x91,0x4C,0x0F,0x4C,0x2C,0x43,0x08,0x3A,0xA3,0x18,0x42,0x08,0x62,0x08,0x41,0x08,
  0x62,0x08,0x82,0x10,0xA7,0x29,0xE7,0x29,0x49,0x3A,0xD1,0x4C,0x32,0x35,0x12,0x35,0x12,0x3D,0x33,0x35,0xB1,0x54,0x49,0x3A,
  0x49,0x3A,0x49,0x32,0x49,0x32,0x45,0x21,0x62,0x08,0x42,0x08,0x42,0x08,0x82,0x08,0xC3,0x10,0x82,0x10,0xC4,0x18,0x28,0x3A,
  0x6D,0x43,0x2F,0x4C,0xD1,0x4C,0xB1,0x44,0xD2,0x44,0xD1,0x4C,0x2F,0x4C,0x0B,0x43,0x66,0x29,0x21,0x08,0x42,0x08,0x62,0x08,
  0x82,0x08,0x62,0x08,0x45,0x29,0xF2,0x44,0x32,0x35,0x32,0x35,0x12,0x35,0x73,0x35,0xCE,0x43,0x22,0x10,0xC7,0x31,0x4D,0x43,
  0x70,0x4C,0xD2,0x4C,0xD2,0x4C,0xB1,0x4C,0xEF,0x4B,0xCB,0x42,0x05,0x21,0x62,0x08,0x82,0x10,0x42,0x08,0x62,0x08,0x62,0x08,
  0x62,0x08,0x62,0x08,0x62,0x08,0x82,0x08,0x01,0x00,0x69,0x3A,0x74,0x3D,0x12,0x2D,0x12,0x35,0x12,0x2D,0x32,0x35,0xAE,0x53,
  0x12,0x3D,0x12,0x2D,0x12,0x2D,0xF2,0x34,0x53,0x35,0x6D,0x4B,0xC3,0x18,0xA3,0x10,0x82,0x08,0x62,0x08,0x42,0x08,0x42,0x08,
  0x62,0x08,0x42,0x08,0x69,0x32,0x73,0x3D,0x12,0x2D,0x12,0x2D,0xF2,0x2C,0x53,0x35,0x2C,0x43,0x21,0x08,0xC3,0x10,0xA3,0x10,
  0xC3,0x10,0xA3,0x10,0xC3,0x10,0xA3,0x10,0x62,0x08,0x01,0x00,0xC4,0x18,0x45,0x29,0x62,0x08,0x42,0x08,0x42,0x08,0x62,0x08,
  0x62,0x08,0x62,0x08,0x62,0x08,0x62,0x08,0xA3,0x10,0xA3,0x18,0x2C,0x4B,0x53,0x35,0xF2,0x2C,0x12,0x35,0x12,0x2D,0x12,0x3D,
  0xEF,0x5B,0x33,0x35,0x12,0x2D,0x12,0x35,0xF2,0x2C,0x53,0x35,0x2C,0x43,0x83,0x10,0xE4,0x18,0x83,0x10,0x62,0x08,0x62,0x08,
  0x42,0x08,0x83,0x10,0x42,0x08,0x2C,0x43,0x94,0x3D,0x12,0x35,0x32,0x35,0x12,0x35,0x73,0x3D,0xAD,0x43,0x62,0x10,0x82,0x08,
  0x82,0x08,0x82,0x08,0x62,0x08,0xE4,0x20,0xD2,0x4C,0x53,0x35,0x32,0x35,0x32,0x35,0x32,0x35,0x32,0x35,0x32,0x35,0x32,0x35,
  0x53,0x35,0x70,0x4C,0xA3,0x18,0x62,0x08,0x62,0x08,0x83,0x10,0x82,0x08,0x62,0x10,0xEE,0x4B,0x73,0x3D,0x12,0x35,0x32,0x35,
  0x32,0x35,0x53,0x4D,0x86,0x29,0x62,0x08,0x82,0x08,0x66,0x29,0xCE,0x53,0x33,0x4D,0x74,0x3D,0x53,0x3D,0x53,0x35,0x33,0x35,
  0x53,0x35,0x33,0x35,0x53,0x35,0x53,0x35,0x53,0x3D,0x53,0x4D,0x0F,0x54,0x04,0x21,0x21,0x00,0x62,0x08,0x83,0x10,0xC4,0x18,
  0xB1,0x54,0x73,0x45,0x53,0x45,0x32,0x3D,0x12,0x35,0x12,0x35,0x12,0x35,0x12,0x35,0x33,0x3D,0x73,0x45,0x73,0x3D,0x53,0x3D,
  0xB4,0x4D,0xEB,0x42,0x01,0x00,0x62,0x08,0x41,0x08,0x82,0x08,0x21,0x08,0xC7,0x31,0x70,0x54,0x53,0x45,0x73,0x3D,0x53,0x3D,
  0x32,0x35,0x32,0x35,0x33,0x35,0x33,0x35,0x53,0x35,0x94,0x3D,0x33,0x4D,0x4D,0x43,0xA3,0x18,0x42,0x08,0xA3,0x10,0x83,0x10,
  0x66,0x29,0xF2,0x44,0x32,0x35,0x12,0x35,0x12,0x35,0x53,0x35,0x50,0x4C,0x6D,0x4B,0x53,0x4D,0x94,0x3D,0x53,0x35,0x53,0x35,
  0x33,0x35,0x32,0x35,0x53,0x35,0x74,0x45,0xD2,0x54,0xE8,0x31,0x41,0x08,0x62,0x08,0x62,0x08,0x62,0x08,0x62,0x08,0x62,0x08,
  0x82,0x08,0x83,0x10,0xA3,0x18,0x50,0x4C,0x33,0x2D,0x12,0x35,0x12,0x2D,0x33,0x2D,0xB1,0x44,0xE4,0x20,0x2F,0x44,0x32,0x2D,
  0xF2,0x34,0x12,0x35,0x12,0x2D,0xF2,0x4C,0x45,0x29,0x62,0x08,0x42,0x08,0x42,0x08,0x42,0x08,0x62,0x08,0x83,0x10,0x42,0x10,
  0x8A,0x32,0x53,0x3D,0xF2,0x2C,0x12,0x2D,0x12,0x2D,0x53,0x2D,0xCF,0x4B,0x83,0x18,0x82,0x10,0xC4,0x18,0xE4,0x18,0xC3,0x10,
  0xA3,0x10,0x82,0x08,0x62,0x08,0x82,0x08,0x41,0x00,0x21,0x00,0x42,0x08,0x62,0x08,0x62,0x08,0x62,0x08,0x42,0x08,0x62,0x08,
  0x82,0x10,0xA3,0x10,0xA3,0x10,0x25,0x29,0x91,0x44,0x12,0x2D,0xF2,0x34,0xF2,0x2C,0x53,0x2D,0x50,0x44,0xE4,0x28,0xB2,0x4C,
  0x32,0x2D,0x12,0x35,0xF2,0x34,0x12,0x2D,0xD1,0x4C,0x45,0x29,0xC3,0x18,0xA3,0x10,0x62,0x08,0x62,0x08,0x62,0x08,0xA3,0x10,
  0x42,0x08,0xA7,0x31,0x73,0x4D,0x32,0x35,0x32,0x35,0x12,0x35,0x32,0x35,0xD2,0x4C,0x46,0x29,0xA3,0x10,0xC4,0x18,0xE4,0x18,
  0x62,0x08,0x49,0x3A,0x74,0x45,0x12,0x35,0x33,0x35,0x32,0x35,0x53,0x35,0x33,0x35,0x32,0x35,0x33,0x3D,0x12,0x35,0x53,0x4D,
  0x08,0x3A,0x83,0x10,0xC3,0x18,0xA3,0x10,0x82,0x08,0x45,0x29,0x12,0x4D,0x32,0x35,0x32,0x35,0x12,0x35,0x53,0x35,0x70,0x4C,
  0x62,0x10,0x42,0x00,0x25,0x21,0x13,0x55,0x74,0x3D,0x32,0x35,0x12,0x35,0x12,0x35,0x12,0x35,0x12,0x35,0x12,0x35,0x12,0x35,
  0x12,0x35,0x12,0x35,0x12,0x35,0x12,0x35,0x74,0x3D,0xF2,0x4C,0x86,0x29,0x62,0x08,0xA3,0x10,0xE4,0x20,0x50,0x4C,0x33,0x35,
  0x12,0x35,0x32,0x35,0x32,0x35,0x32,0x35,0x32,0x35,0x32,0x35,0x32,0x35,0x12,0x35,0x12,0x35,0xF1,0x2C,0x53,0x3D,0xCB,0x42,
  0x42,0x08,0x83,0x10,0x82,0x08,0x42,0x08,0x6A,0x3A,0x53,0x4D,0x73,0x35,0x12,0x35,0x12,0x35,0x12,0x35,0x12,0x3D,0x12,0x35,
  0x12,0x3D,0x13,0x3D,0x12,0x35,0x12,0x35,0x32,0x2D,0x94,0x3D,0x70,0x54,0x45,0x29,0xC3,0x18,0x83,0x10,0x25,0x21,0xF2,0x44,
  0x33,0x35,0x32,0x35,0x33,0x35,0x12,0x35,0x53,0x45,0x53,0x3D,0x12,0x35,0x12,0x35,0x12,0x35,0x12,0x35,0x12,0x35,0x12,0x35,
  0x12,0x35,0x12,0x35,0x53,0x35,0x53,0x4D,0x08,0x3A,0x82,0x10,0x62,0x08,0x62,0x08,0x62,0x08,0x62,0x08,0x82,0x08,0x21,0x08,
  0x29,0x3A,0x53,0x3D,0xF2,0x2C,0x12,0x2D,0x12,0x2D,0x73,0x35,0x0B,0x43,0x01,0x08,0xEB,0x42,0x53,0x3D,0xF2,0x2C,0x12,0x2D,
  0xF2,0x2C,0x73,0x35,0xEB,0x42,0x21,0x08,0x62,0x08,0x62,0x08,0x62,0x08,0x42,0x08,0x83,0x10,0x82,0x10,0x8A,0x3A,0x53,0x3D,
  0xF2,0x2C,0x12,0x35,0x12,0x35,0xF2,0x34,0x32,0x35,0xEF,0x4B,0x6A,0x3A,0x66,0x29,0xA3,0x18,0x42,0x08,0x41,0x08,0x41,0x08,
  0x42,0x08,0x62,0x08,0x82,0x08,0x82,0x10,0x82,0x08,0x62,0x08,0x62,0x08,0x62,0x08,0x62,0x08,0x62,0x08,0x62,0x08,0x62,0x08,
  0x21,0x08,0x6A,0x3A,0x53,0x3D,0xF2,0x2C,0x12,0x35,0xF1,0x2C,0x53,0x3D,0xAA,0x3A,0x01,0x08,0x2C,0x43,0x53,0x35,0xF2,0x2C,
  0x12,0x35,0xF2,0x34,0x53,0x3D,0xCB,0x42,0x62,0x10,0x82,0x08,0x62,0x08,0x62,0x08,0x62,0x08,0x82,0x10,0x82,0x08,0x83,0x10,
  0x70,0x4C,0x53,0x35,0x12,0x35,0x12,0x35,0x12,0x35,0x53,0x45,0x8A,0x42,0x62,0x10,0xA3,0x10,0xA3,0x10,0x42,0x10,0xCE,0x4B,
  0x73,0x3D,0x12,0x35,0x33,0x3D,0x32,0x35,0x33,0x55,0x33,0x4D,0x32,0x35,0x32,0x35,0x12,0x35,0x53,0x3D,0x6D,0x4B,0xA3,0x18,
  0xC4,0x18,0xA3,0x10,0x62,0x10,0x69,0x3A,0x73,0x3D,0x12,0x35,0x32,0x35,0x12,0x35,0x73,0x35,0xEC,0x42,0x01,0x00,0x62,0x08,
  0x83,0x10,0x2F,0x4C,0x53,0x35,0x12,0x3D,0x12,0x35,0x53,0x35,0x73,0x3D,0x73,0x3D,0x73,0x3D,0x73,0x3D,0x32,0x35,0x12,0x35,
  0x33,0x35,0x32,0x35,0x12,0x35,0x73,0x35,0xB1,0x54,0xE4,0x20,0xC3,0x10,0xE4,0x20,0x70,0x44,0x53,0x2D,0x32,0x35,0x32,0x35,
  0x32,0x35,0x32,0x35,0x32,0x35,0x32,0x35,0x32,0x35,0x32,0x35,0x32,0x35,0x12,0x2D,0x73,0x3D,0xEB,0x42,0x62,0x10,0xA3,0x10,
  0x82,0x10,0x69,0x3A,0x94,0x4D,0x33,0x2D,0x12,0x35,0x33,0x35,0x12,0x35,0x12,0x35,0x53,0x35,0x53,0x35,0x53,0x35,0x32,0x35,
  0x12,0x35,0x32,0x35,0x32,0x35,0xF1,0x34,0x53,0x35,0x2F,0x4C,0xA3,0x18,0x42,0x08,0x04,0x21,0xF2,0x44,0x53,0x35,0x32,0x35,
  0x32,0x35,0x32,0x35,0x32,0x35,0x12,0x35,0x12,0x35,0x12,0x35,0x33,0x35,0x33,0x35,0x12,0x35,0x32,0x35,0x32,0x35,0x32,0x35,
  0x12,0x35,0x33,0x35,0xF2,0x54,0x25,0x29,0x42,0x08,0x62,0x08,0x62,0x08,0x42,0x08,0x83,0x10,0x83,0x18,0x0F,0x44,0x53,0x2D,
  0xF2,0x34,0x12,0x2D,0x12,0x2D,0x12,0x45,0x66,0x29,0x83,0x10,0x46,0x29,0xD2,0x4C,0x12,0x2D,0x12,0x35,0x12,0x35,0x33,0x2D,
  0xD2,0x4C,0xC3,0x18,0x41,0x00,0x42,0x08,0x82,0x08,0x62,0x08,0x62,0x08,0xA3,0x10,0xA7,0x31,0x13,0x45,0xF2,0x2C,0xF2,0x34,
  0x12,0x35,0x12,0x35,0xF2,0x2C,0x33,0x35,0x53,0x3D,0xF2,0x44,0x2F,0x4C,0x2C,0x43,0xC7,0x29,0xE4,0x18,0x62,0x10,0x21,0x08,
  0x82,0x10,0xA3,0x10,0xA3,0x10,0x42,0x08,0x62,0x08,0x62,0x08,0x62,0x08,0x62,0x08,0x42,0x08,0x82,0x08,0x83,0x18,0x50,0x4C,
  0x53,0x2D,0x12,0x35,0xF2,0x34,0x12,0x2D,0xD2,0x4C,0x66,0x29,0xA3,0x10,0xA7,0x31,0x12,0x4D,0xF2,0x2C,0x12,0x35,0x12,0x35,
  0x32,0x2D,0x90,0x4C,0xC3,0x18,0x62,0x08,0x62,0x08,0x62,0x08,0x42,0x08,0x62,0x08,0x82,0x10,0x42,0x08,0xEB,0x42,0x73,0x3D,
  0x12,0x35,0x12,0x35,0x12,0x35,0x53,0x35,0xAE,0x4B,0x62,0x10,0x82,0x08,0x42,0x08,0x04,0x21,0xF2,0x4C,0x32,0x35,0x32,0x35,
  0x12,0x35,0x94,0x3D,0xEB,0x42,0xCE,0x43,0x73,0x35,0x12,0x35,0x12,0x35,0x52,0x35,0x91,0x4C,0xA3,0x18,0x62,0x08,0x83,0x10,
  0xA3,0x18,0x0F,0x4C,0x53,0x35,0x12,0x35,0x32,0x35,0x32,0x35,0x32,0x45,0xA7,0x29,0x62,0x08,0x83,0x10,0x62,0x10,0x08,0x3A,
  0x53,0x45,0x33,0x2D,0x74,0x45,0xD2,0x4C,0xCE,0x43,0x6D,0x43,0x4D,0x43,0x8D,0x4B,0xF2,0x4C,0x73,0x3D,0x33,0x35,0x32,0x35,
  0x32,0x35,0x12,0x35,0x73,0x45,0xAA,0x42,0x83,0x10,0xC4,0x18,0x50,0x54,0x74,0x4D,0x33,0x4D,0x33,0x3D,0x32,0x35,0x32,0x35,
  0x33,0x35,0x33,0x35,0x53,0x45,0x53,0x4D,0x33,0x4D,0x33,0x4D,0x94,0x55,0xAA,0x42,0x42,0x08,0xA3,0x10,0xC7,0x31,0x53,0x4D,
  0x12,0x35,0x32,0x35,0x33,0x35,0x32,0x35,0x53,0x35,0x74,0x4D,0x50,0x4C,0xEF,0x4B,0x2F,0x4C,0xF2,0x4C,0x73,0x3D,0x12,0x35,
  0x12,0x35,0x12,0x35,0x53,0x2D,0xB4,0x4D,0xC7,0x31,0x01,0x00,0x25,0x21,0xF2,0x44,0x52,0x35,0x32,0x35,0x32,0x35,0x32,0x35,
  0x33,0x35,0x32,0x35,0x73,0x3D,0x33,0x4D,0x91,0x4C,0xD1,0x44,0x73,0x45,0x53,0x35,0x12,0x35,0x32,0x35,0x32,0x35,0x12,0x35,
  0x73,0x3D,0x0C,0x43,0x42,0x08,0x42,0x08,0x62,0x08,0x62,0x08,0x42,0x08,0xC7,0x31,0x53,0x45,0x12,0x2D,0x12,0x35,0xF2,0x34,
  0x32,0x2D,0xEF,0x4B,0xC4,0x20,0xC3,0x10,0x62,0x10,0x6D,0x4B,0x73,0x35,0x12,0x2D,0x12,0x35,0x12,0x2D,0x74,0x3D,0xAB,0x42,
  0x42,0x08,0xC3,0x10,0xC3,0x18,0xA3,0x10,0x62,0x08,0xA3,0x10,0xA3,0x18,0x6D,0x4B,0x73,0x3D,0xF2,0x2C,0xF2,0x34,0x12,0x2D,
  0x12,0x35,0x12,0x2D,0x12,0x2D,0x32,0x2D,0x53,0x2D,0x73,0x35,0x53,0x3D,0xF1,0x44,0x2F,0x44,0xEB,0x42,0xC7,0x31,0xA3,0x18,
  0xA3,0x10,0x82,0x08,0x62,0x08,0x62,0x08,0x83,0x10,0x62,0x08,0x62,0x08,0x62,0x08,0x08,0x32,0x73,0x3D,0x12,0x2D,0x12,0x35,
  0xF2,0x2C,0x53,0x35,0x8D,0x4B,0x83,0x18,0xC4,0x10,0xA3,0x18,0xCE,0x4B,0x32,0x35,0x12,0x2D,0x12,0x35,0x12,0x2D,0x73,0x3D,
  0x49,0x32,0x41,0x08,0xA3,0x10,0x42,0x08,0x42,0x08,0x62,0x08,0x82,0x08,0x42,0x08,0xA7,0x31,0x33,0x4D,0x12,0x2D,0x32,0x35,
  0x12,0x35,0x32,0x35,0xF2,0x4C,0xE4,0x20,0x62,0x08,0x21,0x08,0x28,0x32,0x74,0x45,0x12,0x35,0x32,0x35,0x12,0x2D,0x74,0x4D,
  0xC7,0x31,0xEB,0x42,0x74,0x3D,0x11,0x35,0x32,0x35,0x32,0x35,0x53,0x45,0xA7,0x29,0x62,0x08,0x62,0x08,0x25,0x21,0xF2,0x44,
  0x32,0x35,0x32,0x35,0x12,0x35,0x73,0x35,0x70,0x4C,0x83,0x18,0x62,0x08,0x83,0x10,0xC4,0x18,0xC4,0x18,0x2F,0x54,0xB1,0x4C,
  0xCB,0x42,0x46,0x29,0x62,0x10,0x41,0x08,0x21,0x08,0x62,0x10,0x05,0x21,0xEF,0x4B,0x73,0x3D,0x12,0x35,0x12,0x35,0x12,0x35,
  0x53,0x35,0xEE,0x4B,0x82,0x10,0xA3,0x10,0x05,0x21,0x25,0x21,0xA7,0x39,0xD1,0x4C,0x33,0x35,0x32,0x35,0x32,0x35,0x53,0x35,
  0xB1,0x54,0x66,0x31,0x25,0x21,0x25,0x21,0x66,0x29,0xA3,0x10,0x62,0x08,0x83,0x18,0xEE,0x4B,0x53,0x35,0x12,0x35,0x32,0x35,
  0x12,0x35,0x53,0x35,0xD2,0x4C,0x29,0x3A,0x83,0x18,0x82,0x10,0xA3,0x18,0x46,0x29,0x6D,0x4B,0x52,0x45,0x53,0x2D,0x93,0x3D,
  0x91,0x4C,0x08,0x32,0xA3,0x10,0x42,0x08,0x05,0x21,0xF2,0x44,0x32,0x35,0x32,0x35,0x32,0x35,0x32,0x35,0x32,0x35,0x53,0x45,
  0x2C,0x4B,0xA7,0x31,0xE4,0x20,0xC4,0x18,0x08,0x3A,0xD1,0x4C,0x32,0x35,0x12,0x35,0x32,0x35,0x32,0x35,0x53,0x35,0x71,0x4C,
  0x42,0x08,0x42,0x08,0x62,0x08,0x62,0x08,0x82,0x10,0xCE,0x4B,0x53,0x35,0x12,0x2D,0x12,0x2D,0x12,0x2D,0x53,0x45,0x08,0x3A,
  0x82,0x10,0xC3,0x10,0x42,0x08,0x45,0x21,0x53,0x45,0x12,0x2D,0x12,0x2D,0x12,0x35,0x32,0x2D,0xB1,0x4C,0x25,0x29,0xE4,0x18,
  0xE4,0x18,0xC3,0x10,0xA3,0x10,0x83,0x10,0xA3,0x10,0x83,0x10,0x8D,0x4B,0x73,0x3D,0x33,0x2D,0x12,0x2D,0x12,0x2D,0x12,0x35,
  0x12,0x35,0x12,0x35,0x12,0x35,0xF2,0x2C,0xF2,0x2C,0x12,0x2D,0x32,0x2D,0x53,0x3D,0x12,0x4D,0x8E,0x4B,0xE4,0x20,0x21,0x00,
  0x62,0x08,0x62,0x08,0x62,0x08,0x83,0x10,0xC3,0x10,0x62,0x10,0x0F,0x44,0x53,0x2D,0x12,0x35,0x12,0x35,0x12,0x2D,0x33,0x45,
  0xA7,0x31,0x83,0x10,0xE4,0x18,0x83,0x10,0xE7,0x31,0x53,0x45,0x12,0x2D,0x12,0x35,0x12,0x2D,0x53,0x2D,0x50,0x44,0xA3,0x18,
  0xC4,0x18,0xA3,0x10,0x62,0x08,0x62,0x08,0x62,0x08,0x62,0x08,0xA3,0x18,0x2F,0x4C,0x53,0x35,0x32,0x35,0x32,0x35,0x12,0x35,
  0x94,0x45,0x49,0x32,0x42,0x08,0x42,0x08,0xCE,0x4B,0x73,0x3D,0x12,0x35,0x12,0x35,0x32,0x2D,0xB1,0x54,0x04,0x21,0xA7,0x31,
  0x32,0x45,0x32,0x35,0x32,0x35,0x32,0x35,0x93,0x3D,0x6D,0x43,0x21,0x08,0x42,0x08,0x69,0x3A,0x73,0x3D,0x12,0x35,0x32,0x35,
  0x12,0x35,0x94,0x3D,0xCB,0x3A,0x21,0x08,0x83,0x10,0x62,0x08,0x83,0x10,0xA3,0x10,0x25,0x21,0x25,0x21,0x62,0x08,0x82,0x10,
  0x42,0x08,0x00,0x00,0x00,0x00,0x42,0x08,0x01,0x00,0xC4,0x20,0xF2,0x4C,0x32,0x35,0x12,0x35,0x12,0x35,0x53,0x35,0x70,0x44,
  0xA3,0x18,0xA3,0x10,0x62,0x08,0x62,0x08,0xC4,0x18,0xB1,0x4C,0x53,0x35,0x12,0x35,0x12,0x35,0x53,0x35,0x0F,0x44,0x42,0x10,
  0x62,0x08,0x62,0x08,0x83,0x10,0x82,0x08,0x42,0x08,0x45,0x29,0x12,0x45,0x12,0x35,0x12,0x35,0x12,0x35,0x12,0x35,0x12,0x4D,
  0x86,0x31,0x41,0x08,0x82,0x08,0xA3,0x10,0x83,0x10,0x82,0x08,0x42,0x10,0x0B,0x43,0x12,0x55,0x8A,0x3A,0x62,0x10,0x62,0x08,
  0xC3,0x10,0x62,0x08,0x25,0x21,0xF2,0x44,0x32,0x35,0x32,0x35,0x32,0x35,0x32,0x35,0x73,0x45,0x0C,0x4B,0x42,0x10,0xA3,0x10,
  0xA3,0x10,0xA3,0x10,0xA3,0x10,0x08,0x3A,0x32,0x45,0x32,0x35,0x32,0x35,0x32,0x35,0x32,0x35,0x33,0x4D,0x41,0x08,0x62,0x08,
  0x62,0x08,0x21,0x00,0x87,0x31,0x33,0x45,0xF2,0x2C,0x12,0x35,0x12,0x2D,0x52,0x2D,0x70,0x4C,0xA3,0x18,0x83,0x08,0xA3,0x10,
  0x83,0x08,0x42,0x10,0xEE,0x43,0x52,0x2D,0x12,0x2D,0x12,0x2D,0xF1,0x2C,0x53,0x3D,0x6A,0x3A,0x82,0x10,0xC4,0x18,0xA3,0x10,
  0x82,0x08,0x62,0x08,0x62,0x08,0x62,0x08,0x42,0x10,0x49,0x3A,0x91,0x4C,0x53,0x3D,0x73,0x35,0x33,0x2D,0x12,0x2D,0xF1,0x2C,
  0xF1,0x2C,0xF2,0x34,0xF2,0x34,0x12,0x35,0xF2,0x34,0xF1,0x2C,0x11,0x25,0x73,0x35,0x30,0x4C,0xA3,0x18,0x62,0x08,0x62,0x08,
  0xA3,0x10,0xC3,0x10,0xA3,0x18,0x08,0x3A,0x32,0x3D,0xF2,0x2C,0x12,0x2D,0x12,0x2D,0x53,0x35,0x0F,0x4C,0x62,0x10,0x82,0x08,
  0x82,0x08,0x82,0x08,0x82,0x10,0x30,0x4C,0x53,0x35,0x12,0x2D,0x12,0x2D,0xF2,0x2C,0x53,0x3D,0x49,0x3A,0x82,0x10,0xA3,0x10,
  0x62,0x08,0x42,0x08,0x42,0x08,0x62,0x08,0x21,0x08,0xCA,0x3A,0x94,0x3D,0x12,0x35,0x32,0x35,0x12,0x35,0x94,0x35,0xAE,0x43,
  0x42,0x10,0x25,0x29,0xD2,0x4C,0x33,0x35,0x32,0x35,0x12,0x35,0x73,0x3D,0x4D,0x43,0x62,0x10,0xA3,0x18,0x50,0x4C,0x53,0x35,
  0x32,0x35,0x32,0x35,0x53,0x35,0xB1,0x4C,0xA3,0x18,0x62,0x10,0xEF,0x43,0x73,0x3D,0x12,0x35,0x32,0x35,0x12,0x2D,0x13,0x45,
  0x66,0x29,0x42,0x08,0x62,0x08,0x62,0x08,0x62,0x08,0xA3,0x10,0x62,0x08,0x62,0x10,0x25,0x29,0xE8,0x31,0x08,0x2A,0x8A,0x3A,
  0x8A,0x3A,0xAA,0x3A,0xEB,0x42,0x0C,0x4B,0xD2,0x54,0x33,0x35,0x32,0x35,0x32,0x35,0x52,0x35,0xF2,0x4C,0x04,0x21,0x82,0x08,
  0x82,0x10,0x82,0x08,0xC4,0x18,0x91,0x4C,0x53,0x35,0x12,0x35,0x12,0x35,0x53,0x35,0x2F,0x4C,0x62,0x10,0x83,0x10,0x83,0x10,
  0x82,0x08,0x62,0x08,0x21,0x00,0x49,0x3A,0x94,0x45,0x12,0x35,0x32,0x35,0x12,0x35,0x53,0x3D,0x6D,0x4B,0x83,0x18,0xA3,0x10,
  0x42,0x08,0x42,0x08,0x62,0x08,0x62,0x08,0x62,0x08,0x82,0x10,0xA3,0x18,0x21,0x08,0x42,0x08,0x62,0x08,0x82,0x08,0x62,0x08,
  0x25,0x21,0xF2,0x44,0x32,0x35,0x32,0x35,0x12,0x35,0x52,0x2D,0xF1,0x4C,0xC4,0x18,0x62,0x08,0x62,0x08,0x82,0x08,0x82,0x08,
  0xC3,0x10,0x82,0x10,0x50,0x54,0x73,0x35,0x32,0x35,0x32,0x35,0x12,0x35,0x53,0x45,0x42,0x08,0x62,0x08,0x82,0x08,0x21,0x08,
  0x4D,0x43,0x53,0x35,0xF2,0x34,0x12,0x35,0xF2,0x2C,0x53,0x3D,0xCB,0x4A,0x42,0x10,0x82,0x10,0x82,0x10,0x83,0x18,0x83,0x18,
  0x29,0x42,0x32,0x45,0xF1,0x2C,0x12,0x2D,0xF2,0x34,0x12,0x2D,0x50,0x4C,0xC4,0x18,0xA3,0x10,0x62,0x08,0x41,0x08,0x42,0x08,
  0x62,0x08,0x42,0x08,0x62,0x08,0x42,0x08,0xA3,0x18,0xC7,0x31,0x6D,0x43,0xB1,0x4C,0x12,0x45,0x33,0x3D,0x53,0x35,0x32,0x2D,
  0xF2,0x2C,0xF2,0x2C,0x12,0x2D,0x12,0x2D,0x12,0x35,0xF1,0x2C,0x93,0x35,0x6D,0x43,0x62,0x10,0xC4,0x18,0xA3,0x10,0xC3,0x10,
  0xA3,0x18,0xCE,0x4B,0x32,0x35,0xF1,0x2C,0x12,0x2D,0xF1,0x2C,0x53,0x45,0x28,0x3A,0x21,0x08,0x83,0x10,0x83,0x10,0xA3,0x18,
  0x42,0x10,0x49,0x42,0x53,0x3D,0xF2,0x2C,0x12,0x35,0xF2,0x34,0x32,0x2D,0x0F,0x4C,0x83,0x18,0x62,0x08,0x42,0x08,0x42,0x08,
  0x42,0x08,0x42,0x08,0x41,0x08,0x46,0x29,0x33,0x4D,0x32,0x35,0x32,0x35,0x32,0x35,0x53,0x35,0xF2,0x44,0xE4,0x20,0x69,0x3A,
  0x73,0x45,0x12,0x35,0x32,0x35,0x32,0x35,0x53,0x4D,0x86,0x29,0x62,0x08,0x83,0x10,0xEB,0x42,0x73,0x3D,0x32,0x35,0x32,0x35,
  0x32,0x35,0x53,0x45,0xA7,0x29,0x04,0x21,0x12,0x4D,0x32,0x35,0x32,0x35,0x12,0x35,0x53,0x35,0x70,0x4C,0xC4,0x20,0xA3,0x10,
  0x83,0x10,0x42,0x08,0x62,0x08,0x62,0x10,0x66,0x29,0xAE,0x43,0xF2,0x4C,0x53,0x45,0x53,0x3D,0x73,0x45,0x73,0x45,0x73,0x3D,
  0x73,0x3D,0x74,0x3D,0x33,0x3D,0x32,0x35,0x32,0x35,0x32,0x35,0x32,0x35,0x13,0x4D,0x25,0x21,0x62,0x08,0x62,0x08,0x62,0x08,
  0xC3,0x18,0xB1,0x4C,0x53,0x35,0x12,0x35,0x12,0x35,0x53,0x35,0x2F,0x44,0x41,0x08,0x62,0x08,0x62,0x08,0x62,0x08,0x42,0x08,
  0x21,0x08,0x2C,0x43,0x94,0x3D,0x32,0x35,0x33,0x35,0x32,0x35,0x74,0x45,0x28,0x3A,0x62,0x08,0x82,0x10,0x62,0x08,0x62,0x08,
  0x42,0x08,0x42,0x08,0x42,0x08,0x42,0x08,0x41,0x00,0x62,0x08,0x42,0x08,0x62,0x08,0x82,0x10,0x42,0x08,0x25,0x21,0xF2,0x44,
  0x32,0x35,0x12,0x35,0x12,0x35,0x53,0x35,0x2F,0x4C,0x41,0x08,0x42,0x08,0x62,0x08,0x42,0x08,0x42,0x08,0x62,0x08,0x01,0x08,
  0x6D,0x43,0x73,0x3D,0x12,0x35,0x32,0x35,0x32,0x35,0x33,0x45,0x62,0x08,0x62,0x08,0x83,0x10,0x46,0x29,0x12,0x4D,0x12,0x2D,
  0x12,0x35,0x12,0x2D,0xF2,0x2C,0x12,0x3D,0xB1,0x4C,0x70,0x4C,0x91,0x4C,0x91,0x4C,0x91,0x4C,0x91,0x4C,0xB1,0x54,0x12,0x3D,
  0xF2,0x2C,0x12,0x35,0x12,0x2D,0xF2,0x2C,0x53,0x3D,0x08,0x32,0x62,0x08,0x62,0x08,0x62,0x08,0x62,0x08,0x62,0x08,0x42,0x08,
  0xA3,0x10,0xA3,0x10,0x83,0x10,0x62,0x10,0x62,0x10,0xE4,0x20,0x86,0x29,0x69,0x3A,0x4D,0x43,0x0F,0x44,0x13,0x45,0x53,0x35,
  0x12,0x2D,0x12,0x35,0x12,0x2D,0x12,0x35,0x12,0x2D,0xF2,0x44,0x66,0x29,0xA3,0x10,0x62,0x08,0x41,0x00,0x86,0x29,0x32,0x45,
  0xF2,0x2C,0x12,0x2D,0x12,0x35,0xF2,0x2C,0x12,0x35,0x91,0x4C,0x90,0x4C,0x91,0x4C,0x91,0x4C,0x91,0x4C,0x90,0x4C,0x91,0x54,
  0x12,0x3D,0xF2,0x2C,0x12,0x35,0x12,0x35,0xF2,0x2C,0x53,0x45,0xE8,0x31,0x01,0x00,0x62,0x08,0x42,0x08,0x62,0x08,0x62,0x08,
  0xA3,0x10,0xA3,0x18,0x2F,0x4C,0x53,0x35,0x12,0x35,0x32,0x35,0x12,0x35,0x93,0x45,0x08,0x3A,0x4C,0x3B,0x73,0x3D,0x12,0x35,
  0x12,0x35,0x53,0x35,0x90,0x4C,0xA3,0x18,0x82,0x08,0x83,0x10,0x45,0x29,0x32,0x4D,0x32,0x35,0x32,0x35,0x12,0x35,0x94,0x3D,
  0x0C,0x43,0x08,0x32,0x94,0x45,0x12,0x35,0x32,0x3D,0x12,0x35,0x73,0x3D,0xCB,0x3A,0xA3,0x18,0xE4,0x18,0xA3,0x10,0xA3,0x10,
  0x41,0x08,0x49,0x3A,0x53,0x4D,0x93,0x35,0x33,0x35,0x12,0x35,0x12,0x35,0xF1,0x2C,0x12,0x2D,0x12,0x35,0x12,0x35,0x32,0x35,
  0x32,0x35,0x32,0x35,0x32,0x35,0x32,0x35,0x32,0x35,0x12,0x4D,0x05,0x21,0x82,0x08,0x83,0x10,0x62,0x08,0xC3,0x18,0xB1,0x4C,
  0x53,0x35,0x12,0x35,0x12,0x35,0x53,0x35,0x2F,0x4C,0x42,0x10,0x62,0x08,0x62,0x08,0x62,0x08,0x62,0x08,0x01,0x08,0x8D,0x43,
  0x94,0x3D,0x12,0x35,0x32,0x35,0x32,0x35,0x53,0x45,0x66,0x29,0x62,0x08,0x62,0x08,0x62,0x08,0x62,0x08,0x62,0x08,0x42,0x08,
  0x62,0x08,0x62,0x08,0x62,0x08,0x62,0x08,0x62,0x08,0x62,0x08,0x62,0x08,0x62,0x08,0x25,0x21,0xF2,0x44,0x32,0x35,0x32,0x35,
  0x12,0x35,0x73,0x35,0xCE,0x43,0x21,0x08,0x62,0x08,0x62,0x08,0x42,0x08,0x42,0x08,0x62,0x08,0x21,0x08,0x4D,0x43,0x73,0x3D,
  0x12,0x35,0x32,0x35,0x32,0x35,0x33,0x3D,0x62,0x08,0xA3,0x10,0x83,0x10,0x0C,0x43,0x73,0x3D,0x12,0x2D,0x12,0x2D,0x12,0x2D,
  0x12,0x2D,0xF2,0x2C,0x12,0x2D,0x32,0x2D,0x32,0x2D,0x32,0x2D,0x32,0x2D,0x32,0x2D,0x12,0x25,0xF2,0x2C,0x12,0x35,0x12,0x2D,
  0x12,0x2D,0x12,0x2D,0x53,0x2D,0x0F,0x44,0x62,0x10,0xA3,0x10,0x62,0x08,0x62,0x08,0x83,0x10,0x62,0x08,0x62,0x08,0x83,0x10,
  0x83,0x10,0x83,0x10,0x83,0x08,0x62,0x08,0x62,0x08,0x42,0x08,0x21,0x08,0x42,0x10,0x05,0x21,0x8D,0x43,0x53,0x3D,0x12,0x2D,
  0x12,0x35,0x12,0x2D,0xF1,0x2C,0x33,0x3D,0x69,0x3A,0x42,0x08,0x82,0x08,0x42,0x10,0x2C,0x43,0x73,0x35,0xF2,0x34,0x12,0x35,
  0x12,0x35,0x12,0x35,0xF2,0x2C,0x32,0x2D,0x32,0x2D,0x33,0x2D,0x33,0x2D,0x33,0x2D,0x32,0x2D,0x12,0x2D,0xF2,0x2C,0x12,0x35,
  0x12,0x35,0x12,0x2D,0xF2,0x2C,0x53,0x35,0xCE,0x43,0x62,0x10,0x82,0x08,0x62,0x08,0x62,0x08,0x62,0x08,0x82,0x08,0x42,0x08,
  0xEB,0x42,0x74,0x3D,0x12,0x35,0x32,0x35,0x12,0x35,0x53,0x35,0x50,0x5C,0xB1,0x4C,0x53,0x35,0x32,0x35,0x12,0x35,0x53,0x35,
  0x6D,0x4B,0x83,0x10,0xC3,0x10,0xA3,0x10,0x83,0x10,0x2F,0x44,0x53,0x35,0x12,0x35,0x12,0x35,0x33,0x35,0x91,0x4C,0x0F,0x54,
  0x53,0x35,0x12,0x35,0x12,0x35,0x32,0x2D,0x53,0x4D,0x25,0x21,0x62,0x08,0xA3,0x10,0xC3,0x10,0xA3,0x10,0x08,0x3A,0x54,0x4D,
  0x32,0x2D,0x12,0x35,0x32,0x35,0x32,0x35,0x73,0x3D,0x74,0x4D,0x12,0x45,0xF2,0x44,0xF2,0x44,0x12,0x45,0x53,0x45,0x33,0x35,
  0x32,0x35,0x32,0x35,0x32,0x35,0x12,0x4D,0x05,0x21,0x82,0x10,0xA3,0x10,0x82,0x08,0xC4,0x18,0xB1,0x4C,0x53,0x35,0x32,0x35,
  0x12,0x35,0x73,0x35,0x2F,0x4C,0x42,0x10,0x62,0x08,0x62,0x08,0x62,0x08,0x62,0x08,0x01,0x08,0x2C,0x43,0x94,0x3D,0x12,0x35,
  0x32,0x35,0x32,0x35,0x73,0x45,0x08,0x32,0x62,0x10,0x62,0x08,0x62,0x08,0x62,0x08,0x62,0x08,0x42,0x08,0x62,0x08,0x82,0x08,
  0x82,0x08,0x82,0x08,0x62,0x08,0x82,0x10,0xA3,0x10,0x62,0x08,0x25,0x21,0xF2,0x44,0x32,0x35,0x32,0x35,0x12,0x35,0x73,0x35,
  0xAD,0x3B,0x41,0x08,0xA3,0x10,0x62,0x08,0x62,0x08,0x62,0x08,0x62,0x08,0x21,0x08,0x4D,0x43,0x73,0x3D,0x12,0x35,0x32,0x35,
  0x32,0x35,0x33,0x3D,0x62,0x08,0x62,0x08,0x25,0x29,0xD1,0x44,0x12,0x2D,0x12,0x35,0x12,0x2D,0x12,0x2D,0x12,0x2D,0x12,0x2D,
  0xF2,0x2C,0xF1,0x2C,0xF2,0x2C,0xF2,0x34,0xF2,0x34,0xF2,0x34,0xF2,0x34,0xF2,0x34,0xF2,0x34,0x12,0x2D,0x12,0x35,0x12,0x35,
  0x12,0x2D,0x53,0x45,0xC8,0x31,0x62,0x08,0xA3,0x10,0xA3,0x10,0xC4,0x18,0xE4,0x18,0x25,0x21,0x62,0x10,0xC3,0x10,0xC3,0x10,
  0xC3,0x18,0xA3,0x10,0x62,0x08,0x62,0x08,0x62,0x08,0x42,0x08,0x21,0x00,0x62,0x10,0xCE,0x4B,0x32,0x2D,0xF2,0x34,0x12,0x35,
  0xF1,0x2C,0x33,0x35,0x8A,0x3A,0x42,0x08,0x62,0x08,0x25,0x21,0xF2,0x4C,0x32,0x2D,0x12,0x2D,0x12,0x35,0x12,0x2D,0xF2,0x2C,
  0x12,0x35,0xF2,0x34,0xF2,0x2C,0xF2,0x34,0xF2,0x34,0xF2,0x34,0xF2,0x2C,0x12,0x35,0x12,0x2D,0x12,0x2D,0x12,0x35,0x12,0x2D,
  0x12,0x2D,0x12,0x2D,0x53,0x45,0x86,0x29,0x42,0x08,0x82,0x08,0x62,0x08,0x62,0x08,0x82,0x08,0x62,0x08,0x46,0x29,0x33,0x4D,
  0x32,0x2D,0x32,0x35,0x32,0x35,0x32,0x35,0x73,0x4D,0x53,0x3D,0x12,0x35,0x32,0x35,0x32,0x35,0x53,0x45,0xE8,0x31,0x83,0x10,
  0xA3,0x10,0xA3,0x10,0x62,0x10,0xAA,0x3A,0x73,0x3D,0x12,0x35,0x32,0x35,0x12,0x35,0x53,0x45,0x73,0x4D,0x12,0x35,0x32,0x35,
  0x12,0x35,0x73,0x35,0x2F,0x44,0x21,0x08,0x42,0x00,0x42,0x08,0x83,0x08,0xA3,0x18,0x0F,0x54,0x53,0x35,0x12,0x35,0x33,0x35,
  0x32,0x35,0x53,0x45,0x8D,0x43,0xA7,0x29,0x46,0x29,0x46,0x29,0x46,0x29,0x05,0x21,0xCF,0x43,0x73,0x35,0x32,0x35,0x32,0x35,
  0x32,0x35,0x12,0x4D,0x05,0x21,0x82,0x10,0xA3,0x10,0x82,0x08,0xC4,0x18,0xB1,0x4C,0x53,0x35,0x12,0x35,0x12,0x35,0x73,0x35,
  0x2F,0x44,0x42,0x08,0x62,0x08,0x62,0x08,0x62,0x08,0x62,0x08,0x01,0x00,0x69,0x3A,0x73,0x45,0x12,0x35,0x32,0x35,0x12,0x35,
  0x73,0x3D,0x6D,0x4B,0x62,0x10,0x82,0x08,0x62,0x08,0x62,0x08,0x42,0x08,0x42,0x08,0x62,0x08,0xC4,0x18,0x66,0x29,0x83,0x10,
  0x83,0x10,0x83,0x10,0xA3,0x10,0x62,0x08,0x25,0x21,0xF2,0x44,0x32,0x35,0x32,0x35,0x12,0x35,0x73,0x35,0xAE,0x3B,0x21,0x08,
  0xA3,0x10,0x62,0x08,0x62,0x08,0x62,0x08,0x62,0x08,0x21,0x08,0x6D,0x43,0x73,0x3D,0x12,0x35,0x32,0x35,0x32,0x35,0x33,0x3D,
  0x62,0x08,0x42,0x08,0xEB,0x42,0x53,0x35,0xF1,0x2C,0x12,0x35,0x12,0x35,0x12,0x2D,0x32,0x2D,0x52,0x2D,0x52,0x2D,0x32,0x2D,
  0x32,0x2D,0x32,0x2D,0x32,0x2D,0x32,0x2D,0x32,0x2D,0x32,0x2D,0x52,0x2D,0x12,0x2D,0x12,0x35,0x12,0x35,0x12,0x2D,0x32,0x2D,
  0x0F,0x4C,0xC3,0x18,0xA3,0x10,0xE4,0x18,0xA3,0x18,0xAA,0x3A,0x13,0x4D,0xCB,0x42,0x04,0x21,0x42,0x08,0x62,0x08,0x82,0x08,
  0x62,0x08,0x62,0x08,0x62,0x08,0x82,0x08,0x83,0x08,0x42,0x10,0x8E,0x4B,0x33,0x35,0xF2,0x34,0x12,0x35,0xF2,0x2C,0x33,0x3D,
  0x8A,0x3A,0x82,0x10,0x41,0x08,0x0B,0x43,0x74,0x35,0x12,0x2D,0x12,0x2D,0x12,0x2D,0x12,0x2D,0x32,0x2D,0x32,0x2D,0x32,0x2D,
  0x32,0x2D,0x32,0x2D,0x32,0x2D,0x32,0x2D,0x32,0x2D,0x32,0x2D,0x53,0x2D,0x33,0x2D,0x12,0x2D,0x12,0x2D,0x12,0x2D,0x12,0x2D,
  0x53,0x35,0xAE,0x43,0xA3,0x18,0xA3,0x10,0x82,0x08,0x62,0x08,0xA3,0x10,0x82,0x08,0x41,0x08,0x0F,0x4C,0x73,0x3D,0x12,0x35,
  0x32,0x35,0x32,0x35,0x32,0x35,0x12,0x35,0x32,0x35,0x12,0x35,0x53,0x35,0x70,0x4C,0x62,0x10,0x82,0x08,0xA3,0x10,0xA3,0x10,
  0x82,0x08,0x45,0x29,0x33,0x4D,0x33,0x35,0x32,0x35,0x32,0x3D,0x12,0x35,0x12,0x35,0x32,0x35,0x32,0x35,0x12,0x35,0x73,0x3D,
  0xAA,0x3A,0x01,0x00,0x62,0x08,0x42,0x08,0x42,0x08,0xC4,0x18,0xB1,0x4C,0x32,0x35,0x12,0x35,0x12,0x35,0x53,0x35,0x70,0x54,
  0x83,0x18,0x21,0x00,0x83,0x10,0x82,0x10,0xA3,0x10,0x62,0x10,0xAE,0x43,0x53,0x35,0x12,0x35,0x32,0x35,0x32,0x35,0x12,0x4D,
  0x05,0x21,0x83,0x10,0xA3,0x10,0x82,0x08,0xC4,0x18,0x91,0x4C,0x53,0x35,0x12,0x35,0x12,0x3D,0x53,0x35,0x50,0x4C,0x42,0x10,
  0x62,0x08,0x82,0x08,0x62,0x08,0x62,0x08,0x21,0x00,0x45,0x21,0x32,0x4D,0x12,0x35,0x32,0x35,0x12,0x35,0x12,0x35,0x32,0x4D,
  0xA7,0x31,0x00,0x00,0x62,0x08,0x62,0x08,0x83,0x08,0x62,0x08,0x21,0x10,0x4D,0x4B,0x33,0x4D,0x6D,0x4B,0x66,0x31,0x82,0x10,
  0xA3,0x10,0x62,0x08,0x25,0x21,0xF2,0x44,0x32,0x35,0x12,0x35,0x12,0x35,0x73,0x35,0xAE,0x3B,0x41,0x08,0xC3,0x10,0x82,0x08,
  0x62,0x08,0x62,0x08,0x82,0x08,0x21,0x08,0x6D,0x43,0x73,0x3D,0x12,0x35,0x32,0x35,0x32,0x35,0x33,0x3D,0x62,0x08,0xC4,0x20,
  0xB1,0x4C,0x12,0x2D,0xF1,0x2C,0xF2,0x34,0xF2,0x34,0x12,0x3D,0xB1,0x54,0x70,0x4C,0x70,0x4C,0x70,0x4C,0x70,0x4C,0x70,0x4C,
  0x70,0x4C,0x70,0x4C,0x70,0x4C,0x50,0x4C,0x90,0x4C,0x32,0x3D,0x12,0x2D,0x12,0x35,0x12,0x35,0xF1,0x2C,0x33,0x45,0xC7,0x31,
  0x62,0x08,0x83,0x10,0xA3,0x18,0x70,0x4C,0x32,0x2D,0x53,0x3D,0x71,0x4C,0x0B,0x43,0xA7,0x31,0xC4,0x18,0x82,0x10,0x42,0x10,
  0x82,0x10,0x83,0x18,0xC3,0x18,0x6A,0x42,0x12,0x45,0x12,0x2D,0x12,0x2D,0x12,0x2D,0xF2,0x2C,0x12,0x45,0x08,0x3A,0xA3,0x10,
  0x25,0x29,0xB1,0x44,0x12,0x2D,0x12,0x2D,0x12,0x2D,0x12,0x2D,0x12,0x3D,0x91,0x54,0x91,0x4C,0x91,0x4C,0x71,0x4C,0x71,0x4C,
  0x71,0x4C,0x71,0x4C,0x71,0x4C,0x91,0x4C,0x71,0x4C,0x91,0x54,0x32,0x3D,0x12,0x2D,0x12,0x2D,0x12,0x2D,0xF2,0x2C,0x12,0x45,
  0xA7,0x31,0x62,0x08,0x62,0x08,0x62,0x08,0x62,0x08,0x62,0x08,0x21,0x00,0x8A,0x3A,0x74,0x45,0x12,0x35,0x32,0x35,0x32,0x35,
  0x32,0x35,0x32,0x35,0x32,0x35,0x12,0x35,0x74,0x3D,0x0C,0x43,0x01,0x00,0x62,0x08,0x82,0x08,0x82,0x10,0x82,0x08,0x41,0x08,
  0x2F,0x4C,0x73,0x3D,0x12,0x35,0x32,0x35,0x32,0x35,0x32,0x35,0x32,0x35,0x32,0x35,0x12,0x35,0x33,0x45,0x86,0x29,0x42,0x08,
  0x62,0x08,0x62,0x08,0x62,0x08,0xE4,0x20,0xF2,0x54,0x32,0x35,0x12,0x35,0x12,0x3D,0x53,0x35,0x50,0x54,0xA3,0x18,0xA3,0x10,
  0xA3,0x10,0x62,0x08,0x21,0x00,0x66,0x29,0xF2,0x4C,0x32,0x35,0x12,0x35,0x32,0x35,0x32,0x35,0x12,0x4D,0x05,0x21,0x83,0x10,
  0xA3,0x10,0xA3,0x10,0xA3,0x18,0x70,0x4C,0x53,0x35,0x32,0x35,0x32,0x35,0x33,0x35,0x13,0x4D,0x66,0x31,0x62,0x10,0x62,0x10,
  0x25,0x21,0xC3,0x18,0x62,0x08,0xA3,0x18,0x50,0x4C,0x52,0x35,0x12,0x35,0x12,0x35,0x12,0x35,0x53,0x35,0xD1,0x4C,0xC7,0x31,
  0x83,0x18,0x83,0x10,0x83,0x18,0xE4,0x20,0x2C,0x43,0x53,0x45,0x12,0x2D,0x53,0x3D,0x12,0x4D,0x4C,0x4B,0x46,0x29,0x41,0x08,
  0x25,0x21,0xF2,0x44,0x32,0x35,0x32,0x35,0x12,0x35,0x73,0x35,0xAE,0x3B,0x41,0x08,0x82,0x08,0x62,0x08,0x62,0x08,0x62,0x08,
  0x82,0x08,0x42,0x10,0x6D,0x43,0x73,0x3D,0x12,0x35,0x32,0x35,0x32,0x35,0x32,0x3D,0x21,0x08,0x69,0x3A,0x73,0x45,0x12,0x2D,
  0x12,0x2D,0xF2,0x2C,0x12,0x2D,0x50,0x54,0xC4,0x20,0x83,0x18,0x82,0x10,0x83,0x10,0x82,0x10,0x62,0x10,0x62,0x10,0x62,0x10,
  0x62,0x10,0x42,0x10,0x83,0x18,0x2F,0x54,0x32,0x35,0xF2,0x2C,0x12,0x2D,0xF2,0x2C,0x73,0x35,0x8D,0x43,0x62,0x10,0x82,0x10,
  0x8A,0x42,0x53,0x3D,0xF1,0x2C,0xF2,0x2C,0x32,0x2D,0x54,0x35,0x33,0x45,0xB1,0x4C,0x0F,0x44,0x8D,0x3B,0x8E,0x43,0xCE,0x43,
  0x91,0x4C,0x53,0x3D,0x32,0x2D,0x12,0x2D,0x12,0x2D,0x12,0x35,0x32,0x2D,0x91,0x4C,0xE4,0x20,0x82,0x10,0xEB,0x42,0x53,0x3D,
  0xF1,0x2C,0x12,0x35,0x12,0x2D,0x53,0x35,0xEF,0x4B,0x83,0x18,0xA3,0x18,0xA3,0x18,0x83,0x10,0xA3,0x18,0xA3,0x18,0xA3,0x18,
  0x83,0x18,0xA3,0x18,0xA3,0x18,0x62,0x18,0xCE,0x4B,0x53,0x35,0x12,0x2D,0x12,0x2D,0xF2,0x2C,0x53,0x35,0x4D,0x43,0x42,0x10,
  0x82,0x08,0x62,0x08,0x62,0x08,0x62,0x08,0x42,0x08,0xE4,0x20,0xD2,0x4C,0x32,0x35,0x12,0x35,0x32,0x35,0x32,0x35,0x32,0x35,
  0x32,0x35,0x32,0x35,0x53,0x45,0xA7,0x31,0x41,0x08,0x62,0x08,0x62,0x08,0x42,0x08,0x62,0x08,0x01,0x00,0xAB,0x42,0x73,0x3D,
  0x12,0x35,0x32,0x35,0x32,0x35,0x32,0x35,0x32,0x35,0x12,0x35,0x53,0x35,0x30,0x4C,0xA3,0x18,0x82,0x08,0x62,0x08,0x82,0x08,
  0x83,0x10,0x83,0x18,0x70,0x4C,0x53,0x35,0x12,0x35,0x32,0x35,0x32,0x35,0x53,0x45,0x4C,0x4B,0x66,0x31,0x04,0x21,0xC4,0x18,
  0x28,0x32,0xD2,0x4C,0x73,0x35,0x32,0x35,0x32,0x35,0x32,0x35,0x32,0x35,0x12,0x4D,0x05,0x21,0x82,0x10,0xA3,0x10,0x82,0x08,
  0x42,0x10,0xCE,0x43,0x73,0x3D,0x12,0x35,0x32,0x35,0x32,0x35,0x52,0x35,0xD2,0x4C,0x6D,0x4B,0x4C,0x43,0x12,0x55,0x4C,0x43,
  0x82,0x10,0xA3,0x10,0x08,0x3A,0x73,0x4D,0x12,0x2D,0x33,0x3D,0x32,0x35,0x32,0x35,0x53,0x35,0x73,0x4D,0x30,0x4C,0xAE,0x4B,
  0xAE,0x4B,0x91,0x4C,0x74,0x45,0x32,0x35,0x32,0x35,0x12,0x35,0x12,0x2D,0xB4,0x45,0xAA,0x42,0x41,0x08,0x25,0x21,0xF2,0x44,
  0x33,0x35,0x32,0x35,0x32,0x35,0x73,0x3D,0xAE,0x3B,0x21,0x08,0x62,0x08,0x62,0x08,0x62,0x08,0x42,0x08,0x82,0x08,0x42,0x10,
  0x6D,0x43,0x73,0x3D,0x12,0x35,0x32,0x35,0x32,0x35,0x32,0x3D,0xA3,0x18,0x50,0x4C,0x53,0x35,0x12,0x35,0x12,0x35,0xF2,0x2C,
  0x53,0x3D,0x29,0x3A,0x82,0x10,0xA3,0x10,0x83,0x10,0x82,0x08,0x82,0x08,0x82,0x08,0x62,0x08,0x62,0x08,0x82,0x08,0x83,0x10,
  0x83,0x10,0x29,0x3A,0x32,0x45,0xF2,0x2C,0x12,0x35,0x12,0x2D,0x12,0x2D,0x32,0x45,0x86,0x29,0xE4,0x20,0x91,0x4C,0x12,0x2D,
  0xF2,0x34,0x12,0x2D,0x12,0x2D,0x12,0x2D,0x12,0x2D,0x32,0x2D,0x33,0x2D,0x33,0x35,0x33,0x35,0x32,0x35,0x12,0x2D,0xF2,0x2C,
  0x12,0x35,0x12,0x35,0x12,0x35,0x12,0x2D,0x94,0x45,0x28,0x3A,0x41,0x08,0xA3,0x18,0x90,0x4C,0x12,0x2D,0xF1,0x34,0xF2,0x34,
  0xF2,0x2C,0x33,0x45,0xC7,0x31,0x41,0x00,0x82,0x08,0x82,0x08,0x82,0x08,0x82,0x08,0x82,0x08,0x83,0x10,0x83,0x10,0x82,0x08,
  0x82,0x08,0x42,0x08,0xC7,0x31,0x33,0x45,0xF2,0x2C,0x12,0x35,0xF2,0x34,0x12,0x2D,0xD1,0x44,0xC4,0x18,0x41,0x00,0x62,0x08,
  0x42,0x08,0x42,0x08,0x82,0x08,0xA3,0x18,0xEF,0x4B,0x53,0x35,0x12,0x35,0x32,0x35,0x32,0x35,0x32,0x35,0x32,0x35,0x73,0x35,
  0x4F,0x4C,0xA3,0x18,0x83,0x10,0x62,0x08,0x62,0x08,0x62,0x08,0x62,0x08,0x82,0x08,0x66,0x29,0x12,0x4D,0x32,0x35,0x32,0x3D,
  0x32,0x35,0x32,0x35,0x32,0x35,0x12,0x35,0x73,0x3D,0xAA,0x42,0x83,0x10,0x82,0x08,0x42,0x08,0x62,0x08,0xA3,0x10,0x83,0x10,
  0x0C,0x43,0x94,0x3D,0x12,0x35,0x32,0x35,0x33,0x35,0x32,0x35,0x53,0x45,0xF2,0x4C,0xD2,0x54,0xB1,0x4C,0x73,0x45,0x53,0x35,
  0x32,0x2D,0x33,0x35,0x32,0x35,0x32,0x35,0x32,0x35,0x12,0x4D,0x25,0x21,0x62,0x08,0x82,0x10,0x82,0x08,0x01,0x00,0x49,0x32,
  0x94,0x45,0x12,0x35,0x32,0x35,0x32,0x35,0x32,0x35,0x33,0x35,0x73,0x3D,0x73,0x3D,0x73,0x2D,0xB1,0x54,0x25,0x29,0xA3,0x10,
  0x62,0x10,0x0C,0x43,0xB4,0x4D,0x33,0x35,0x32,0x35,0x32,0x35,0x12,0x35,0x12,0x35,0x53,0x35,0x73,0x3D,0x73,0x3D,0x33,0x35,
  0x12,0x35,0x32,0x35,0x32,0x35,0x12,0x35,0x73,0x3D,0xCF,0x4B,0xE4,0x20,0x83,0x10,0x66,0x29,0xF2,0x44,0x32,0x35,0x32,0x35,
  0x12,0x35,0x73,0x3D,0xAE,0x43,0x21,0x08,0x62,0x08,0x62,0x08,0x62,0x08,0x62,0x08,0x82,0x08,0x42,0x10,0x6D,0x43,0x73,0x3D,
  0x12,0x35,0x32,0x35,0x32,0x35,0x32,0x3D,0x49,0x3A,0x12,0x3D,0xF2,0x2C,0x12,0x35,0x12,0x35,0x33,0x2D,0x70,0x4C,0x62,0x10,
  0x42,0x08,0x62,0x08,0x62,0x08,0x62,0x08,0x62,0x08,0x62,0x08,0x62,0x08,0x62,0x08,0x62,0x08,0x62,0x08,0x83,0x10,0x83,0x18,
  0x2F,0x4C,0x53,0x35,0x12,0x35,0x12,0x2D,0xF2,0x2C,0x33,0x35,0x4D,0x4B,0x83,0x18,0x2C,0x43,0x33,0x45,0x54,0x35,0x12,0x2D,
  0x12,0x2D,0xF2,0x34,0xF2,0x34,0xF2,0x34,0xF2,0x34,0xF2,0x34,0xF2,0x34,0xF2,0x34,0xF2,0x34,0xF2,0x34,0xF1,0x2C,0xF1,0x2C,
  0x32,0x2D,0x53,0x45,0xAB,0x42,0x42,0x08,0x21,0x08,0x29,0x3A,0x53,0x45,0xF2,0x2C,0xF2,0x2C,0xF1,0x2C,0x12,0x2D,0x50,0x4C,
  0xE4,0x20,0xA3,0x10,0x62,0x08,0x62,0x08,0x62,0x08,0x62,0x08,0x62,0x08,0xA3,0x10,0x62,0x08,0x62,0x08,0x62,0x08,0xC3,0x10,
  0xE4,0x20,0x50,0x4C,0x12,0x2D,0xF2,0x2C,0xF2,0x34,0xF2,0x2C,0x53,0x3D,0xEB,0x42,0x21,0x08,0x83,0x10,0x62,0x08,0x82,0x08,
  0x83,0x10,0x62,0x10,0x69,0x3A,0x73,0x3D,0x12,0x35,0x32,0x35,0x12,0x35,0x12,0x35,0x12,0x35,0x94,0x3D,0xCB,0x3A,0x42,0x08,
  0x62,0x08,0x62,0x08,0x62,0x08,0xA3,0x10,0x62,0x08,0x82,0x08,0x62,0x10,0x0F,0x4C,0x73,0x3D,0x12,0x35,0x12,0x35,0x12,0x35,
  0x32,0x35,0x32,0x35,0x33,0x4D,0x45,0x29,0x83,0x10,0x62,0x08,0x62,0x08,0x62,0x08,0x62,0x08,0x42,0x08,0xA3,0x18,0xB1,0x54,
  0x93,0x35,0x12,0x35,0x12,0x35,0x32,0x35,0x12,0x35,0x32,0x35,0x32,0x35,0x32,0x35,0x12,0x35,0x32,0x35,0x74,0x4D,0x33,0x3D,
  0x32,0x35,0x12,0x3D,0x32,0x35,0x12,0x4D,0x45,0x29,0x82,0x10,0x62,0x08,0x42,0x08,0x41,0x00,0x83,0x10,0x90,0x54,0x93,0x35,
  0x12,0x35,0x32,0x35,0x12,0x35,0x12,0x35,0x12,0x35,0x12,0x35,0x12,0x35,0x53,0x45,0x08,0x32,0x01,0x00,0x42,0x08,0x42,0x08,
  0x0C,0x4B,0x74,0x4D,0x53,0x35,0x12,0x35,0x12,0x35,0x12,0x3D,0x32,0x35,0x12,0x35,0x12,0x35,0x12,0x3D,0x12,0x35,0x12,0x35,
  0x32,0x35,0x94,0x3D,0x70,0x54,0xC3,0x18,0x82,0x10,0x82,0x10,0x66,0x29,0xF2,0x44,0x12,0x35,0x12,0x35,0x12,0x35,0x73,0x35,
  0xAE,0x3B,0x21,0x08,0x62,0x08,0x62,0x08,0x62,0x08,0x82,0x08,0xA3,0x10,0x42,0x08,0x4C,0x3B,0x73,0x3D,0x12,0x35,0x12,0x35,
  0x32,0x35,0x13,0x45,0x70,0x4C,0x53,0x2D,0x12,0x35,0x32,0x35,0x12,0x35,0x73,0x3D,0x8A,0x3A,0x21,0x00,0x42,0x08,0x42,0x08,
  0x62,0x08,0x62,0x08,0x62,0x08,0x62,0x08,0x62,0x08,0x62,0x08,0x62,0x08,0x42,0x08,0x82,0x08,0x42,0x08,0x08,0x32,0x74,0x45,
  0x32,0x2D,0x33,0x35,0x32,0x35,0x33,0x2D,0x12,0x45,0x45,0x29,0x42,0x10,0x87,0x29,0xAE,0x43,0xF2,0x44,0x34,0x3D,0x33,0x35,
  0x12,0x35,0x12,0x2D,0x12,0x2D,0x12,0x2D,0x12,0x2D,0x12,0x2D,0x12,0x2D,0x12,0x2D,0x32,0x35,0x33,0x3D,0x50,0x4C,0x08,0x3A,
  0x62,0x10,0xA3,0x10,0xC4,0x18,0x91,0x54,0x73,0x35,0x33,0x35,0x53,0x35,0x32,0x2D,0x93,0x45,0x8A,0x42,0x83,0x10,0xC4,0x18,
  0x62,0x08,0x42,0x08,0x42,0x08,0x42,0x08,0x82,0x08,0xA3,0x10,0x62,0x08,0x62,0x08,0x62,0x08,0xA3,0x10,0x42,0x08,0x8A,0x42,
  0x74,0x45,0x32,0x2D,0x33,0x35,0x33,0x35,0x53,0x2D,0xF2,0x44,0x25,0x21,0xC3,0x18,0xC3,0x18,0xA3,0x10,0x82,0x08,0xA3,0x10,
  0xE4,0x18,0x12,0x4D,0x93,0x35,0x53,0x3D,0x53,0x35,0x53,0x35,0x53,0x35,0x53,0x4D,0x45,0x21,0x62,0x08,0x62,0x08,0x62,0x08,
  0x62,0x08,0x83,0x10,0x62,0x08,0x62,0x08,0x41,0x08,0x49,0x3A,0x94,0x45,0x53,0x35,0x53,0x35,0x53,0x35,0x53,0x35,0x94,0x35,
  0x0F,0x4C,0x62,0x10,0xA3,0x10,0x62,0x08,0x62,0x08,0x62,0x08,0x62,0x08,0x42,0x08,0x41,0x08,0x25,0x29,0x50,0x4C,0x73,0x45,
  0x52,0x3D,0x32,0x35,0x32,0x35,0x32,0x35,0x12,0x35,0x32,0x35,0x72,0x3D,0xB1,0x4C,0x6D,0x5B,0x73,0x45,0x53,0x35,0x73,0x35,
  0x73,0x35,0x53,0x4D,0x25,0x29,0x83,0x10,0x82,0x08,0x42,0x08,0x62,0x08,0x62,0x08,0x25,0x21,0x70,0x4C,0x73,0x45,0x32,0x35,
  0x32,0x35,0x12,0x35,0x12,0x35,0x32,0x35,0x53,0x35,0xB5,0x4D,0x2C,0x43,0x01,0x00,0x62,0x08,0x82,0x08,0x82,0x10,0x49,0x3A,
  0x91,0x54,0x53,0x45,0x73,0x35,0x53,0x35,0x32,0x35,0x32,0x35,0x32,0x35,0x32,0x35,0x53,0x35,0x53,0x3D,0x33,0x4D,0x8D,0x4B,
  0xC4,0x18,0x62,0x08,0x82,0x08,0x42,0x08,0x45,0x21,0x12,0x45,0x73,0x35,0x53,0x35,0x32,0x35,0x94,0x3D,0xEF,0x43,0x01,0x08,
  0x42,0x08,0x42,0x08,0x42,0x08,0x62,0x08,0xA3,0x10,0x42,0x08,0x8D,0x43,0x94,0x3D,0x53,0x35,0x53,0x35,0x53,0x35,0x53,0x45,
  0x30,0x54,0x0F,0x4C,0x2F,0x4C,0x30,0x4C,0x30,0x4C,0x0F,0x54,0xE4,0x18,0x42,0x08,0x42,0x08,0x62,0x08,0x62,0x08,0x62,0x08,
  0x62,0x08,0x62,0x08,0x42,0x08,0x62,0x08,0x42,0x08,0x42,0x08,0x62,0x08,0x83,0x10,0x83,0x10,0xAE,0x53,0x50,0x4C,0x2F,0x4C,
  0x0F,0x4C,0x0F,0x44,0x71,0x54,0x08,0x32,0x62,0x08,0x62,0x08,0x62,0x10,0x45,0x29,0xCB,0x42,0xEF,0x4B,0x70,0x44,0x12,0x45,
  0x53,0x45,0x12,0x3D,0x12,0x35,0x32,0x3D,0x33,0x4D,0x70,0x44,0xCE,0x4B,0x6A,0x3A,0xE4,0x20,0xA3,0x18,0xC3,0x10,0x83,0x10,
  0x45,0x29,0x30,0x54,0x0F,0x44,0x2F,0x4C,0x2F,0x4C,0x30,0x4C,0xCE,0x4B,0xC4,0x18,0x62,0x08,0x62,0x08,0x62,0x08,0x62,0x08,
  0x42,0x08,0x42,0x08,0x62,0x08,0x83,0x10,0x62,0x08,0x62,0x08,0x62,0x08,0x82,0x08,0x62,0x08,0xC3,0x18,0xCE,0x4B,0x30,0x4C,
  0x0F,0x4C,0x2F,0x4C,0x0F,0x4C,0x70,0x54,0x08,0x32,0xA3,0x10,0xA3,0x10,0x83,0x10,0x62,0x08,0x83,0x10,0x42,0x08,0x0B,0x43,
  0x91,0x54,0x2F,0x4C,0x50,0x4C,0x50,0x4C,0x70,0x4C,0x8E,0x4B,0xA3,0x10,0x82,0x08,0x62,0x08,0x42,0x08,0x42,0x08,0xA3,0x10,
  0x62,0x08,0x42,0x08,0x62,0x08,0xE4,0x18,0x0F,0x54,0x50,0x4C,0x2F,0x4C,0x30,0x4C,0x30,0x4C,0x91,0x54,0x08,0x32,0x42,0x08,
  0xA3,0x10,0x62,0x08,0x62,0x08,0x62,0x08,0x62,0x08,0x42,0x08,0x62,0x08,0x82,0x10,0xA3,0x18,0x49,0x3A,0xEF,0x4B,0xD1,0x4C,
  0x53,0x4D,0x74,0x4D,0x33,0x4D,0x91,0x4C,0x6D,0x4B,0x25,0x21,0x66,0x29,0x70,0x54,0x30,0x4C,0x30,0x4C,0x50,0x4C,0x0F,0x54,
  0xC4,0x18,0x82,0x08,0x62,0x08,0x62,0x08,0x62,0x08,0x82,0x08,0x62,0x08,0xE4,0x20,0xEB,0x4A,0x0F,0x4C,0xF2,0x4C,0x73,0x4D,
  0x74,0x55,0x12,0x4D,0x2F,0x4C,0xEB,0x42,0x25,0x21,0x62,0x08,0x42,0x08,0xA3,0x10,0xC3,0x10,0x41,0x08,0xC4,0x18,0x08,0x32,
  0xAE,0x43,0xB1,0x4C,0x53,0x4D,0x53,0x4D,0x73,0x4D,0x12,0x4D,0x70,0x4C,0x4D,0x4B,0xA7,0x31,0x83,0x10,0x83,0x10,0x82,0x08,
  0x82,0x08,0x42,0x08,0xC3,0x18,0xEF,0x53,0x50,0x4C,0x2F,0x4C,0x2F,0x4C,0x91,0x54,0x0C,0x43,0x41,0x08,0x62,0x08,0x62,0x08,
  0x42,0x08,0x62,0x08,0x83,0x10,0x41,0x08,0xAA,0x3A,0x71,0x54,0x2F,0x4C,0x30,0x4C,0x30,0x54,0x30,0x54,
};
static const lv_img_dsc_t spl_kata = {
  { LV_IMG_CF_TRUE_COLOR, 0, 0, 190, 25 }, 9500, spl_kata_map
};
