/* Dibuat otomatis dari mockup 1..5.png -- jangan diedit manual. */
#pragma once
#include <lvgl.h>

/* img_plane: 152x122, 37088 bytes */
static const uint8_t img_plane_map[] = {
  0x4A,0x02,0x4A,0x02,0x4B,0x02,0x4B,0x02,0x4B,0x02,0x4B,0x02,0x4B,0x02,0x4B,0x02,0x4B,0x02,0x4B,0x02,0x4B,0x02,0x4A,0x02,
  0x4A,0x02,0x4A,0x02,0x4A,0x02,0x4A,0x02,0x4A,0x02,0x4A,0x02,0x4A,0x02,0x4A,0x02,0x4A,0x02,0x4A,0x02,0x4A,0x02,0x4A,0x02,
  0x4A,0x02,0x4A,0x02,0x4A,0x02,0x4A,0x02,0x4A,0x02,0x4A,0x02,0x4A,0x02,0x4A,0x02,0x4A,0x02,0x4A,0x02,0x4A,0x02,0x4A,0x02,
  0x4A,0x02,0x4A,0x02,0x4A,0x02,0x4A,0x02,0x4A,0x02,0x4A,0x02,0x4A,0x02,0x4A,0x02,0x4A,0x02,0x4A,0x02,0x4A,0x02,0x4A,0x02,
  0x4A,0x02,0x4A,0x02,0x4A,0x02,0x4A,0x02,0x4A,0x02,0x4A,0x02,0x4A,0x02,0x4A,0x02,0x4A,0x02,0x4A,0x02,0x4A,0x02,0x4A,0x02,
  0x4A,0x02,0x4A,0x02,0x4B,0x02,0x4B,0x02,0x4B,0x02,0x4B,0x02,0x4B,0x02,0x4B,0x02,0x4B,0x02,0x4A,0x02,0x4A,0x02,0x4A,0x02,
  0x4A,0x02,0x4A,0x02,0x4A,0x02,0x4A,0x02,0x4A,0x02,0x4B,0x02,0x4B,0x02,0x4B,0x02,0x4B,0x02,0x4B,0x02,0x4A,0x02,0x4A,0x02,
  0x4A,0x02,0x4A,0x02,0x4A,0x02,0x4A,0x02,0x4A,0x02,0x4A,0x02,0x4A,0x02,0x4A,0x02,0x4B,0x02,0x4B,0x02,0x4B,0x02,0x4B,0x02,
  0x4B,0x02,0x4A,0x02,0x4A,0x02,0x4A,0x02,0x4A,0x02,0x4A,0x02,0x4A,0x02,0x4A,0x02,0x4A,0x02,0x4A,0x02,0x4A,0x02,0x4A,0x02,
  0x4A,0x02,0x4A,0x02,0x4A,0x02,0x4A,0x02,0x4A,0x02,0x4A,0x02,0x4A,0x02,0x4A,0x02,0x4A,0x02,0x4A,0x02,0x4A,0x02,0x4A,0x02,
  0x4A,0x02,0x2A,0x02,0x4B,0x02,0x4A,0x02,0x4B,0x02,0x4A,0x02,0x4B,0x02,0x4B,0x02,0x4B,0x02,0x4A,0x02,0x4A,0x02,0x4A,0x02,
  0x4A,0x02,0x4A,0x02,0x4A,0x02,0x4A,0x02,0x4A,0x02,0x4A,0x02,0x4A,0x02,0x4A,0x02,0x4A,0x02,0x4A,0x02,0x4A,0x02,0x4B,0x02,
  0x4B,0x02,0x4B,0x02,0x4B,0x02,0x4B,0x02,0x4B,0x02,0x4B,0x02,0x4B,0x02,0x4B,0x02,0x4A,0x02,0x4A,0x02,0x4B,0x02,0x4B,0x02,
  0x4B,0x02,0x4B,0x02,0x4B,0x02,0x4B,0x02,0x4B,0x02,0x4B,0x02,0x4B,0x02,0x4A,0x02,0x4A,0x02,0x4A,0x02,0x4A,0x02,0x4A,0x02,
  0x4A,0x02,0x4A,0x02,0x4A,0x02,0x4A,0x02,0x4A,0x02,0x4A,0x02,0x4A,0x02,0x4A,0x02,0x4A,0x02,0x4A,0x02,0x4A,0x02,0x4A,0x02,
  0x4A,0x02,0x4A,0x02,0x4A,0x02,0x4A,0x02,0x4A,0x02,0x4A,0x02,0x4A,0x02,0x4A,0x02,0x4A,0x02,0x4A,0x02,0x4A,0x02,0x4A,0x02,
  0x4A,0x02,0x4A,0x02,0x4A,0x02,0x4A,0x02,0x4A,0x02,0x4A,0x02,0x4A,0x02,0x4A,0x02,0x4A,0x02,0x4A,0x02,0x4A,0x02,0x4A,0x02,
  0x4A,0x02,0x4A,0x02,0x4A,0x02,0x4A,0x02,0x4A,0x02,0x4A,0x02,0x4A,0x02,0x4A,0x02,0x4A,0x02,0x4A,0x02,0x4B,0x02,0x4B,0x02,
  0x4B,0x02,0x4B,0x02,0x4B,0x02,0x4B,0x02,0x4B,0x02,0x4A,0x02,0x4A,0x02,0x4A,0x02,0x4A,0x02,0x4A,0x02,0x4A,0x02,0x4A,0x02,
  0x4A,0x02,0x4B,0x02,0x4B,0x02,0x4B,0x02,0x4B,0x02,0x4B,0x02,0x4A,0x02,0x4A,0x02,0x4A,0x02,0x4A,0x02,0x4A,0x02,0x4A,0x02,
  0x4A,0x02,0x4A,0x02,0x4A,0x02,0x4A,0x02,0x4B,0x02,0x4B,0x02,0x4B,0x02,0x4B,0x02,0x4B,0x02,0x4A,0x02,0x4A,0x02,0x4A,0x02,
  0x4A,0x02,0x4A,0x02,0x4A,0x02,0x4A,0x02,0x4A,0x02,0x4A,0x02,0x4A,0x02,0x4A,0x02,0x4A,0x02,0x4A,0x02,0x4A,0x02,0x4A,0x02,
  0x4A,0x02,0x4A,0x02,0x4A,0x02,0x4A,0x02,0x4A,0x02,0x4A,0x02,0x4A,0x02,0x4A,0x02,0x6B,0x0A,0x8B,0x0A,0x4A,0x02,0x4B,0x02,
  0x4B,0x02,0x4B,0x02,0x4B,0x02,0x4B,0x02,0x4B,0x02,0x4A,0x02,0x4A,0x02,0x4A,0x02,0x4A,0x02,0x4A,0x02,0x4A,0x02,0x4A,0x02,
  0x4A,0x02,0x4A,0x02,0x4A,0x02,0x4A,0x02,0x4A,0x02,0x4A,0x02,0x4A,0x02,0x4B,0x02,0x4B,0x02,0x4B,0x02,0x4B,0x02,0x4B,0x02,
  0x4B,0x02,0x4B,0x02,0x4B,0x02,0x4B,0x02,0x4A,0x02,0x4A,0x02,0x4B,0x02,0x4B,0x02,0x4B,0x02,0x4B,0x02,0x4B,0x02,0x4B,0x02,
  0x4B,0x02,0x4B,0x02,0x4B,0x02,0x4A,0x02,0x4A,0x02,0x4A,0x02,0x4A,0x02,0x4A,0x02,0x4A,0x02,0x4A,0x02,0x4A,0x02,0x4A,0x02,
  0x4A,0x02,0x4A,0x02,0x4A,0x02,0x4A,0x02,0x4A,0x02,0x4A,0x02,0x4A,0x02,0x4A,0x02,0x4A,0x02,0x4A,0x02,0x4A,0x02,0x4A,0x02,
  0x4A,0x02,0x4A,0x02,0x4A,0x02,0x4A,0x02,0x4A,0x02,0x4A,0x02,0x4A,0x02,0x4A,0x02,0x4A,0x02,0x4A,0x02,0x4A,0x02,0x4A,0x02,
  0x4A,0x02,0x4A,0x02,0x4A,0x02,0x4A,0x02,0x4A,0x02,0x4A,0x02,0x4A,0x02,0x4A,0x02,0x4A,0x02,0x4A,0x02,0x4A,0x02,0x4A,0x02,
  0x4A,0x02,0x4A,0x02,0x4A,0x02,0x4A,0x02,0x4A,0x02,0x4A,0x02,0x4B,0x02,0x4B,0x02,0x4B,0x02,0x4B,0x02,0x4B,0x02,0x4B,0x02,
  0x4B,0x02,0x4B,0x02,0x4A,0x02,0x4A,0x02,0x4A,0x02,0x4A,0x02,0x6B,0x0A,0xAC,0x12,0x4A,0x02,0x4B,0x02,0x4B,0x02,0x4B,0x02,
  0x4B,0x02,0x4B,0x02,0x4A,0x02,0x4A,0x02,0x4A,0x02,0x4A,0x02,0x4A,0x02,0x4A,0x02,0x4A,0x02,0x4A,0x02,0x4A,0x02,0x4A,0x02,
  0x4B,0x02,0x4B,0x02,0x4B,0x02,0x4B,0x02,0x4B,0x02,0x4A,0x02,0x4A,0x02,0x4A,0x02,0x4A,0x02,0x4A,0x02,0x4A,0x02,0x4A,0x02,
  0x4A,0x02,0x4A,0x02,0x4A,0x02,0x4A,0x02,0x4A,0x02,0x4A,0x02,0x4A,0x02,0x4A,0x02,0x4A,0x02,0x4A,0x02,0x4A,0x02,0x4A,0x02,
  0x4A,0x02,0x4A,0x02,0x4A,0x02,0x4A,0x02,0x4A,0x02,0x6B,0x02,0x4B,0x02,0x4B,0x02,0x4B,0x02,0x4B,0x02,0x4B,0x02,0x4B,0x02,
  0x4B,0x02,0x4A,0x02,0x4A,0x02,0x4A,0x02,0x4A,0x02,0x4A,0x02,0x4A,0x02,0x4A,0x02,0x4A,0x02,0x4A,0x02,0x4A,0x02,0x4A,0x02,
  0x4A,0x02,0x4A,0x02,0x4A,0x02,0x4B,0x02,0x4B,0x02,0x4B,0x02,0x4B,0x02,0x4B,0x02,0x4B,0x02,0x4B,0x02,0x4B,0x02,0x4B,0x02,
  0x4A,0x02,0x4A,0x02,0x4B,0x02,0x4B,0x02,0x4B,0x02,0x4B,0x02,0x4B,0x02,0x4B,0x02,0x4B,0x02,0x4B,0x02,0x4B,0x02,0x4A,0x02,
  0x4A,0x02,0x4A,0x02,0x4A,0x02,0x4A,0x02,0x4A,0x02,0x4A,0x02,0x4A,0x02,0x4A,0x02,0x4A,0x02,0x4A,0x02,0x4A,0x02,0x4A,0x02,
  0x4A,0x02,0x4A,0x02,0x4A,0x02,0x4A,0x02,0x4A,0x02,0x4A,0x02,0x4A,0x02,0x4A,0x02,0x4A,0x02,0x4A,0x02,0x4A,0x02,0x4A,0x02,
  0x4A,0x02,0x4A,0x02,0x4A,0x02,0x4A,0x02,0x4A,0x02,0x4A,0x02,0x4A,0x02,0x4A,0x02,0x4A,0x02,0x4A,0x02,0x4A,0x02,0x4A,0x02,
  0x4A,0x02,0x4A,0x02,0x4A,0x02,0x4A,0x02,0x4A,0x02,0x4A,0x02,0x4A,0x02,0x4A,0x02,0x4A,0x02,0x4A,0x02,0x4A,0x02,0x4A,0x02,
  0x4A,0x02,0x4A,0x02,0x4B,0x02,0x4B,0x02,0x4B,0x02,0x4B,0x02,0x4B,0x02,0x4B,0x02,0x4B,0x02,0x4B,0x02,0x4A,0x02,0x4A,0x02,
  0x4A,0x02,0x4A,0x02,0x4A,0x02,0x4A,0x02,0x4A,0x02,0x4B,0x02,0x4B,0x02,0x4B,0x02,0x4B,0x02,0x4B,0x02,0x4A,0x02,0x4A,0x02,
  0x4A,0x02,0x4A,0x02,0x4A,0x02,0x4A,0x02,0x4A,0x02,0x4A,0x02,0x4A,0x02,0x4A,0x02,0x4B,0x02,0x4B,0x02,0x4B,0x02,0x4B,0x02,
  0x4B,0x02,0x4A,0x02,0x4A,0x02,0x4A,0x02,0x4A,0x02,0x4A,0x02,0x4A,0x02,0x4A,0x02,0x4A,0x02,0x4A,0x02,0x4A,0x02,0x4A,0x02,
  0x4A,0x02,0x4A,0x02,0x4A,0x02,0x4A,0x02,0x4A,0x02,0x4A,0x02,0x4A,0x02,0x4A,0x02,0x4A,0x02,0x4A,0x02,0x4A,0x02,0x4A,0x02,
  0x4A,0x02,0x4A,0x02,0x4B,0x02,0x4B,0x02,0x4B,0x02,0x4B,0x02,0x4B,0x02,0x4B,0x02,0x4B,0x02,0x4A,0x02,0x4A,0x02,0x4A,0x02,
  0x4A,0x02,0x4A,0x02,0x4A,0x02,0x4A,0x02,0x4A,0x02,0x4A,0x02,0x4A,0x02,0x4A,0x02,0x4A,0x02,0x4A,0x02,0x4A,0x02,0x4B,0x02,
  0x4B,0x02,0x4B,0x02,0x4B,0x02,0x4B,0x02,0x4B,0x02,0x4B,0x02,0x4B,0x02,0x4B,0x02,0x4A,0x02,0x4A,0x02,0x4B,0x02,0x4B,0x02,
  0x4B,0x02,0x4B,0x02,0x4B,0x02,0x4B,0x02,0x4B,0x02,0x4B,0x02,0x4B,0x02,0x4A,0x02,0x4A,0x02,0x4A,0x02,0x4A,0x02,0x4A,0x02,
  0x4A,0x02,0x4A,0x02,0x4A,0x02,0x4A,0x02,0x4A,0x02,0x4A,0x02,0x4A,0x02,0x4A,0x02,0x4A,0x02,0x4A,0x02,0x4A,0x02,0x4A,0x02,
  0x4A,0x02,0x4A,0x02,0x4A,0x02,0x4A,0x02,0x4A,0x02,0x4A,0x02,0x4A,0x02,0x4A,0x02,0x4A,0x02,0x4A,0x02,0x4A,0x02,0x4A,0x02,
  0x4A,0x02,0x4A,0x02,0x4A,0x02,0x4A,0x02,0x4A,0x02,0x4A,0x02,0x4A,0x02,0x4A,0x02,0x4A,0x02,0x4A,0x02,0x4A,0x02,0x4A,0x02,
  0x4A,0x02,0x4A,0x02,0x4A,0x02,0x4A,0x02,0x4A,0x02,0x4A,0x02,0x4A,0x02,0x4A,0x02,0x4A,0x02,0x4A,0x02,0x4B,0x02,0x4B,0x02,
  0x4B,0x02,0x4B,0x02,0x4B,0x02,0x4B,0x02,0x4B,0x02,0x4B,0x02,0x4A,0x02,0x4A,0x02,0x4A,0x02,0x4A,0x02,0x4A,0x02,0x4A,0x02,
  0x4A,0x02,0x4B,0x02,0x4B,0x02,0x4B,0x02,0x4B,0x02,0x4B,0x02,0x4A,0x02,0x4A,0x02,0x4A,0x02,0x4A,0x02,0x4A,0x02,0x4A,0x02,
  0x4A,0x02,0x4A,0x02,0x4A,0x02,0x4A,0x02,0x4B,0x02,0x4B,0x02,0x4B,0x02,0x4B,0x02,0x4B,0x02,0x4A,0x02,0x4A,0x02,0x4A,0x02,
  0x4A,0x02,0x4A,0x02,0x4A,0x02,0x4A,0x02,0x4A,0x02,0x4A,0x02,0x4A,0x02,0x4A,0x02,0x4A,0x02,0x4A,0x02,0x4A,0x02,0x4A,0x02,
  0x4A,0x02,0x4A,0x02,0x4A,0x02,0x4A,0x02,0x4A,0x02,0x4A,0x02,0x4A,0x02,0x4A,0x02,0x4A,0x02,0x4A,0x02,0x4B,0x02,0x4B,0x02,
  0x4B,0x02,0x4B,0x02,0x4B,0x02,0x4B,0x02,0x4B,0x02,0x4A,0x02,0x4A,0x02,0x4A,0x02,0x4A,0x02,0x4A,0x02,0x4A,0x02,0x4A,0x02,
  0x4A,0x02,0x4A,0x02,0x4A,0x02,0x4A,0x02,0x4A,0x02,0x4A,0x02,0x4A,0x02,0x4B,0x02,0x4B,0x02,0x4B,0x02,0x4B,0x02,0x4B,0x02,
  0x4B,0x02,0x4B,0x02,0x4B,0x02,0x4B,0x02,0x4A,0x02,0x4A,0x02,0x4B,0x02,0x4B,0x02,0x4B,0x02,0x4B,0x02,0x4B,0x02,0x4B,0x02,
  0x4B,0x02,0x4B,0x02,0x4B,0x02,0x4A,0x02,0x4A,0x02,0x4A,0x02,0x4A,0x02,0x4A,0x02,0x4A,0x02,0x4A,0x02,0x4A,0x02,0x4A,0x02,
  0x4A,0x02,0x4A,0x02,0x4A,0x02,0x4A,0x02,0x4A,0x02,0x4A,0x02,0x4A,0x02,0x4A,0x02,0x4A,0x02,0x4A,0x02,0x4A,0x02,0x4A,0x02,
  0x4A,0x02,0x4A,0x02,0x4A,0x02,0x4A,0x02,0x4A,0x02,0x4A,0x02,0x4A,0x02,0x4A,0x02,0x4A,0x02,0x4A,0x02,0x4A,0x02,0x4A,0x02,
  0x4A,0x02,0x4A,0x02,0x4A,0x02,0x4A,0x02,0x4A,0x02,0x4A,0x02,0x4A,0x02,0x4A,0x02,0x4A,0x02,0x4A,0x02,0x4A,0x02,0x4A,0x02,
  0x4A,0x02,0x4A,0x02,0x4A,0x02,0x6B,0x02,0x6B,0x0A,0x4A,0x02,0x4B,0x02,0x4B,0x02,0x4B,0x02,0x4B,0x02,0x4B,0x02,0x4B,0x02,
  0x4B,0x02,0x4B,0x02,0x4B,0x02,0x4A,0x02,0x4A,0x02,0x4A,0x02,0x4A,0x02,0x4A,0x02,0x4A,0x02,0x4A,0x02,0x4A,0x02,0x4A,0x02,
  0x4A,0x02,0x4A,0x02,0x4A,0x02,0x4A,0x02,0x4A,0x02,0x4A,0x02,0x4A,0x02,0x4A,0x02,0x4A,0x02,0x4A,0x02,0x4A,0x02,0x4A,0x02,
  0x4B,0x02,0x4B,0x02,0x4B,0x02,0x4B,0x02,0x4B,0x02,0x4A,0x02,0x4A,0x02,0x4A,0x02,0x4A,0x02,0x4A,0x02,0x4A,0x02,0x4A,0x02,
  0x4A,0x02,0x4A,0x02,0x4A,0x02,0x4A,0x02,0x4A,0x02,0x4A,0x02,0x4A,0x02,0x4A,0x02,0x4A,0x02,0x4A,0x02,0x4A,0x02,0x4A,0x02,
  0x4A,0x02,0x4A,0x02,0x4A,0x02,0x4A,0x02,0x4A,0x02,0x4A,0x02,0x4B,0x02,0x4B,0x02,0x4B,0x02,0x4B,0x02,0x4B,0x02,0x4B,0x02,
  0x4B,0x02,0x4B,0x02,0x4B,0x02,0x4B,0x02,0x4A,0x02,0x4A,0x02,0x4A,0x02,0x4A,0x02,0x4A,0x02,0x4A,0x02,0x4A,0x02,0x4A,0x02,
  0x4A,0x02,0x4A,0x02,0x4B,0x02,0x4B,0x02,0x4B,0x02,0x4B,0x02,0x4B,0x02,0x4B,0x02,0x4B,0x02,0x4B,0x02,0x4B,0x02,0x4B,0x02,
  0x4A,0x02,0x4A,0x02,0x4B,0x02,0x4B,0x02,0x4B,0x02,0x4B,0x02,0x4B,0x02,0x4B,0x02,0x4B,0x02,0x4B,0x02,0x4B,0x02,0x4B,0x02,
  0x4B,0x02,0x4B,0x02,0x4B,0x02,0x4B,0x02,0x4B,0x02,0x4B,0x02,0x4B,0x02,0x4B,0x02,0x4B,0x02,0x4B,0x02,0x4B,0x02,0x4B,0x02,
  0x4B,0x02,0x4B,0x02,0x4B,0x02,0x4B,0x02,0x4B,0x02,0x4B,0x02,0x4B,0x02,0x4B,0x02,0x4B,0x02,0x4B,0x02,0x4B,0x02,0x4B,0x02,
  0x4A,0x02,0x4A,0x02,0x4A,0x02,0x4A,0x02,0x4A,0x02,0x4A,0x02,0x4B,0x02,0x4B,0x02,0x4B,0x02,0x4B,0x02,0x4B,0x02,0x4B,0x02,
  0x4B,0x02,0x4B,0x02,0x4B,0x02,0x4B,0x02,0x4B,0x02,0x4B,0x02,0x4A,0x02,0x4A,0x02,0x4A,0x02,0x4A,0x02,0x4A,0x02,0x4A,0x02,
  0x6B,0x02,0x4A,0x02,0x4B,0x02,0x4B,0x02,0x4B,0x02,0x4B,0x02,0x4B,0x02,0x4B,0x02,0x4B,0x02,0x4B,0x02,0x4B,0x02,0x4A,0x02,
  0x4A,0x02,0x4A,0x02,0x4A,0x02,0x4A,0x02,0x4A,0x02,0x4A,0x02,0x4A,0x02,0x4A,0x02,0x4A,0x02,0x4A,0x02,0x4A,0x02,0x4A,0x02,
  0x4A,0x02,0x4A,0x02,0x4A,0x02,0x4B,0x02,0x4B,0x02,0x4B,0x02,0x4B,0x02,0x4B,0x02,0x4B,0x02,0x4B,0x02,0x4B,0x02,0x4B,0x02,
  0x4B,0x02,0x4B,0x02,0x4B,0x02,0x4B,0x02,0x4B,0x02,0x4B,0x02,0x4A,0x02,0x4A,0x02,0x4A,0x02,0x4A,0x02,0x4A,0x02,0x4A,0x02,
  0x4A,0x02,0x4A,0x02,0x4A,0x02,0x4A,0x02,0x4B,0x02,0x4B,0x02,0x4B,0x02,0x4B,0x02,0x4B,0x02,0x4B,0x02,0x4B,0x02,0x4B,0x02,
  0x4B,0x02,0x4B,0x02,0x4B,0x02,0x4B,0x02,0x4B,0x02,0x4B,0x02,0x4B,0x02,0x4B,0x02,0x4B,0x02,0x4B,0x02,0x4B,0x02,0x4B,0x02,
  0x4B,0x02,0x4B,0x02,0x4B,0x02,0x4B,0x02,0x4B,0x02,0x4B,0x02,0x4B,0x02,0x4B,0x02,0x4B,0x02,0x4B,0x02,0x4B,0x02,0x4B,0x02,
  0x4B,0x02,0x4B,0x02,0x4B,0x02,0x4B,0x02,0x4B,0x02,0x4B,0x02,0x4B,0x02,0x4B,0x02,0x4A,0x02,0x4A,0x02,0x4B,0x02,0x4B,0x02,
  0x4B,0x02,0x4B,0x02,0x4B,0x02,0x4B,0x02,0x4B,0x02,0x4B,0x02,0x4B,0x02,0x4B,0x02,0x4B,0x02,0x4B,0x02,0x4B,0x02,0x4B,0x02,
  0x4B,0x02,0x4B,0x02,0x4B,0x02,0x4B,0x02,0x4B,0x02,0x4B,0x02,0x4B,0x02,0x4B,0x02,0x4B,0x02,0x4B,0x02,0x4B,0x02,0x4B,0x02,
  0x4B,0x02,0x4B,0x02,0x4B,0x02,0x4B,0x02,0x4B,0x02,0x4B,0x02,0x4B,0x02,0x4B,0x02,0x4A,0x02,0x4A,0x02,0x4A,0x02,0x4A,0x02,
  0x4A,0x02,0x4A,0x02,0x4B,0x02,0x4B,0x02,0x4B,0x02,0x4B,0x02,0x4B,0x02,0x4B,0x02,0x4B,0x02,0x4B,0x02,0x4B,0x02,0x4B,0x02,
  0x4B,0x02,0x4B,0x02,0x4A,0x02,0x4A,0x02,0x4A,0x02,0x4A,0x02,0x4A,0x02,0x4A,0x02,0x4A,0x02,0x4A,0x02,0x4B,0x02,0x4B,0x02,
  0x4B,0x02,0x4B,0x02,0x4B,0x02,0x4B,0x02,0x4B,0x02,0x4B,0x02,0x4B,0x02,0x4A,0x02,0x4A,0x02,0x4A,0x02,0x4A,0x02,0x4A,0x02,
  0x4A,0x02,0x4A,0x02,0x4A,0x02,0x4A,0x02,0x4A,0x02,0x4A,0x02,0x4A,0x02,0x4A,0x02,0x4A,0x02,0x4A,0x02,0x4A,0x02,0x4B,0x02,
  0x4B,0x02,0x4B,0x02,0x4B,0x02,0x4B,0x02,0x4B,0x02,0x4B,0x02,0x4B,0x02,0x4B,0x02,0x4B,0x02,0x4B,0x02,0x4B,0x02,0x4B,0x02,
  0x4B,0x02,0x4B,0x02,0x4A,0x02,0x4A,0x02,0x4A,0x02,0x4A,0x02,0x4A,0x02,0x4A,0x02,0x4A,0x02,0x4A,0x02,0x4A,0x02,0x4A,0x02,
  0x4B,0x02,0x4B,0x02,0x4B,0x02,0x4B,0x02,0x4B,0x02,0x4B,0x02,0x4B,0x02,0x4B,0x02,0x4B,0x02,0x4B,0x02,0x4B,0x02,0x4B,0x02,
  0x4B,0x02,0x4B,0x02,0x4B,0x02,0x4B,0x02,0x4B,0x02,0x4B,0x02,0x4B,0x02,0x4B,0x02,0x4B,0x02,0x4B,0x02,0x4B,0x02,0x4B,0x02,
  0x4B,0x02,0x4B,0x02,0x4B,0x02,0x4B,0x02,0x4B,0x02,0x4B,0x02,0x4B,0x02,0x4B,0x02,0x4B,0x02,0x4B,0x02,0x4B,0x02,0x4B,0x02,
  0x4B,0x02,0x4B,0x02,0x4B,0x02,0x4B,0x02,0x4A,0x02,0x4A,0x02,0x4B,0x02,0x4B,0x02,0x4B,0x02,0x4B,0x02,0x4B,0x02,0x4B,0x02,
  0x4B,0x02,0x4B,0x02,0x4B,0x02,0x4B,0x02,0x4B,0x02,0x4B,0x02,0x4B,0x02,0x4B,0x02,0x4B,0x02,0x4B,0x02,0x4B,0x02,0x4B,0x02,
  0x4B,0x02,0x4B,0x02,0x4B,0x02,0x4B,0x02,0x4B,0x02,0x4B,0x02,0x4B,0x02,0x4B,0x02,0x4B,0x02,0x4B,0x02,0x4B,0x02,0x4B,0x02,
  0x4B,0x02,0x4B,0x02,0x4B,0x02,0x4B,0x02,0x4A,0x02,0x4A,0x02,0x4A,0x02,0x4A,0x02,0x4A,0x02,0x4A,0x02,0x4B,0x02,0x4B,0x02,
  0x4B,0x02,0x4B,0x02,0x4B,0x02,0x4B,0x02,0x4B,0x02,0x4B,0x02,0x4B,0x02,0x4B,0x02,0x4B,0x02,0x4B,0x02,0x4B,0x02,0x4B,0x02,
  0x4A,0x02,0x4A,0x02,0x4A,0x02,0x4A,0x02,0x4A,0x02,0x4A,0x02,0x4B,0x02,0x4B,0x02,0x4B,0x02,0x4B,0x02,0x4B,0x02,0x4B,0x02,
  0x4B,0x02,0x4B,0x02,0x4B,0x02,0x4A,0x02,0x4A,0x02,0x4A,0x02,0x4A,0x02,0x4A,0x02,0x4A,0x02,0x4A,0x02,0x4A,0x02,0x4A,0x02,
  0x4A,0x02,0x4A,0x02,0x4A,0x02,0x4A,0x02,0x4A,0x02,0x4A,0x02,0x4A,0x02,0x4B,0x02,0x4B,0x02,0x4B,0x02,0x4B,0x02,0x4B,0x02,
  0x4B,0x02,0x4B,0x02,0x4B,0x02,0x4B,0x02,0x4B,0x02,0x4B,0x02,0x4B,0x02,0x4B,0x02,0x4B,0x02,0x4B,0x02,0x4A,0x02,0x4A,0x02,
  0x4A,0x02,0x4A,0x02,0x4A,0x02,0x4A,0x02,0x4A,0x02,0x4A,0x02,0x4A,0x02,0x4A,0x02,0x4B,0x02,0x4B,0x02,0x4B,0x02,0x4B,0x02,
  0x4B,0x02,0x4B,0x02,0x4B,0x02,0x4B,0x02,0x4B,0x02,0x4B,0x02,0x4B,0x02,0x4B,0x02,0x4B,0x02,0x4B,0x02,0x4B,0x02,0x4B,0x02,
  0x4B,0x02,0x4B,0x02,0x4B,0x02,0x4B,0x02,0x4B,0x02,0x4B,0x02,0x4B,0x02,0x4B,0x02,0x4B,0x02,0x4B,0x02,0x4B,0x02,0x4B,0x02,
  0x4B,0x02,0x4B,0x02,0x4B,0x02,0x4B,0x02,0x4B,0x02,0x4B,0x02,0x4B,0x02,0x4B,0x02,0x4B,0x02,0x4B,0x02,0x4B,0x02,0x4B,0x02,
  0x4A,0x02,0x4A,0x02,0x4B,0x02,0x4B,0x02,0x4B,0x02,0x4B,0x02,0x4B,0x02,0x4B,0x02,0x4B,0x02,0x4B,0x02,0x4B,0x02,0x4B,0x02,
  0x4B,0x02,0x4B,0x02,0x4B,0x02,0x4B,0x02,0x4B,0x02,0x4B,0x02,0x4B,0x02,0x4B,0x02,0x4B,0x02,0x4B,0x02,0x4A,0x02,0x4B,0x02,
  0x4B,0x02,0x4B,0x02,0x4B,0x02,0x4B,0x02,0x4B,0x02,0x4B,0x02,0x4B,0x02,0x4B,0x02,0x4B,0x02,0x4B,0x02,0x4B,0x02,0x4B,0x02,
  0x4A,0x02,0x4A,0x02,0x4A,0x02,0x4A,0x02,0x4A,0x02,0x4A,0x02,0x4B,0x02,0x4B,0x02,0x4B,0x02,0x4B,0x02,0x4B,0x02,0x4B,0x02,
  0x4B,0x02,0x4B,0x02,0x4B,0x02,0x4B,0x02,0x4B,0x02,0x4B,0x02,0x4B,0x02,0x4B,0x02,0x4A,0x02,0x4A,0x02,0x4A,0x02,0x4A,0x02,
  0x4A,0x02,0x4A,0x02,0x4B,0x02,0x4B,0x02,0x4B,0x02,0x4B,0x02,0x4B,0x02,0x4B,0x02,0x4B,0x02,0x4B,0x02,0x4B,0x02,0x4A,0x02,
  0x4A,0x02,0x4A,0x02,0x4A,0x02,0x4A,0x02,0x4A,0x02,0x4A,0x02,0x4A,0x02,0x4A,0x02,0x4A,0x02,0x4A,0x02,0x4A,0x02,0x4A,0x02,
  0x4A,0x02,0x4A,0x02,0x4A,0x02,0x4B,0x02,0x4B,0x02,0x4B,0x02,0x4B,0x02,0x4B,0x02,0x4B,0x02,0x4B,0x02,0x4B,0x02,0x4B,0x02,
  0x4B,0x02,0x4B,0x02,0x4B,0x02,0x4B,0x02,0x4B,0x02,0x4B,0x02,0x4A,0x02,0x4A,0x02,0x4A,0x02,0x4A,0x02,0x4A,0x02,0x4A,0x02,
  0x4A,0x02,0x4A,0x02,0x4A,0x02,0x4A,0x02,0x4B,0x02,0x4B,0x02,0x4B,0x02,0x4B,0x02,0x4B,0x02,0x4B,0x02,0x4B,0x02,0x4B,0x02,
  0x4B,0x02,0x4B,0x02,0x4B,0x02,0x4B,0x02,0x4B,0x02,0x4B,0x02,0x4B,0x02,0x4B,0x02,0x4B,0x02,0x4B,0x02,0x4B,0x02,0x4B,0x02,
  0x4B,0x02,0x4B,0x02,0x4B,0x02,0x4B,0x02,0x4B,0x02,0x4B,0x02,0x4B,0x02,0x4B,0x02,0x4B,0x02,0x4B,0x02,0x4B,0x02,0x4B,0x02,
  0x4B,0x02,0x4B,0x02,0x4B,0x02,0x4B,0x02,0x4B,0x02,0x4B,0x02,0x4B,0x02,0x4B,0x02,0x4A,0x02,0x4A,0x02,0x4B,0x02,0x4B,0x02,
  0x4B,0x02,0x4B,0x02,0x4B,0x02,0x4B,0x02,0x4B,0x02,0x4B,0x02,0x4B,0x02,0x4B,0x02,0x4B,0x02,0x4B,0x02,0x4B,0x02,0x4B,0x02,
  0x4B,0x02,0x4B,0x02,0x4B,0x02,0x4B,0x02,0x4B,0x02,0x4A,0x02,0x6B,0x02,0x4B,0x02,0x4B,0x02,0x4B,0x02,0x4B,0x02,0x4B,0x02,
  0x4B,0x02,0x4B,0x02,0x4B,0x02,0x4B,0x02,0x4B,0x02,0x4B,0x02,0x4B,0x02,0x4B,0x02,0x4A,0x02,0x4A,0x02,0x4A,0x02,0x4A,0x02,
  0x4A,0x02,0x4A,0x02,0x4B,0x02,0x4B,0x02,0x4B,0x02,0x4B,0x02,0x4B,0x02,0x4B,0x02,0x4B,0x02,0x4B,0x02,0x4B,0x02,0x4B,0x02,
  0x4B,0x02,0x4B,0x02,0x4B,0x02,0x4B,0x02,0x4A,0x02,0x4A,0x02,0x4A,0x02,0x4A,0x02,0x4A,0x02,0x4A,0x02,0x4B,0x02,0x4B,0x02,
  0x4B,0x02,0x4B,0x02,0x4B,0x02,0x4B,0x02,0x4B,0x02,0x4B,0x02,0x4B,0x02,0x4A,0x02,0x4A,0x02,0x4A,0x02,0x4A,0x02,0x4A,0x02,
  0x4A,0x02,0x4A,0x02,0x4A,0x02,0x4A,0x02,0x4A,0x02,0x4A,0x02,0x4A,0x02,0x4A,0x02,0x4A,0x02,0x4A,0x02,0x4A,0x02,0x4B,0x02,
  0x4B,0x02,0x4B,0x02,0x4B,0x02,0x4B,0x02,0x4B,0x02,0x4B,0x02,0x4B,0x02,0x4B,0x02,0x4B,0x02,0x4B,0x02,0x4B,0x02,0x4B,0x02,
  0x4B,0x02,0x4B,0x02,0x4A,0x02,0x4A,0x02,0x4A,0x02,0x4A,0x02,0x4A,0x02,0x4A,0x02,0x4A,0x02,0x4A,0x02,0x4A,0x02,0x4A,0x02,
  0x4A,0x02,0x4A,0x02,0x4A,0x02,0x4A,0x02,0x4A,0x02,0x4B,0x02,0x4B,0x02,0x4B,0x02,0x4B,0x02,0x4B,0x02,0x4B,0x02,0x4B,0x02,
  0x4B,0x02,0x4B,0x02,0x4B,0x02,0x4B,0x02,0x4B,0x02,0x4B,0x02,0x4B,0x02,0x4B,0x02,0x4B,0x02,0x4B,0x02,0x4B,0x02,0x4B,0x02,
  0x4B,0x02,0x4B,0x02,0x4B,0x02,0x4B,0x02,0x4B,0x02,0x4B,0x02,0x4B,0x02,0x4B,0x02,0x4B,0x02,0x4B,0x02,0x4B,0x02,0x4B,0x02,
  0x4B,0x02,0x4B,0x02,0x4B,0x02,0x4B,0x02,0x4A,0x02,0x4A,0x02,0x4B,0x02,0x4B,0x02,0x4B,0x02,0x4B,0x02,0x4B,0x02,0x4B,0x02,
  0x4B,0x02,0x4B,0x02,0x4B,0x02,0x4B,0x02,0x4B,0x02,0x4B,0x02,0x4B,0x02,0x4B,0x02,0x4A,0x02,0x4A,0x02,0x4A,0x02,0x4A,0x02,
  0x4A,0x02,0x4A,0x02,0x4B,0x02,0x4A,0x02,0x4B,0x02,0x4B,0x02,0x4B,0x02,0x4B,0x02,0x4B,0x02,0x4B,0x02,0x4B,0x02,0x4B,0x02,
  0x4B,0x02,0x4B,0x02,0x4B,0x02,0x4B,0x02,0x4B,0x02,0x4B,0x02,0x4B,0x02,0x4B,0x02,0x4B,0x02,0x4B,0x02,0x4B,0x02,0x4B,0x02,
  0x4B,0x02,0x4B,0x02,0x4B,0x02,0x4B,0x02,0x4B,0x02,0x4B,0x02,0x4B,0x02,0x4B,0x02,0x4B,0x02,0x4B,0x02,0x4B,0x02,0x4B,0x02,
  0x4B,0x02,0x4B,0x02,0x4B,0x02,0x4B,0x02,0x4B,0x02,0x4B,0x02,0x4B,0x02,0x4B,0x02,0x4B,0x02,0x4B,0x02,0x4B,0x02,0x4B,0x02,
  0x4B,0x02,0x4B,0x02,0x4B,0x02,0x4B,0x02,0x4B,0x02,0x4B,0x02,0x4B,0x02,0x4B,0x02,0x4B,0x02,0x4B,0x02,0x4B,0x02,0x4B,0x02,
  0x4B,0x02,0x4B,0x02,0x4B,0x02,0x4B,0x02,0x4B,0x02,0x4B,0x02,0x4B,0x02,0x4B,0x02,0x4B,0x02,0x4B,0x02,0x4B,0x02,0x4B,0x02,
  0x4B,0x02,0x4B,0x02,0x4B,0x02,0x4B,0x02,0x4B,0x02,0x4B,0x02,0x4B,0x02,0x4B,0x02,0x4B,0x02,0x4B,0x02,0x4A,0x02,0x4A,0x02,
  0x4A,0x02,0x4A,0x02,0x4A,0x02,0x4B,0x02,0x4B,0x02,0x4B,0x02,0x4B,0x02,0x4B,0x02,0x4A,0x02,0x4A,0x02,0x4A,0x02,0x4A,0x02,
  0x4A,0x02,0x4B,0x02,0x4A,0x02,0x4B,0x02,0x4B,0x02,0x4B,0x02,0x4B,0x02,0x4B,0x02,0x4B,0x02,0x4B,0x02,0x4B,0x02,0x4B,0x02,
  0x4B,0x02,0x4B,0x02,0x4B,0x02,0x4B,0x02,0x4B,0x02,0x4B,0x02,0x4B,0x02,0x4B,0x02,0x4B,0x02,0x4B,0x02,0x4B,0x02,0x4B,0x02,
  0x4B,0x02,0x4B,0x02,0x4B,0x02,0x4B,0x02,0x4B,0x02,0x4B,0x02,0x4B,0x02,0x4B,0x02,0x4B,0x02,0x4B,0x02,0x4B,0x02,0x4B,0x02,
  0x4A,0x02,0x4A,0x02,0x4B,0x02,0x4B,0x02,0x4B,0x02,0x4B,0x02,0x4B,0x02,0x4B,0x02,0x4B,0x02,0x4B,0x02,0x4B,0x02,0x4B,0x02,
  0x4B,0x02,0x4B,0x02,0x4B,0x02,0x4B,0x02,0x4A,0x02,0x4A,0x02,0x4A,0x02,0x4A,0x02,0x4A,0x02,0x4B,0x02,0x4B,0x02,0x4B,0x02,
  0x4B,0x02,0x4B,0x02,0x4B,0x02,0x4B,0x02,0x4B,0x02,0x4B,0x02,0x4B,0x02,0x4B,0x02,0x4B,0x02,0x4B,0x02,0x4B,0x02,0x4B,0x02,
  0x4B,0x02,0x4B,0x02,0x4B,0x02,0x4B,0x02,0x4B,0x02,0x4B,0x02,0x4B,0x02,0x4B,0x02,0x4B,0x02,0x4B,0x02,0x4B,0x02,0x4B,0x02,
  0x4B,0x02,0x4B,0x02,0x4B,0x02,0x4B,0x02,0x4B,0x02,0x4B,0x02,0x4B,0x02,0x4B,0x02,0x4B,0x02,0x4B,0x02,0x4B,0x02,0x4B,0x02,
  0x4B,0x02,0x4B,0x02,0x4B,0x02,0x4B,0x02,0x4B,0x02,0x4B,0x02,0x4B,0x02,0x4B,0x02,0x4B,0x02,0x4B,0x02,0x4B,0x02,0x4B,0x02,
  0x4B,0x02,0x4B,0x02,0x4B,0x02,0x4B,0x02,0x4B,0x02,0x4B,0x02,0x4B,0x02,0x4B,0x02,0x4B,0x02,0x4B,0x02,0x4B,0x02,0x4B,0x02,
  0x4B,0x02,0x4B,0x02,0x4B,0x02,0x4B,0x02,0x4B,0x02,0x4B,0x02,0x4B,0x02,0x4B,0x02,0x4B,0x02,0x4B,0x02,0x4B,0x02,0x4B,0x02,
  0x4B,0x02,0x4B,0x02,0x4B,0x02,0x4B,0x02,0x4B,0x02,0x4B,0x02,0x4A,0x02,0x4A,0x02,0x4A,0x02,0x4A,0x02,0x4A,0x02,0x4B,0x02,
  0x4B,0x02,0x4B,0x02,0x4B,0x02,0x4B,0x02,0x4A,0x02,0x4A,0x02,0x4A,0x02,0x4A,0x02,0x4A,0x02,0x4B,0x02,0x6B,0x0A,0x4A,0x02,
  0x4B,0x02,0x4B,0x02,0x4B,0x02,0x4B,0x02,0x4B,0x02,0x4B,0x02,0x4B,0x02,0x4B,0x02,0x4B,0x02,0x4B,0x02,0x4B,0x02,0x4B,0x02,
  0x4B,0x02,0x4B,0x02,0x4B,0x02,0x4B,0x02,0x4B,0x02,0x4B,0x02,0x4B,0x02,0x4B,0x02,0x4B,0x02,0x4B,0x02,0x4B,0x02,0x4B,0x02,
  0x4B,0x02,0x4B,0x02,0x4B,0x02,0x4B,0x02,0x4B,0x02,0x4B,0x02,0x4B,0x02,0x4B,0x02,0x4A,0x02,0x4A,0x02,0x4B,0x02,0x4B,0x02,
  0x4B,0x02,0x4B,0x02,0x4B,0x02,0x4B,0x02,0x4B,0x02,0x4B,0x02,0x4B,0x02,0x4B,0x02,0x4B,0x02,0x4B,0x02,0x4B,0x02,0x4B,0x02,
  0x4B,0x02,0x4B,0x02,0x4B,0x02,0x4B,0x02,0x4B,0x02,0x4B,0x02,0x4B,0x02,0x4B,0x02,0x4B,0x02,0x4B,0x02,0x4B,0x02,0x4B,0x02,
  0x4B,0x02,0x4B,0x02,0x4B,0x02,0x4B,0x02,0x4B,0x02,0x4B,0x02,0x4B,0x02,0x4B,0x02,0x4B,0x02,0x4B,0x02,0x4B,0x02,0x4B,0x02,
  0x4B,0x02,0x4B,0x02,0x4B,0x02,0x4B,0x02,0x4B,0x02,0x4B,0x02,0x4B,0x02,0x4B,0x02,0x4B,0x02,0x4B,0x02,0x4B,0x02,0x4B,0x02,
  0x4B,0x02,0x4B,0x02,0x4B,0x02,0x4B,0x02,0x4B,0x02,0x4B,0x02,0x4B,0x02,0x4B,0x02,0x4B,0x02,0x4B,0x02,0x4B,0x02,0x4B,0x02,
  0x4B,0x02,0x4B,0x02,0x4B,0x02,0x4B,0x02,0x4B,0x02,0x4B,0x02,0x4B,0x02,0x4B,0x02,0x4B,0x02,0x4B,0x02,0x4B,0x02,0x4B,0x02,
  0x4B,0x02,0x4B,0x02,0x4B,0x02,0x4B,0x02,0x4B,0x02,0x4B,0x02,0x4B,0x02,0x4B,0x02,0x4B,0x02,0x4B,0x02,0x4B,0x02,0x4B,0x02,
  0x4B,0x02,0x4B,0x02,0x4B,0x02,0x4B,0x02,0x4B,0x02,0x4B,0x02,0x4B,0x02,0x4B,0x02,0x4B,0x02,0x4B,0x02,0x4B,0x02,0x4A,0x02,
  0x4A,0x02,0x4A,0x02,0x4A,0x02,0x4A,0x02,0x4A,0x02,0x4A,0x02,0x4A,0x02,0x4B,0x02,0x4B,0x02,0x4B,0x02,0x4B,0x02,0x4B,0x02,
  0x4A,0x02,0x4A,0x02,0x4A,0x02,0x4A,0x02,0x4A,0x02,0x4A,0x02,0x4B,0x02,0x4A,0x02,0x4B,0x02,0x4B,0x02,0x4B,0x02,0x4B,0x02,
  0x4B,0x02,0x4B,0x02,0x4B,0x02,0x4B,0x02,0x4B,0x02,0x4B,0x02,0x4B,0x02,0x4B,0x02,0x4B,0x02,0x4B,0x02,0x4A,0x02,0x4A,0x02,
  0x4A,0x02,0x4A,0x02,0x4A,0x02,0x4A,0x02,0x4B,0x02,0x4B,0x02,0x4B,0x02,0x4B,0x02,0x4B,0x02,0x4B,0x02,0x4B,0x02,0x4B,0x02,
  0x4B,0x02,0x4B,0x02,0x4B,0x02,0x4B,0x02,0x4A,0x02,0x4A,0x02,0x4B,0x02,0x4B,0x02,0x4B,0x02,0x4B,0x02,0x4B,0x02,0x4B,0x02,
  0x4B,0x02,0x4B,0x02,0x4B,0x02,0x4B,0x02,0x4B,0x02,0x4B,0x02,0x4B,0x02,0x4B,0x02,0x4B,0x02,0x4B,0x02,0x4B,0x02,0x4B,0x02,
  0x4B,0x02,0x4B,0x02,0x4B,0x02,0x4B,0x02,0x4B,0x02,0x4B,0x02,0x4B,0x02,0x4B,0x02,0x4B,0x02,0x4B,0x02,0x4B,0x02,0x4B,0x02,
  0x4B,0x02,0x4B,0x02,0x4B,0x02,0x4B,0x02,0x4B,0x02,0x4B,0x02,0x4B,0x02,0x4B,0x02,0x4B,0x02,0x4B,0x02,0x4B,0x02,0x4B,0x02,
  0x4B,0x02,0x4B,0x02,0x4B,0x02,0x4B,0x02,0x4B,0x02,0x4B,0x02,0x4B,0x02,0x4B,0x02,0x4B,0x02,0x4B,0x02,0x4B,0x02,0x4B,0x02,
  0x4B,0x02,0x4B,0x02,0x4B,0x02,0x4B,0x02,0x4B,0x02,0x4B,0x02,0x4B,0x02,0x4B,0x02,0x4B,0x02,0x4B,0x02,0x4B,0x02,0x4B,0x02,
  0x4B,0x02,0x4B,0x02,0x4B,0x02,0x4B,0x02,0x4B,0x02,0x4B,0x02,0x4B,0x02,0x4B,0x02,0x4B,0x02,0x4B,0x02,0x4B,0x02,0x4B,0x02,
  0x4B,0x02,0x4B,0x02,0x4B,0x02,0x4B,0x02,0x4B,0x02,0x4B,0x02,0x4B,0x02,0x4B,0x02,0x4B,0x02,0x4B,0x02,0x4B,0x02,0x4B,0x02,
  0x4B,0x02,0x4B,0x02,0x4B,0x02,0x4B,0x02,0x4B,0x02,0x4B,0x02,0x4B,0x02,0x4A,0x02,0x4A,0x02,0x4A,0x02,0x4A,0x02,0x4A,0x02,
  0x4A,0x02,0x4A,0x02,0x4A,0x02,0x4B,0x02,0x4B,0x02,0x4B,0x02,0x4B,0x02,0x4B,0x02,0x4A,0x02,0x4A,0x02,0x4A,0x02,0x4A,0x02,
  0x4A,0x02,0x4B,0x02,0x4A,0x02,0x4B,0x02,0x4B,0x02,0x4B,0x02,0x4B,0x02,0x4B,0x02,0x4B,0x02,0x4B,0x02,0x4B,0x02,0x4B,0x02,
  0x4B,0x02,0x4B,0x02,0x4B,0x02,0x4B,0x02,0x4B,0x02,0x4B,0x02,0x4A,0x02,0x4A,0x02,0x4A,0x02,0x4A,0x02,0x4A,0x02,0x4B,0x02,
  0x4B,0x02,0x4A,0x02,0x4B,0x02,0x4B,0x02,0x4B,0x02,0x4B,0x02,0x4B,0x02,0x4B,0x02,0x4B,0x02,0x4B,0x02,0x4B,0x02,0x4B,0x02,
  0x4A,0x02,0x4A,0x02,0x4B,0x02,0x4B,0x02,0x4B,0x02,0x4B,0x02,0x4B,0x02,0x4B,0x02,0x4B,0x02,0x4B,0x02,0x4B,0x02,0x4B,0x02,
  0x4B,0x02,0x4B,0x02,0x4B,0x02,0x4B,0x02,0x4B,0x02,0x4B,0x02,0x4B,0x02,0x4B,0x02,0x4B,0x02,0x4A,0x02,0x4A,0x02,0x4A,0x02,
  0x4A,0x02,0x4A,0x02,0x4A,0x02,0x4A,0x02,0x4A,0x02,0x4A,0x02,0x4A,0x02,0x4A,0x02,0x4A,0x02,0x4A,0x02,0x4A,0x02,0x4A,0x02,
  0x4A,0x02,0x4B,0x02,0x4B,0x02,0x4B,0x02,0x4B,0x02,0x4B,0x02,0x4B,0x02,0x4B,0x02,0x4B,0x02,0x4B,0x02,0x4B,0x02,0x4B,0x02,
  0x4B,0x02,0x4B,0x02,0x4B,0x02,0x4B,0x02,0x4B,0x02,0x4B,0x02,0x4B,0x02,0x4B,0x02,0x4B,0x02,0x4B,0x02,0x4B,0x02,0x4B,0x02,
  0x4B,0x02,0x4B,0x02,0x4B,0x02,0x4B,0x02,0x4B,0x02,0x4B,0x02,0x4B,0x02,0x4B,0x02,0x4B,0x02,0x4B,0x02,0x4B,0x02,0x4B,0x02,
  0x4B,0x02,0x4B,0x02,0x4B,0x02,0x4B,0x02,0x4B,0x02,0x4B,0x02,0x4B,0x02,0x4B,0x02,0x4B,0x02,0x4B,0x02,0x4B,0x02,0x4B,0x02,
  0x4B,0x02,0x4B,0x02,0x4B,0x02,0x4B,0x02,0x4B,0x02,0x4B,0x02,0x4B,0x02,0x4B,0x02,0x4B,0x02,0x4B,0x02,0x4B,0x02,0x4B,0x02,
  0x4B,0x02,0x4B,0x02,0x4B,0x02,0x4A,0x02,0x4A,0x02,0x4A,0x02,0x4A,0x02,0x4A,0x02,0x4A,0x02,0x4A,0x02,0x4A,0x02,0x4B,0x02,
  0x4B,0x02,0x4B,0x02,0x4B,0x02,0x4B,0x02,0x4A,0x02,0x4A,0x02,0x4A,0x02,0x4A,0x02,0x4A,0x02,0x4B,0x02,0x4B,0x02,0x4B,0x02,
  0x4B,0x02,0x4B,0x02,0x4B,0x02,0x4B,0x02,0x4B,0x02,0x4B,0x02,0x4B,0x02,0x4B,0x02,0x4B,0x02,0x4B,0x02,0x4B,0x02,0x4B,0x02,
  0x4B,0x02,0x4B,0x02,0x4A,0x02,0x4A,0x02,0x4A,0x02,0x4A,0x02,0x4A,0x02,0x8B,0x0A,0x6B,0x0A,0x4A,0x02,0x4B,0x02,0x4B,0x02,
  0x4B,0x02,0x4B,0x02,0x4B,0x02,0x4B,0x02,0x4B,0x02,0x4B,0x02,0x4B,0x02,0x4B,0x02,0x4A,0x02,0x4A,0x02,0x4B,0x02,0x4B,0x02,
  0x4A,0x02,0x4A,0x02,0x4B,0x02,0x4B,0x02,0x4B,0x02,0x4B,0x02,0x4B,0x02,0x4B,0x02,0x4B,0x02,0x4B,0x02,0x4B,0x02,0x4B,0x02,
  0x4B,0x02,0x4B,0x02,0x4B,0x02,0x4B,0x02,0x4B,0x02,0x4A,0x02,0x4A,0x02,0x4A,0x02,0x4A,0x02,0x4A,0x02,0x4A,0x02,0x4A,0x02,
  0x4A,0x02,0x4A,0x02,0x4A,0x02,0x4A,0x02,0x4A,0x02,0x4A,0x02,0x4A,0x02,0x4A,0x02,0x4A,0x02,0x4B,0x02,0x4B,0x02,0x4B,0x02,
  0x4B,0x02,0x4B,0x02,0x4B,0x02,0x4B,0x02,0x4B,0x02,0x4B,0x02,0x4B,0x02,0x4B,0x02,0x4B,0x02,0x4B,0x02,0x4B,0x02,0x4B,0x02,
  0x4B,0x02,0x4B,0x02,0x4B,0x02,0x4B,0x02,0x4B,0x02,0x4B,0x02,0x4B,0x02,0x4B,0x02,0x4B,0x02,0x4B,0x02,0x4B,0x02,0x4B,0x02,
  0x4B,0x02,0x4B,0x02,0x4B,0x02,0x4B,0x02,0x4B,0x02,0x4B,0x02,0x4B,0x02,0x4B,0x02,0x4B,0x02,0x4B,0x02,0x4B,0x02,0x4B,0x02,
  0x4B,0x02,0x4B,0x02,0x4B,0x02,0x4B,0x02,0x4B,0x02,0x4B,0x02,0x4B,0x02,0x4B,0x02,0x4B,0x02,0x4B,0x02,0x4B,0x02,0x4B,0x02,
  0x4B,0x02,0x4B,0x02,0x4B,0x02,0x4B,0x02,0x4B,0x02,0x4B,0x02,0x4B,0x02,0x4B,0x02,0x4B,0x02,0x4B,0x02,0x4B,0x02,0x4A,0x02,
  0x4A,0x02,0x4A,0x02,0x4A,0x02,0x4A,0x02,0x4A,0x02,0x4A,0x02,0x4A,0x02,0x4B,0x02,0x4B,0x02,0x4B,0x02,0x4B,0x02,0x4B,0x02,
  0x4B,0x02,0x4B,0x02,0x4B,0x02,0x4A,0x02,0x4A,0x02,0x4B,0x02,0x4B,0x02,0x4B,0x02,0x4B,0x02,0x4B,0x02,0x4B,0x02,0x4B,0x02,
  0x4B,0x02,0x4B,0x02,0x4B,0x02,0x4B,0x02,0x4B,0x02,0x4B,0x02,0x4B,0x02,0x4B,0x02,0x4B,0x02,0x4B,0x02,0x4A,0x02,0x4A,0x02,
  0x4A,0x02,0x4A,0x02,0x4A,0x02,0x4A,0x02,0x4A,0x02,0x4A,0x02,0x4A,0x02,0x4B,0x02,0x4B,0x02,0x4B,0x02,0x4B,0x02,0x4B,0x02,
  0x4B,0x02,0x4B,0x02,0x4B,0x02,0x4B,0x02,0x4A,0x02,0x4A,0x02,0x4B,0x02,0x4B,0x02,0x4A,0x02,0x4A,0x02,0x4B,0x02,0x4B,0x02,
  0x4B,0x02,0x4B,0x02,0x4B,0x02,0x4B,0x02,0x4B,0x02,0x4B,0x02,0x4B,0x02,0x4B,0x02,0x4B,0x02,0x4B,0x02,0x4B,0x02,0x4B,0x02,
  0x4B,0x02,0x4A,0x02,0x4A,0x02,0x4A,0x02,0x4A,0x02,0x4A,0x02,0x4A,0x02,0x4A,0x02,0x4A,0x02,0x4A,0x02,0x4A,0x02,0x4A,0x02,
  0x4A,0x02,0x4A,0x02,0x4A,0x02,0x4A,0x02,0x4A,0x02,0x4B,0x02,0x4B,0x02,0x4B,0x02,0x4B,0x02,0x4B,0x02,0x4B,0x02,0x4B,0x02,
  0x4B,0x02,0x4B,0x02,0x4B,0x02,0x4B,0x02,0x4B,0x02,0x4B,0x02,0x4B,0x02,0x4B,0x02,0x4B,0x02,0x4B,0x02,0x4B,0x02,0x4B,0x02,
  0x4B,0x02,0x4B,0x02,0x4B,0x02,0x4B,0x02,0x4B,0x02,0x4B,0x02,0x4B,0x02,0x4B,0x02,0x4B,0x02,0x4B,0x02,0x4B,0x02,0x4B,0x02,
  0x4B,0x02,0x4B,0x02,0x4B,0x02,0x4B,0x02,0x4B,0x02,0x4B,0x02,0x4B,0x02,0x4B,0x02,0x4B,0x02,0x4B,0x02,0x4B,0x02,0x4B,0x02,
  0x4B,0x02,0x4B,0x02,0x4B,0x02,0x4B,0x02,0x4B,0x02,0x4B,0x02,0x4B,0x02,0x4B,0x02,0x4B,0x02,0x4B,0x02,0x4B,0x02,0x4B,0x02,
  0x4B,0x02,0x4B,0x02,0x4B,0x02,0x4B,0x02,0x4B,0x02,0x4B,0x02,0x4B,0x02,0x4A,0x02,0x4A,0x02,0x4A,0x02,0x4A,0x02,0x4A,0x02,
  0x4A,0x02,0x4A,0x02,0x4A,0x02,0x4B,0x02,0x4B,0x02,0x4B,0x02,0x4B,0x02,0x4B,0x02,0x4B,0x02,0x4B,0x02,0x4B,0x02,0x4A,0x02,
  0x4A,0x02,0x4B,0x02,0x4B,0x02,0x4B,0x02,0x4B,0x02,0x4B,0x02,0x4B,0x02,0x4B,0x02,0x4B,0x02,0x4B,0x02,0x4B,0x02,0x4B,0x02,
  0x4B,0x02,0x4B,0x02,0x4B,0x02,0x4B,0x02,0x4B,0x02,0x4B,0x02,0x4A,0x02,0x4A,0x02,0x4A,0x02,0x4A,0x02,0x4A,0x02,0x4A,0x02,
  0x4A,0x02,0x4A,0x02,0x4A,0x02,0x4B,0x02,0x4B,0x02,0x4B,0x02,0x4B,0x02,0x4B,0x02,0x4B,0x02,0x4B,0x02,0x4B,0x02,0x4B,0x02,
  0x4A,0x02,0x4A,0x02,0x4B,0x02,0x4B,0x02,0x4B,0x02,0x4B,0x02,0x4B,0x02,0x4B,0x02,0x4B,0x02,0x4B,0x02,0x4B,0x02,0x4B,0x02,
  0x4B,0x02,0x4B,0x02,0x4B,0x02,0x4B,0x02,0x4B,0x02,0x4B,0x02,0x4B,0x02,0x4B,0x02,0x4B,0x02,0x4A,0x02,0x4A,0x02,0x4A,0x02,
  0x4A,0x02,0x4A,0x02,0x4A,0x02,0x4A,0x02,0x4A,0x02,0x4A,0x02,0x4A,0x02,0x4A,0x02,0x4A,0x02,0x4A,0x02,0x4A,0x02,0x4A,0x02,
  0x4A,0x02,0x4B,0x02,0x4B,0x02,0x4B,0x02,0x4B,0x02,0x4B,0x02,0x4B,0x02,0x4B,0x02,0x4B,0x02,0x4B,0x02,0x4B,0x02,0x4B,0x02,
  0x4B,0x02,0x4B,0x02,0x4B,0x02,0x4B,0x02,0x4B,0x02,0x4B,0x02,0x4B,0x02,0x4B,0x02,0x4B,0x02,0x4B,0x02,0x4B,0x02,0x4B,0x02,
  0x4B,0x02,0x4B,0x02,0x4B,0x02,0x4B,0x02,0x4B,0x02,0x4B,0x02,0x4B,0x02,0x4B,0x02,0x4B,0x02,0x4B,0x02,0x4B,0x02,0x4B,0x02,
  0x4B,0x02,0x4B,0x02,0x4B,0x02,0x4B,0x02,0x4B,0x02,0x4B,0x02,0x4B,0x02,0x4B,0x02,0x4B,0x02,0x4B,0x02,0x4B,0x02,0x4B,0x02,
  0x4B,0x02,0x4B,0x02,0x4B,0x02,0x4B,0x02,0x4B,0x02,0x4B,0x02,0x4B,0x02,0x4B,0x02,0x4B,0x02,0x4B,0x02,0x4B,0x02,0x4B,0x02,
  0x4B,0x02,0x4B,0x02,0x4B,0x02,0x4B,0x02,0x4B,0x02,0x4B,0x02,0x4A,0x02,0x4A,0x02,0x4A,0x02,0x4A,0x02,0x4A,0x02,0x4B,0x02,
  0x4B,0x02,0x4B,0x02,0x4B,0x02,0x4B,0x02,0x4B,0x02,0x4B,0x02,0x4B,0x02,0x4B,0x02,0x4B,0x02,0x4B,0x02,0x4B,0x02,0x4B,0x02,
  0x4B,0x02,0x4B,0x02,0x4B,0x02,0x4B,0x02,0x4B,0x02,0x4B,0x02,0x4B,0x02,0x4B,0x02,0x4B,0x02,0x4B,0x02,0x4B,0x02,0x4B,0x02,
  0x4B,0x02,0x4B,0x02,0x4A,0x02,0x4A,0x02,0x4A,0x02,0x4A,0x02,0x4A,0x02,0x4A,0x02,0x4A,0x02,0x4A,0x02,0x4A,0x02,0x4B,0x02,
  0x4B,0x02,0x4B,0x02,0x4B,0x02,0x4B,0x02,0x4B,0x02,0x4B,0x02,0x4B,0x02,0x4B,0x02,0x4A,0x02,0x4A,0x02,0x4B,0x02,0x4B,0x02,
  0x4B,0x02,0x4B,0x02,0x4B,0x02,0x4A,0x02,0x4B,0x02,0x4B,0x02,0x4B,0x02,0x4B,0x02,0x4B,0x02,0x4B,0x02,0x4B,0x02,0x4B,0x02,
  0x4B,0x02,0x4B,0x02,0x4B,0x02,0x4B,0x02,0x4B,0x02,0x4A,0x02,0x4A,0x02,0x4A,0x02,0x4A,0x02,0x4A,0x02,0x4A,0x02,0x4A,0x02,
  0x4A,0x02,0x4A,0x02,0x4A,0x02,0x4A,0x02,0x4A,0x02,0x4A,0x02,0x4A,0x02,0x4A,0x02,0x4A,0x02,0x4B,0x02,0x4B,0x02,0x4B,0x02,
  0x4B,0x02,0x4B,0x02,0x4B,0x02,0x4B,0x02,0x4B,0x02,0x4B,0x02,0x4B,0x02,0x4B,0x02,0x4B,0x02,0x4B,0x02,0x4B,0x02,0x4B,0x02,
  0x4B,0x02,0x4B,0x02,0x4B,0x02,0x4B,0x02,0x4A,0x02,0x4A,0x02,0x4B,0x02,0x4B,0x02,0x4B,0x02,0x4B,0x02,0x4B,0x02,0x4B,0x02,
  0x4B,0x02,0x4B,0x02,0x4B,0x02,0x4B,0x02,0x4B,0x02,0x4B,0x02,0x4B,0x02,0x4B,0x02,0x4B,0x02,0x4B,0x02,0x4A,0x02,0x4A,0x02,
  0x4A,0x02,0x4B,0x02,0x4B,0x02,0x4B,0x02,0x4B,0x02,0x4B,0x02,0x4B,0x02,0x4B,0x02,0x4B,0x02,0x4B,0x02,0x4B,0x02,0x4B,0x02,
  0x4B,0x02,0x4B,0x02,0x4B,0x02,0x4B,0x02,0x4B,0x02,0x4B,0x02,0x4B,0x02,0x4B,0x02,0x4B,0x02,0x4B,0x02,0x4B,0x02,0x4B,0x02,
  0x4B,0x02,0x4B,0x02,0x4A,0x02,0x4A,0x02,0x4A,0x02,0x4A,0x02,0x4A,0x02,0x4B,0x02,0x4B,0x02,0x4B,0x02,0x4B,0x02,0x4B,0x02,
  0x4B,0x02,0x4B,0x02,0x4B,0x02,0x4B,0x02,0x4B,0x02,0x4B,0x02,0x4B,0x02,0x4B,0x02,0x4B,0x02,0x4B,0x02,0x4B,0x02,0x4B,0x02,
  0x4B,0x02,0x4B,0x02,0x4B,0x02,0x4B,0x02,0x4B,0x02,0x4B,0x02,0x4B,0x02,0x4B,0x02,0x4B,0x02,0x4B,0x02,0x4A,0x02,0x4A,0x02,
  0x4A,0x02,0x4A,0x02,0x4A,0x02,0x4A,0x02,0x4A,0x02,0x4A,0x02,0x4A,0x02,0x4B,0x02,0x4B,0x02,0x4B,0x02,0x4B,0x02,0x4B,0x02,
  0x4B,0x02,0x4B,0x02,0x4B,0x02,0x4B,0x02,0x4A,0x02,0x4A,0x02,0x4B,0x02,0x4B,0x02,0x4B,0x02,0x4B,0x02,0x4B,0x02,0x4A,0x02,
  0x6B,0x02,0x4B,0x02,0x4B,0x02,0x4B,0x02,0x4B,0x02,0x4B,0x02,0x4B,0x02,0x4B,0x02,0x4B,0x02,0x4B,0x02,0x4B,0x02,0x4B,0x02,
  0x4B,0x02,0x4A,0x02,0x4A,0x02,0x4A,0x02,0x4A,0x02,0x4A,0x02,0x4A,0x02,0x4A,0x02,0x4A,0x02,0x4A,0x02,0x4A,0x02,0x4A,0x02,
  0x4A,0x02,0x4A,0x02,0x4A,0x02,0x4A,0x02,0x4A,0x02,0x4B,0x02,0x4B,0x02,0x4B,0x02,0x4B,0x02,0x4B,0x02,0x4B,0x02,0x4B,0x02,
  0x4B,0x02,0x4B,0x02,0x4B,0x02,0x4B,0x02,0x4B,0x02,0x4B,0x02,0x4B,0x02,0x4B,0x02,0x4B,0x02,0x4B,0x02,0x4B,0x02,0x4B,0x02,
  0x4B,0x02,0x4B,0x02,0x4B,0x02,0x4A,0x02,0x4B,0x02,0x4B,0x02,0x4B,0x02,0x4B,0x02,0x4B,0x02,0x4B,0x02,0x4B,0x02,0x4B,0x02,
  0x4B,0x02,0x4B,0x02,0x4B,0x02,0x4B,0x02,0x4B,0x02,0x4B,0x02,0x4A,0x02,0x2A,0x02,0xAC,0x0A,0x4B,0x02,0x4B,0x02,0x4B,0x02,
  0x4B,0x02,0x4B,0x02,0x4B,0x02,0x4B,0x02,0x4B,0x02,0x4B,0x02,0x4B,0x02,0x4B,0x02,0x4B,0x02,0x4B,0x02,0x4B,0x02,0x4B,0x02,
  0x4B,0x02,0x4B,0x02,0x4B,0x02,0x4B,0x02,0x4B,0x02,0x4B,0x02,0x4B,0x02,0x4B,0x02,0x4B,0x02,0x4B,0x02,0x4A,0x02,0x4A,0x02,
  0x4A,0x02,0x4A,0x02,0x4A,0x02,0x4B,0x02,0x4B,0x02,0x4B,0x02,0x4B,0x02,0x4B,0x02,0x4B,0x02,0x4B,0x02,0x4B,0x02,0x4B,0x02,
  0x4B,0x02,0x4B,0x02,0x4B,0x02,0x4B,0x02,0x4B,0x02,0x4B,0x02,0x4B,0x02,0x4B,0x02,0x4B,0x02,0x4B,0x02,0x4B,0x02,0x4B,0x02,
  0x4B,0x02,0x4B,0x02,0x4B,0x02,0x4B,0x02,0x4B,0x02,0x4B,0x02,0x4A,0x02,0x4A,0x02,0x4A,0x02,0x4A,0x02,0x4A,0x02,0x4A,0x02,
  0x4A,0x02,0x4A,0x02,0x4A,0x02,0x4B,0x02,0x4B,0x02,0x4B,0x02,0x4B,0x02,0x4B,0x02,0x4B,0x02,0x4B,0x02,0x4B,0x02,0x4B,0x02,
  0x4A,0x02,0x4A,0x02,0x4B,0x02,0x4B,0x02,0x4B,0x02,0x4B,0x02,0x4B,0x02,0x4B,0x02,0x4B,0x02,0x4B,0x02,0x4B,0x02,0x4B,0x02,
  0x4B,0x02,0x4B,0x02,0x4B,0x02,0x4B,0x02,0x4B,0x02,0x4B,0x02,0x4B,0x02,0x4B,0x02,0x4B,0x02,0x4B,0x02,0x4B,0x02,0x4B,0x02,
  0x4B,0x02,0x4B,0x02,0x4B,0x02,0x4B,0x02,0x4B,0x02,0x4B,0x02,0x4B,0x02,0x4A,0x02,0x4A,0x02,0x4A,0x02,0x4A,0x02,0x4A,0x02,
  0x4A,0x02,0x4B,0x02,0x4B,0x02,0x4B,0x02,0x4B,0x02,0x4B,0x02,0x4B,0x02,0x4B,0x02,0x4B,0x02,0x4B,0x02,0x4B,0x02,0x4B,0x02,
  0x4B,0x02,0x4B,0x02,0x4B,0x02,0x4B,0x02,0x4B,0x02,0x4B,0x02,0x4B,0x02,0x4B,0x02,0x4B,0x02,0x4B,0x02,0x4B,0x02,0x4B,0x02,
  0x4B,0x02,0x4B,0x02,0x4B,0x02,0x4B,0x02,0x4B,0x02,0x4B,0x02,0x4B,0x02,0x4B,0x02,0x4B,0x02,0x4B,0x02,0x4B,0x02,0x4B,0x02,
  0x4A,0x02,0x4A,0x02,0x4B,0x02,0x4B,0x02,0x4B,0x02,0x4B,0x02,0x4B,0x02,0x4B,0x02,0x4B,0x02,0x4B,0x02,0x4B,0x02,0x4B,0x02,
  0x4B,0x02,0x4B,0x02,0x4B,0x02,0x4B,0x02,0x4B,0x02,0x4B,0x02,0x4B,0x02,0x4B,0x02,0x4B,0x02,0x4B,0x02,0x4B,0x02,0x4B,0x02,
  0x4B,0x02,0x4B,0x02,0x4B,0x02,0x4B,0x02,0x4B,0x02,0x4B,0x02,0x4B,0x02,0x4B,0x02,0x4B,0x02,0x4B,0x02,0x4B,0x02,0x4B,0x02,
  0x4B,0x02,0x4B,0x02,0x4B,0x02,0x4B,0x02,0x4B,0x02,0x4B,0x02,0x4A,0x02,0x4A,0x02,0x4B,0x02,0x4B,0x02,0x4B,0x02,0x4B,0x02,
  0x4B,0x02,0x4B,0x02,0x4B,0x02,0x4B,0x02,0x4B,0x02,0x4B,0x02,0x4B,0x02,0x4B,0x02,0x4B,0x02,0x4B,0x02,0x4B,0x02,0x4B,0x02,
  0x4B,0x02,0x4B,0x02,0x4B,0x02,0x4B,0x02,0x4B,0x02,0x4B,0x02,0x4B,0x02,0x4B,0x02,0x4B,0x02,0x4B,0x02,0x4B,0x02,0x4B,0x02,
  0x4B,0x02,0x4B,0x02,0x4B,0x02,0x4B,0x02,0x4B,0x02,0x4B,0x02,0x4B,0x02,0x4B,0x02,0x4A,0x02,0x4A,0x02,0x4B,0x02,0x4B,0x02,
  0x4B,0x02,0x4B,0x02,0x4B,0x02,0x4B,0x02,0x4B,0x02,0x4B,0x02,0x4B,0x02,0x4B,0x02,0x4B,0x02,0x4B,0x02,0x4B,0x02,0x4B,0x02,
  0x4B,0x02,0x4B,0x02,0x4B,0x02,0x4B,0x02,0x4B,0x02,0x4B,0x02,0x4B,0x02,0x4B,0x02,0x4B,0x02,0x4B,0x02,0x4B,0x02,0x4B,0x02,
  0x4B,0x02,0x4B,0x02,0x4B,0x02,0x4A,0x02,0x4A,0x02,0x4A,0x02,0x4A,0x02,0x4A,0x02,0x4A,0x02,0x4B,0x02,0x4B,0x02,0x4B,0x02,
  0x4B,0x02,0x4B,0x02,0x4B,0x02,0x4B,0x02,0x4B,0x02,0x4B,0x02,0x4B,0x02,0x4B,0x02,0x4B,0x02,0x4B,0x02,0x4B,0x02,0x4B,0x02,
  0x4B,0x02,0x4B,0x02,0x4B,0x02,0x4B,0x02,0x4B,0x02,0x4B,0x02,0x4B,0x02,0x4B,0x02,0x4B,0x02,0x4B,0x02,0x4B,0x02,0x4B,0x02,
  0x4B,0x02,0x4B,0x02,0x4B,0x02,0x4B,0x02,0x4B,0x02,0x4B,0x02,0x4B,0x02,0x4B,0x02,0x4A,0x02,0x4A,0x02,0x4A,0x02,0x4A,0x02,
  0x4B,0x02,0x4B,0x02,0x4B,0x02,0x4B,0x02,0x4B,0x02,0x4B,0x02,0x4B,0x02,0x4B,0x02,0x4B,0x02,0x4B,0x02,0x4B,0x02,0x4B,0x02,
  0x4B,0x02,0x4B,0x02,0x4B,0x02,0x4B,0x02,0x4B,0x02,0x4B,0x02,0x4B,0x02,0x4B,0x02,0x4B,0x02,0x4B,0x02,0x4B,0x02,0x4B,0x02,
  0x4B,0x02,0x4B,0x02,0x4B,0x02,0x4B,0x02,0x4B,0x02,0x4B,0x02,0x4B,0x02,0x4B,0x02,0x4B,0x02,0x4B,0x02,0x4B,0x02,0x4B,0x02,
  0x4B,0x02,0x4A,0x02,0x6B,0x02,0x4B,0x02,0x4A,0x02,0x4B,0x02,0x4B,0x02,0x4B,0x02,0x4B,0x02,0x4B,0x02,0x4B,0x02,0x4B,0x02,
  0x4B,0x02,0x4B,0x02,0x4B,0x02,0x4B,0x02,0x4B,0x02,0x4B,0x02,0x4B,0x02,0x4B,0x02,0x4B,0x02,0x4B,0x02,0x4B,0x02,0x4B,0x02,
  0x4B,0x02,0x4B,0x02,0x4B,0x02,0x4B,0x02,0x4B,0x02,0x4B,0x02,0x4B,0x02,0x4B,0x02,0x4B,0x02,0x4B,0x02,0x4B,0x02,0x4B,0x02,
  0x4B,0x02,0x4B,0x02,0x4B,0x02,0x4B,0x02,0x4A,0x02,0x4A,0x02,0x4B,0x02,0x4B,0x02,0x4B,0x02,0x4B,0x02,0x4B,0x02,0x4B,0x02,
  0x4B,0x02,0x4B,0x02,0x4B,0x02,0x4B,0x02,0x4B,0x02,0x4B,0x02,0x4B,0x02,0x4B,0x02,0x4B,0x02,0x4B,0x02,0x4B,0x02,0x4B,0x02,
  0x4B,0x02,0x4B,0x02,0x4B,0x02,0x4B,0x02,0x4B,0x02,0x4B,0x02,0x4B,0x02,0x4B,0x02,0x4B,0x02,0x4B,0x02,0x4B,0x02,0x4A,0x02,
  0x4A,0x02,0x4A,0x02,0x4A,0x02,0x4A,0x02,0x4A,0x02,0x4B,0x02,0x4B,0x02,0x4B,0x02,0x4B,0x02,0x4B,0x02,0x4B,0x02,0x4B,0x02,
  0x4B,0x02,0x4B,0x02,0x4B,0x02,0x4B,0x02,0x4B,0x02,0x4B,0x02,0x4B,0x02,0x4B,0x02,0x4B,0x02,0x4B,0x02,0x4A,0x02,0x4A,0x02,
  0x4A,0x02,0x4A,0x02,0x4A,0x02,0x4A,0x02,0x4A,0x02,0x4A,0x02,0x4B,0x02,0x4B,0x02,0x4B,0x02,0x4B,0x02,0x4B,0x02,0x4B,0x02,
  0x4B,0x02,0x4B,0x02,0x4B,0x02,0x4B,0x02,0x4B,0x02,0x4B,0x02,0x4B,0x02,0x4B,0x02,0x4B,0x02,0x4B,0x02,0x4B,0x02,0x4B,0x02,
  0x4B,0x02,0x4B,0x02,0x4B,0x02,0x4B,0x02,0x4B,0x02,0x4B,0x02,0x4B,0x02,0x4B,0x02,0x4B,0x02,0x4B,0x02,0x4B,0x02,0x4B,0x02,
  0x4B,0x02,0x4B,0x02,0x4B,0x02,0x4B,0x02,0x4B,0x02,0x4B,0x02,0x4B,0x02,0x4B,0x02,0x4B,0x02,0x4B,0x02,0x4B,0x02,0x4B,0x02,
  0x4B,0x02,0x4B,0x02,0x4B,0x02,0x4B,0x02,0x4B,0x02,0x4B,0x02,0x4B,0x02,0x4B,0x02,0x4B,0x02,0x4A,0x02,0x6B,0x02,0x4B,0x02,
  0x4B,0x02,0x4B,0x02,0x4B,0x02,0x4B,0x02,0x4B,0x02,0x4B,0x02,0x4B,0x02,0x4B,0x02,0x4B,0x02,0x4B,0x02,0x4B,0x02,0x4B,0x02,
  0x4B,0x02,0x4B,0x02,0x4B,0x02,0x4B,0x02,0x4A,0x02,0x4A,0x02,0x4A,0x02,0x4A,0x02,0x4A,0x02,0x4B,0x02,0x4B,0x02,0x4B,0x02,
  0x4B,0x02,0x4B,0x02,0x4B,0x02,0x4B,0x02,0x4B,0x02,0x4B,0x02,0x4B,0x02,0x4B,0x02,0x4B,0x02,0x4B,0x02,0x4B,0x02,0x4B,0x02,
  0x4A,0x02,0x4A,0x02,0x4B,0x02,0x4B,0x02,0x4B,0x02,0x4B,0x02,0x4B,0x02,0x4B,0x02,0x4B,0x02,0x4B,0x02,0x4B,0x02,0x4B,0x02,
  0x4B,0x02,0x4B,0x02,0x4B,0x02,0x4B,0x02,0x4B,0x02,0x4B,0x02,0x4B,0x02,0x4B,0x02,0x4B,0x02,0x4B,0x02,0x4B,0x02,0x4B,0x02,
  0x4B,0x02,0x4B,0x02,0x4B,0x02,0x4B,0x02,0x4B,0x02,0x4B,0x02,0x4B,0x02,0x4A,0x02,0x4A,0x02,0x4A,0x02,0x4A,0x02,0x4A,0x02,
  0x4A,0x02,0x4B,0x02,0x4B,0x02,0x4B,0x02,0x4B,0x02,0x4B,0x02,0x4B,0x02,0x4B,0x02,0x4B,0x02,0x4B,0x02,0x4B,0x02,0x4B,0x02,
  0x4B,0x02,0x4B,0x02,0x4B,0x02,0x4B,0x02,0x4B,0x02,0x4B,0x02,0x4A,0x02,0x4A,0x02,0x4A,0x02,0x4A,0x02,0x4A,0x02,0x4A,0x02,
  0x4A,0x02,0x4A,0x02,0x4B,0x02,0x4B,0x02,0x4B,0x02,0x4B,0x02,0x4B,0x02,0x4B,0x02,0x4B,0x02,0x4B,0x02,0x4B,0x02,0x4B,0x02,
  0x4B,0x02,0x4B,0x02,0x4B,0x02,0x4B,0x02,0x4B,0x02,0x4B,0x02,0x4B,0x02,0x4B,0x02,0x4B,0x02,0x4B,0x02,0x4B,0x02,0x4B,0x02,
  0x4B,0x02,0x4B,0x02,0x4B,0x02,0x4B,0x02,0x4B,0x02,0x4B,0x02,0x4B,0x02,0x4B,0x02,0x4B,0x02,0x4B,0x02,0x4B,0x02,0x4B,0x02,
  0x4B,0x02,0x4B,0x02,0x4B,0x02,0x4B,0x02,0x4B,0x02,0x4B,0x02,0x4B,0x02,0x4B,0x02,0x4B,0x02,0x4B,0x02,0x4B,0x02,0x4B,0x02,
  0x4B,0x02,0x4B,0x02,0x4B,0x02,0x4B,0x02,0x4B,0x02,0x4B,0x02,0x4A,0x02,0x4B,0x02,0x4B,0x02,0x4B,0x02,0x4B,0x02,0x4B,0x02,
  0x4B,0x02,0x4B,0x02,0x4B,0x02,0x4B,0x02,0x4B,0x02,0x4B,0x02,0x4B,0x02,0x4B,0x02,0x4B,0x02,0x4B,0x02,0x4B,0x02,0x4B,0x02,
  0x4A,0x02,0x4A,0x02,0x2A,0x02,0x6B,0x0A,0x6B,0x02,0x4A,0x02,0x4B,0x02,0x4B,0x02,0x4B,0x02,0x4B,0x02,0x4B,0x02,0x4B,0x02,
  0x4B,0x02,0x4B,0x02,0x4B,0x02,0x4B,0x02,0x4B,0x02,0x4B,0x02,0x4B,0x02,0x4B,0x02,0x4A,0x02,0x4A,0x02,0x4B,0x02,0x4B,0x02,
  0x4B,0x02,0x4B,0x02,0x4B,0x02,0x4B,0x02,0x4B,0x02,0x4B,0x02,0x4B,0x02,0x4B,0x02,0x4B,0x02,0x4B,0x02,0x4B,0x02,0x4B,0x02,
  0x4B,0x02,0x4B,0x02,0x4B,0x02,0x4A,0x02,0x4A,0x02,0x4A,0x02,0x4A,0x02,0x4A,0x02,0x4A,0x02,0x4B,0x02,0x4B,0x02,0x4B,0x02,
  0x4B,0x02,0x4B,0x02,0x4B,0x02,0x4A,0x02,0x4A,0x02,0x4A,0x02,0x4A,0x02,0x4A,0x02,0x4A,0x02,0x4B,0x02,0x4B,0x02,0x4B,0x02,
  0x4B,0x02,0x4B,0x02,0x4B,0x02,0x4B,0x02,0x4B,0x02,0x4B,0x02,0x4B,0x02,0x4B,0x02,0x4B,0x02,0x4B,0x02,0x4B,0x02,0x4B,0x02,
  0x4B,0x02,0x4B,0x02,0x4A,0x02,0x4A,0x02,0x4A,0x02,0x4A,0x02,0x4A,0x02,0x4A,0x02,0x4A,0x02,0x4A,0x02,0x4B,0x02,0x4B,0x02,
  0x4B,0x02,0x4B,0x02,0x4B,0x02,0x4B,0x02,0x4B,0x02,0x4B,0x02,0x4B,0x02,0x4A,0x02,0x4B,0x02,0x4B,0x02,0x4B,0x02,0x4B,0x02,
  0x4B,0x02,0x4B,0x02,0x4B,0x02,0x4B,0x02,0x4B,0x02,0x4B,0x02,0x4B,0x02,0x4B,0x02,0x4B,0x02,0x4B,0x02,0x4B,0x02,0x4A,0x02,
  0x4A,0x02,0x4A,0x02,0x4A,0x02,0x4B,0x02,0x4B,0x02,0x4B,0x02,0x4B,0x02,0x4B,0x02,0x4B,0x02,0x4B,0x02,0x4B,0x02,0x4B,0x02,
  0x4B,0x02,0x4B,0x02,0x4B,0x02,0x4B,0x02,0x4B,0x02,0x4B,0x02,0x4B,0x02,0x4B,0x02,0x4B,0x02,0x4B,0x02,0x4B,0x02,0x4B,0x02,
  0x4B,0x02,0x4B,0x02,0x4B,0x02,0x4B,0x02,0x4B,0x02,0x4B,0x02,0x4B,0x02,0x4B,0x02,0x4B,0x02,0x4B,0x02,0x4B,0x02,0x4B,0x02,
  0x4B,0x02,0x4B,0x02,0x4B,0x02,0x4B,0x02,0x4B,0x02,0x4B,0x02,0x4B,0x02,0x4B,0x02,0x4B,0x02,0x4B,0x02,0x4A,0x02,0x4B,0x02,
  0x4B,0x02,0x4B,0x02,0x4B,0x02,0x4B,0x02,0x4B,0x02,0x4B,0x02,0x4B,0x02,0x4B,0x02,0x4B,0x02,0x4B,0x02,0x4B,0x02,0x4B,0x02,
  0x4B,0x02,0x4B,0x02,0x4B,0x02,0x4B,0x02,0x4A,0x02,0x4A,0x02,0x4B,0x02,0x4B,0x02,0x4B,0x02,0x4B,0x02,0x4B,0x02,0x4B,0x02,
  0x4B,0x02,0x4B,0x02,0x4B,0x02,0x4B,0x02,0x4B,0x02,0x4B,0x02,0x4B,0x02,0x4B,0x02,0x4B,0x02,0x4B,0x02,0x4B,0x02,0x4A,0x02,
  0x4A,0x02,0x4A,0x02,0x8B,0x0A,0x4A,0x02,0x4A,0x02,0x4B,0x02,0x4B,0x02,0x4B,0x02,0x4B,0x02,0x4B,0x02,0x4B,0x02,0x4B,0x02,
  0x4B,0x02,0x4B,0x02,0x4B,0x02,0x4B,0x02,0x4B,0x02,0x4B,0x02,0x4B,0x02,0x4B,0x02,0x4B,0x02,0x4B,0x02,0x4B,0x02,0x4B,0x02,
  0x4B,0x02,0x4B,0x02,0x4B,0x02,0x4B,0x02,0x4B,0x02,0x4B,0x02,0x4B,0x02,0x4B,0x02,0x4B,0x02,0x4B,0x02,0x4A,0x02,0x4A,0x02,
  0x4A,0x02,0x4A,0x02,0x4A,0x02,0x4A,0x02,0x4A,0x02,0x4A,0x02,0x4B,0x02,0x4B,0x02,0x4B,0x02,0x4B,0x02,0x4B,0x02,0x4B,0x02,
  0x4B,0x02,0x4A,0x02,0x4A,0x02,0x4B,0x02,0x4B,0x02,0x4B,0x02,0x4B,0x02,0x4B,0x02,0x4B,0x02,0x4B,0x02,0x4B,0x02,0x4B,0x02,
  0x4B,0x02,0x4B,0x02,0x4B,0x02,0x4B,0x02,0x4B,0x02,0x4B,0x02,0x4B,0x02,0x4A,0x02,0x4A,0x02,0x4A,0x02,0x4A,0x02,0x4A,0x02,
  0x4B,0x02,0x4B,0x02,0x4B,0x02,0x4B,0x02,0x4B,0x02,0x4B,0x02,0x4B,0x02,0x4B,0x02,0x4B,0x02,0x4B,0x02,0x4B,0x02,0x4B,0x02,
  0x4B,0x02,0x4B,0x02,0x4B,0x02,0x4B,0x02,0x4B,0x02,0x4B,0x02,0x4B,0x02,0x4B,0x02,0x4B,0x02,0x4B,0x02,0x4B,0x02,0x4A,0x02,
  0x4A,0x02,0x4B,0x02,0x4B,0x02,0x4B,0x02,0x4B,0x02,0x4B,0x02,0x4B,0x02,0x4B,0x02,0x4B,0x02,0x4B,0x02,0x4B,0x02,0x4B,0x02,
  0x4B,0x02,0x4B,0x02,0x4B,0x02,0x4B,0x02,0x4B,0x02,0x4B,0x02,0x4B,0x02,0x4B,0x02,0x4B,0x02,0x4B,0x02,0x4B,0x02,0x4B,0x02,
  0x4B,0x02,0x4B,0x02,0x4B,0x02,0x4B,0x02,0x4B,0x02,0x4B,0x02,0x4B,0x02,0x4B,0x02,0x4B,0x02,0x4B,0x02,0x4B,0x02,0x4B,0x02,
  0x4A,0x02,0x4A,0x02,0x4B,0x02,0x4B,0x02,0x4B,0x02,0x4B,0x02,0x4B,0x02,0x4B,0x02,0x4B,0x02,0x4B,0x02,0x4B,0x02,0x4B,0x02,
  0x4B,0x02,0x4B,0x02,0x4B,0x02,0x4B,0x02,0x4B,0x02,0x4B,0x02,0x2A,0x02,0xAC,0x0A,0x6B,0x0A,0x4A,0x02,0x4A,0x02,0x4A,0x02,
  0x4B,0x02,0x4B,0x02,0x4A,0x02,0x4B,0x02,0x4B,0x02,0x4B,0x02,0x4B,0x02,0x4B,0x02,0x4B,0x02,0x4B,0x02,0x4B,0x02,0x4B,0x02,
  0x4B,0x02,0x4B,0x02,0x4B,0x02,0x4B,0x02,0x4B,0x02,0x4B,0x02,0x4B,0x02,0x4B,0x02,0x4B,0x02,0x4B,0x02,0x4B,0x02,0x4B,0x02,
  0x4B,0x02,0x4B,0x02,0x4B,0x02,0x4B,0x02,0x4B,0x02,0x4B,0x02,0x4A,0x02,0x4A,0x02,0x4A,0x02,0x4A,0x02,0x4A,0x02,0x4A,0x02,
  0x4A,0x02,0x4A,0x02,0x4B,0x02,0x4B,0x02,0x4B,0x02,0x4B,0x02,0x4B,0x02,0x4B,0x02,0x4B,0x02,0x4A,0x02,0x4B,0x02,0x6B,0x02,
  0x4A,0x02,0x4B,0x02,0x4B,0x02,0x4B,0x02,0x4B,0x02,0x4B,0x02,0x4B,0x02,0x4B,0x02,0x4B,0x02,0x4B,0x02,0x4B,0x02,0x4B,0x02,
  0x4B,0x02,0x4B,0x02,0x4B,0x02,0x4A,0x02,0x4A,0x02,0x4A,0x02,0x4A,0x02,0x4A,0x02,0x4A,0x02,0x4A,0x02,0x4B,0x02,0x4B,0x02,
  0x4B,0x02,0x4B,0x02,0x4B,0x02,0x4B,0x02,0x4B,0x02,0x4B,0x02,0x4B,0x02,0x4B,0x02,0x4B,0x02,0x6B,0x02,0x4A,0x02,0x4B,0x02,
  0x4B,0x02,0x4B,0x02,0x4B,0x02,0x4B,0x02,0x4B,0x02,0x4B,0x02,0x4B,0x02,0x4A,0x02,0x4A,0x02,0x4B,0x02,0x4B,0x02,0x4B,0x02,
  0x4B,0x02,0x4B,0x02,0x4B,0x02,0x4B,0x02,0x4B,0x02,0x4B,0x02,0x4B,0x02,0x4B,0x02,0x4B,0x02,0x4B,0x02,0x4B,0x02,0x4B,0x02,
  0x4B,0x02,0x4B,0x02,0x4B,0x02,0x4B,0x02,0x4B,0x02,0x4B,0x02,0x4B,0x02,0x4B,0x02,0x4B,0x02,0x4B,0x02,0x4B,0x02,0x4B,0x02,
  0x4B,0x02,0x4B,0x02,0x4B,0x02,0x4B,0x02,0x4B,0x02,0x4B,0x02,0x4B,0x02,0x4B,0x02,0x4A,0x02,0x4A,0x02,0x4B,0x02,0x4B,0x02,
  0x4B,0x02,0x4B,0x02,0x4B,0x02,0x4B,0x02,0x4B,0x02,0x4B,0x02,0x4B,0x02,0x4B,0x02,0x4B,0x02,0x4B,0x02,0x4A,0x02,0x4A,0x02,
  0x4B,0x02,0x4B,0x02,0x4B,0x02,0x4A,0x02,0x4A,0x02,0x4A,0x02,0x4A,0x02,0x2A,0x02,0x4A,0x02,0x4B,0x02,0x4A,0x02,0x4B,0x02,
  0x4B,0x02,0x4B,0x02,0x4B,0x02,0x4B,0x02,0x4B,0x02,0x4B,0x02,0x4B,0x02,0x4B,0x02,0x4B,0x02,0x4B,0x02,0x4B,0x02,0x4B,0x02,
  0x4B,0x02,0x4B,0x02,0x4B,0x02,0x4B,0x02,0x4B,0x02,0x4B,0x02,0x4B,0x02,0x4B,0x02,0x4B,0x02,0x4B,0x02,0x4B,0x02,0x4B,0x02,
  0x4B,0x02,0x4B,0x02,0x4B,0x02,0x4B,0x02,0x4A,0x02,0x4A,0x02,0x4A,0x02,0x4A,0x02,0x4A,0x02,0x4A,0x02,0x4B,0x02,0x4B,0x02,
  0x4B,0x02,0x4B,0x02,0x4B,0x02,0x4B,0x02,0x4B,0x02,0x4B,0x02,0x4B,0x02,0x4B,0x02,0x4B,0x02,0x4B,0x02,0x4B,0x02,0x4B,0x02,
  0x4B,0x02,0x4B,0x02,0x4B,0x02,0x4B,0x02,0x4B,0x02,0x4B,0x02,0x4B,0x02,0x4B,0x02,0x4B,0x02,0x4B,0x02,0x4B,0x02,0x4A,0x02,
  0x4A,0x02,0x4A,0x02,0x4A,0x02,0x2A,0x02,0x8C,0x12,0x6B,0x0A,0x4A,0x02,0x4B,0x02,0x4B,0x02,0x4B,0x02,0x4B,0x02,0x4B,0x02,
  0x4B,0x02,0x4B,0x02,0x4B,0x02,0x4B,0x02,0x4B,0x02,0x6B,0x02,0x4A,0x02,0x4B,0x02,0x4B,0x02,0x4B,0x02,0x4B,0x02,0x4B,0x02,
  0x4A,0x02,0x4A,0x02,0x4A,0x02,0x4A,0x02,0x4A,0x02,0x2A,0x02,0x4A,0x02,0x4B,0x02,0x4B,0x02,0x4B,0x02,0x4B,0x02,0x4B,0x02,
  0x4B,0x02,0x4B,0x02,0x4B,0x02,0x4B,0x02,0x4B,0x02,0x4B,0x02,0x4B,0x02,0x4B,0x02,0x4B,0x02,0x4B,0x02,0x4B,0x02,0x4B,0x02,
  0x4B,0x02,0x4B,0x02,0x4B,0x02,0x4B,0x02,0x4B,0x02,0x4B,0x02,0x4B,0x02,0x4B,0x02,0x4B,0x02,0x4B,0x02,0x4B,0x02,0x4B,0x02,
  0x4B,0x02,0x4B,0x02,0x4B,0x02,0x4B,0x02,0x4A,0x02,0x4A,0x02,0x4B,0x02,0x4B,0x02,0x4B,0x02,0x4B,0x02,0x4B,0x02,0x4B,0x02,
  0x4B,0x02,0x4B,0x02,0x4B,0x02,0x4B,0x02,0x4B,0x02,0x4B,0x02,0x4A,0x02,0x4A,0x02,0x4B,0x02,0x4B,0x02,0x4B,0x02,0x4A,0x02,
  0x4A,0x02,0x4A,0x02,0x4A,0x02,0x6A,0x0A,0x8B,0x0A,0x2A,0x02,0x4B,0x02,0x4B,0x02,0x4B,0x02,0x4B,0x02,0x4B,0x02,0x4B,0x02,
  0x4B,0x02,0x4B,0x02,0x4B,0x02,0x4B,0x02,0x4B,0x02,0x4B,0x02,0x4B,0x02,0x4B,0x02,0x4B,0x02,0x4B,0x02,0x4B,0x02,0x4B,0x02,
  0x4B,0x02,0x4B,0x02,0x4B,0x02,0x4B,0x02,0x4B,0x02,0x4B,0x02,0x4B,0x02,0x4B,0x02,0x4B,0x02,0x4B,0x02,0x4B,0x02,0x4B,0x02,
  0x4A,0x02,0x4A,0x02,0x4A,0x02,0x4A,0x02,0x4A,0x02,0x4A,0x02,0x4B,0x02,0x4B,0x02,0x4B,0x02,0x4B,0x02,0x4B,0x02,0x4B,0x02,
  0x4B,0x02,0x4B,0x02,0x4B,0x02,0x4B,0x02,0x4B,0x02,0x4B,0x02,0x4B,0x02,0x4B,0x02,0x4B,0x02,0x4B,0x02,0x4B,0x02,0x4B,0x02,
  0x4B,0x02,0x4B,0x02,0x4B,0x02,0x4B,0x02,0x4B,0x02,0x4B,0x02,0x4B,0x02,0x4A,0x02,0x4A,0x02,0x4A,0x02,0x4B,0x02,0x4B,0x02,
  0x4B,0x02,0x4B,0x02,0x4A,0x02,0x4B,0x02,0x4B,0x02,0x4B,0x02,0x4B,0x02,0x4B,0x02,0x4B,0x02,0x4B,0x02,0x4B,0x02,0x4B,0x02,
  0x4A,0x02,0x4A,0x02,0x4B,0x02,0x4B,0x02,0x4B,0x02,0x4B,0x02,0x4B,0x02,0x4B,0x02,0x4A,0x02,0x4A,0x02,0x4A,0x02,0x4A,0x02,
  0x4A,0x02,0x4A,0x02,0x4B,0x02,0x4B,0x02,0x4B,0x02,0x4B,0x02,0x4B,0x02,0x4B,0x02,0x4B,0x02,0x4B,0x02,0x4B,0x02,0x4B,0x02,
  0x4B,0x02,0x4B,0x02,0x4B,0x02,0x4B,0x02,0x4B,0x02,0x4B,0x02,0x4B,0x02,0x4B,0x02,0x4B,0x02,0x4B,0x02,0x4B,0x02,0x4B,0x02,
  0x4B,0x02,0x4B,0x02,0x4B,0x02,0x4B,0x02,0x4B,0x02,0x4B,0x02,0x4B,0x02,0x4B,0x02,0x4B,0x02,0x4B,0x02,0x4B,0x02,0x4B,0x02,
  0x4A,0x02,0x4A,0x02,0x4B,0x02,0x4B,0x02,0x4B,0x02,0x4B,0x02,0x4B,0x02,0x4B,0x02,0x4B,0x02,0x4B,0x02,0x4B,0x02,0x4B,0x02,
  0x4B,0x02,0x4B,0x02,0x4B,0x02,0x4B,0x02,0x4B,0x02,0x4A,0x02,0x4A,0x02,0x4A,0x02,0x4A,0x02,0x4A,0x02,0x4A,0x02,0x8B,0x0A,
  0x8B,0x0A,0x4A,0x02,0x4A,0x02,0x4B,0x02,0x4B,0x02,0x4B,0x02,0x4B,0x02,0x4B,0x02,0x4B,0x02,0x4B,0x02,0x4B,0x02,0x4B,0x02,
  0x4B,0x02,0x4B,0x02,0x4B,0x02,0x4B,0x02,0x4B,0x02,0x4B,0x02,0x4B,0x02,0x4B,0x02,0x4B,0x02,0x4B,0x02,0x4B,0x02,0x4B,0x02,
  0x4B,0x02,0x4B,0x02,0x4B,0x02,0x4B,0x02,0x4B,0x02,0x4B,0x02,0x4B,0x02,0x4B,0x02,0x4A,0x02,0x4A,0x02,0x4A,0x02,0x4A,0x02,
  0x4A,0x02,0x4B,0x02,0x4B,0x02,0x4B,0x02,0x4B,0x02,0x4B,0x02,0x4B,0x02,0x4B,0x02,0x4B,0x02,0x4B,0x02,0x4B,0x02,0x4B,0x02,
  0x4B,0x02,0x4B,0x02,0x4B,0x02,0x4B,0x02,0x4B,0x02,0x4B,0x02,0x4B,0x02,0x4B,0x02,0x4B,0x02,0x4B,0x02,0x4B,0x02,0x4B,0x02,
  0x4B,0x02,0x4B,0x02,0x4B,0x02,0x4A,0x02,0x4A,0x02,0x4A,0x02,0x4B,0x02,0x4B,0x02,0x4A,0x02,0x4B,0x02,0x4B,0x02,0x4B,0x02,
  0x4B,0x02,0x4B,0x02,0x4B,0x02,0x4B,0x02,0x4B,0x02,0x4B,0x02,0x4B,0x02,0x4B,0x02,0x4B,0x02,0x4B,0x02,0x4B,0x02,0x4B,0x02,
  0x4B,0x02,0x4B,0x02,0x4B,0x02,0x4B,0x02,0x4A,0x02,0x4A,0x02,0x4A,0x02,0x4A,0x02,0x4A,0x02,0x8B,0x0A,0x8B,0x0A,0x4A,0x02,
  0x4A,0x02,0x4A,0x02,0x4B,0x02,0x4B,0x02,0x4B,0x02,0x4B,0x02,0x4B,0x02,0x4B,0x02,0x4B,0x02,0x4B,0x02,0x4B,0x02,0x4B,0x02,
  0x4B,0x02,0x4B,0x02,0x4B,0x02,0x4B,0x02,0x4B,0x02,0x4B,0x02,0x4B,0x02,0x4B,0x02,0x4B,0x02,0x4B,0x02,0x4B,0x02,0x4B,0x02,
  0x4B,0x02,0x4B,0x02,0x4B,0x02,0x4B,0x02,0x4B,0x02,0x4B,0x02,0x4B,0x02,0x4B,0x02,0x4A,0x02,0x4A,0x02,0x4B,0x02,0x4B,0x02,
  0x4B,0x02,0x4B,0x02,0x4B,0x02,0x4B,0x02,0x4B,0x02,0x4B,0x02,0x4B,0x02,0x4B,0x02,0x4B,0x02,0x4B,0x02,0x4B,0x02,0x4B,0x02,
  0x4A,0x02,0x4A,0x02,0x4A,0x02,0x4A,0x02,0x4A,0x02,0x4A,0x02,0x4A,0x02,0x2A,0x02,0x4A,0x02,0x4A,0x02,0x4A,0x02,0x4B,0x02,
  0x4B,0x02,0x4B,0x02,0x4B,0x02,0x4B,0x02,0x4B,0x02,0x4B,0x02,0x4B,0x02,0x4B,0x02,0x4B,0x02,0x4B,0x02,0x4B,0x02,0x4B,0x02,
  0x4B,0x02,0x4B,0x02,0x4B,0x02,0x4B,0x02,0x4B,0x02,0x4B,0x02,0x4B,0x02,0x4B,0x02,0x4B,0x02,0x4B,0x02,0x4B,0x02,0x4B,0x02,
  0x4B,0x02,0x4B,0x02,0x4B,0x02,0x4B,0x02,0x4B,0x02,0x4B,0x02,0x4B,0x02,0x4B,0x02,0x4B,0x02,0x4B,0x02,0x4B,0x02,0x4B,0x02,
  0x4B,0x02,0x4B,0x02,0x4B,0x02,0x4B,0x02,0x4B,0x02,0x4B,0x02,0x4B,0x02,0x4B,0x02,0x4B,0x02,0x4B,0x02,0x4B,0x02,0x4B,0x02,
  0x4B,0x02,0x4B,0x02,0x4B,0x02,0x4B,0x02,0x4B,0x02,0x4B,0x02,0x4B,0x02,0x4B,0x02,0x4B,0x02,0x4B,0x02,0x4B,0x02,0x4A,0x02,
  0x4A,0x02,0x4A,0x02,0x4A,0x02,0x4A,0x02,0x4B,0x02,0x4B,0x02,0x4B,0x02,0x4B,0x02,0x4B,0x02,0x4B,0x02,0x4B,0x02,0x4B,0x02,
  0x4B,0x02,0x4B,0x02,0x4B,0x02,0x4B,0x02,0x4B,0x02,0x4B,0x02,0x4B,0x02,0x4B,0x02,0x4B,0x02,0x4B,0x02,0x4B,0x02,0x4B,0x02,
  0x4A,0x02,0x4A,0x02,0x4A,0x02,0x4A,0x02,0x4A,0x02,0x4A,0x02,0x4A,0x02,0x4A,0x02,0x4A,0x02,0x4A,0x02,0x4B,0x02,0x4B,0x02,
  0x4B,0x02,0x4B,0x02,0x4B,0x02,0x4B,0x02,0x4B,0x02,0x4B,0x02,0x4B,0x02,0x4B,0x02,0x4B,0x02,0x4B,0x02,0x4B,0x02,0x4B,0x02,
  0x4B,0x02,0x4B,0x02,0x4B,0x02,0x4B,0x02,0x4B,0x02,0x4B,0x02,0x4B,0x02,0x4B,0x02,0x4B,0x02,0x4B,0x02,0x4B,0x02,0x4B,0x02,
  0x4B,0x02,0x4B,0x02,0x4B,0x02,0x4B,0x02,0x4A,0x02,0x4A,0x02,0x4B,0x02,0x4B,0x02,0x4B,0x02,0x4B,0x02,0x4B,0x02,0x4B,0x02,
  0x4B,0x02,0x4B,0x02,0x4B,0x02,0x4B,0x02,0x4B,0x02,0x4B,0x02,0x4B,0x02,0x4B,0x02,0x4A,0x02,0x4A,0x02,0x4A,0x02,0x4A,0x02,
  0x4A,0x02,0x4A,0x02,0x4A,0x02,0x4A,0x02,0x4A,0x02,0x4A,0x02,0x4A,0x02,0x4B,0x02,0x4B,0x02,0x4B,0x02,0x4B,0x02,0x4B,0x02,
  0x4B,0x02,0x4B,0x02,0x4B,0x02,0x4B,0x02,0x4B,0x02,0x4B,0x02,0x4B,0x02,0x4B,0x02,0x4B,0x02,0x4B,0x02,0x4B,0x02,0x4B,0x02,
  0x4B,0x02,0x4B,0x02,0x4B,0x02,0x4B,0x02,0x4B,0x02,0x4B,0x02,0x4B,0x02,0x4B,0x02,0x4B,0x02,0x4B,0x02,0x4B,0x02,0x4B,0x02,
  0x4B,0x02,0x4B,0x02,0x4B,0x02,0x4B,0x02,0x4B,0x02,0x4B,0x02,0x4B,0x02,0x4B,0x02,0x4B,0x02,0x4B,0x02,0x4B,0x02,0x4B,0x02,
  0x4B,0x02,0x4B,0x02,0x4B,0x02,0x4B,0x02,0x4B,0x02,0x4B,0x02,0x4B,0x02,0x4B,0x02,0x4B,0x02,0x4B,0x02,0x4B,0x02,0x4B,0x02,
  0x4B,0x02,0x4B,0x02,0x4B,0x02,0x4B,0x02,0x4B,0x02,0x4B,0x02,0x4B,0x02,0x4A,0x02,0x4A,0x02,0x4A,0x02,0x4A,0x02,0x4A,0x02,
  0x4B,0x02,0x4B,0x02,0x4B,0x02,0x4B,0x02,0x4B,0x02,0x4B,0x02,0x4B,0x02,0x4B,0x02,0x4B,0x02,0x4B,0x02,0x4B,0x02,0x4B,0x02,
  0x4B,0x02,0x4B,0x02,0x4B,0x02,0x4B,0x02,0x4B,0x02,0x4B,0x02,0x4B,0x02,0x4B,0x02,0x4A,0x02,0x4A,0x02,0x4A,0x02,0x4A,0x02,
  0x4A,0x02,0x4A,0x02,0x4A,0x02,0x4A,0x02,0x4A,0x02,0x4A,0x02,0x4B,0x02,0x4B,0x02,0x4B,0x02,0x4B,0x02,0x4B,0x02,0x4B,0x02,
  0x4B,0x02,0x4B,0x02,0x4B,0x02,0x4B,0x02,0x4B,0x02,0x4B,0x02,0x4B,0x02,0x4B,0x02,0x4B,0x02,0x4B,0x02,0x4B,0x02,0x4B,0x02,
  0x4B,0x02,0x4B,0x02,0x4B,0x02,0x4B,0x02,0x4B,0x02,0x4B,0x02,0x4B,0x02,0x4B,0x02,0x4B,0x02,0x4B,0x02,0x4B,0x02,0x4B,0x02,
  0x4A,0x02,0x4A,0x02,0x4B,0x02,0x4B,0x02,0x4B,0x02,0x4B,0x02,0x4B,0x02,0x4B,0x02,0x4B,0x02,0x4B,0x02,0x4B,0x02,0x4B,0x02,
  0x4B,0x02,0x4B,0x02,0x4B,0x02,0x4B,0x02,0x4A,0x02,0x4A,0x02,0x4A,0x02,0x4A,0x02,0x4A,0x02,0x4A,0x02,0x4A,0x02,0x4A,0x02,
  0x4A,0x02,0x4A,0x02,0x4A,0x02,0x4B,0x02,0x4B,0x02,0x4B,0x02,0x4B,0x02,0x4B,0x02,0x4B,0x02,0x4B,0x02,0x4B,0x02,0x4B,0x02,
  0x4B,0x02,0x4B,0x02,0x4B,0x02,0x4B,0x02,0x4B,0x02,0x4B,0x02,0x4B,0x02,0x4B,0x02,0x4B,0x02,0x4B,0x02,0x4B,0x02,0x4B,0x02,
  0x4B,0x02,0x4B,0x02,0x4B,0x02,0x4B,0x02,0x4B,0x02,0x4B,0x02,0x4B,0x02,0x4B,0x02,0x4B,0x02,0x4B,0x02,0x4B,0x02,0x4B,0x02,
  0x4B,0x02,0x4B,0x02,0x4B,0x02,0x4B,0x02,0x4B,0x02,0x4B,0x02,0x4B,0x02,0x4B,0x02,0x4B,0x02,0x4B,0x02,0x4B,0x02,0x4B,0x02,
  0x4B,0x02,0x4B,0x02,0x4B,0x02,0x4B,0x02,0x4B,0x02,0x4B,0x02,0x4B,0x02,0x4B,0x02,0x4B,0x02,0x4B,0x02,0x4B,0x02,0x4B,0x02,
  0x4B,0x02,0x4B,0x02,0x4B,0x02,0x4B,0x02,0x4B,0x02,0x4B,0x02,0x4B,0x02,0x4B,0x02,0x4B,0x02,0x4B,0x02,0x4B,0x02,0x4B,0x02,
  0x4B,0x02,0x4B,0x02,0x4B,0x02,0x4B,0x02,0x4B,0x02,0x4B,0x02,0x4B,0x02,0x4B,0x02,0x4B,0x02,0x4B,0x02,0x4B,0x02,0x4B,0x02,
  0x4B,0x02,0x4B,0x02,0x4B,0x02,0x4B,0x02,0x4A,0x02,0x4A,0x02,0x4A,0x02,0x4A,0x02,0x4A,0x02,0x4A,0x02,0x4A,0x02,0x4A,0x02,
  0x4A,0x02,0x4A,0x02,0x4B,0x02,0x4B,0x02,0x4B,0x02,0x4B,0x02,0x4B,0x02,0x4B,0x02,0x4B,0x02,0x4B,0x02,0x4B,0x02,0x4B,0x02,
  0x4B,0x02,0x4B,0x02,0x4B,0x02,0x4B,0x02,0x4B,0x02,0x4B,0x02,0x4B,0x02,0x4B,0x02,0x4A,0x02,0x4A,0x02,0x4A,0x02,0x4A,0x02,
  0x4A,0x02,0x4B,0x02,0x4B,0x02,0x4B,0x02,0x4B,0x02,0x4B,0x02,0x4B,0x02,0x4B,0x02,0x4A,0x02,0x4A,0x02,0x4B,0x02,0x4B,0x02,
  0x4B,0x02,0x4B,0x02,0x4B,0x02,0x4B,0x02,0x4B,0x02,0x4B,0x02,0x4B,0x02,0x4B,0x02,0x4B,0x02,0x4B,0x02,0x4B,0x02,0x4B,0x02,
  0x4A,0x02,0x4A,0x02,0x4A,0x02,0x4A,0x02,0x4A,0x02,0x4A,0x02,0x4A,0x02,0x4A,0x02,0x4A,0x02,0x4A,0x02,0x4A,0x02,0x4B,0x02,
  0x4B,0x02,0x4B,0x02,0x4B,0x02,0x4B,0x02,0x4B,0x02,0x4B,0x02,0x4B,0x02,0x4B,0x02,0x4B,0x02,0x4B,0x02,0x4B,0x02,0x4B,0x02,
  0x4B,0x02,0x4B,0x02,0x4B,0x02,0x4B,0x02,0x4B,0x02,0x4B,0x02,0x4B,0x02,0x4B,0x02,0x4B,0x02,0x4B,0x02,0x4B,0x02,0x4B,0x02,
  0x4B,0x02,0x4B,0x02,0x4B,0x02,0x4B,0x02,0x4B,0x02,0x4B,0x02,0x4B,0x02,0x4B,0x02,0x4B,0x02,0x4B,0x02,0x4B,0x02,0x4B,0x02,
  0x4B,0x02,0x4B,0x02,0x4B,0x02,0x4B,0x02,0x4B,0x02,0x4B,0x02,0x4B,0x02,0x4B,0x02,0x4B,0x02,0x4B,0x02,0x4B,0x02,0x4B,0x02,
  0x4B,0x02,0x4B,0x02,0x4B,0x02,0x4B,0x02,0x4B,0x02,0x4B,0x02,0x4B,0x02,0x4B,0x02,0x4B,0x02,0x4B,0x02,0x4B,0x02,0x4B,0x02,
  0x4B,0x02,0x4B,0x02,0x4B,0x02,0x4B,0x02,0x4B,0x02,0x4B,0x02,0x4B,0x02,0x4B,0x02,0x4B,0x02,0x4B,0x02,0x4B,0x02,0x4B,0x02,
  0x4B,0x02,0x4B,0x02,0x4B,0x02,0x4B,0x02,0x4B,0x02,0x4B,0x02,0x4B,0x02,0x4B,0x02,0x4B,0x02,0x4B,0x02,0x4B,0x02,0x4B,0x02,
  0x4A,0x02,0x4A,0x02,0x4A,0x02,0x4A,0x02,0x4A,0x02,0x4A,0x02,0x4A,0x02,0x4A,0x02,0x4A,0x02,0x4A,0x02,0x4B,0x02,0x4B,0x02,
  0x4B,0x02,0x4B,0x02,0x4B,0x02,0x4B,0x02,0x4B,0x02,0x4B,0x02,0x4B,0x02,0x4B,0x02,0x4B,0x02,0x4B,0x02,0x4B,0x02,0x4B,0x02,
  0x4B,0x02,0x4B,0x02,0x4B,0x02,0x4A,0x02,0x4A,0x02,0x4A,0x02,0x4A,0x02,0x6B,0x0A,0x8C,0x0A,0x4A,0x02,0x4B,0x02,0x4B,0x02,
  0x4B,0x02,0x4B,0x02,0x4B,0x02,0x4B,0x02,0x4A,0x02,0x4A,0x02,0x4B,0x02,0x4B,0x02,0x4B,0x02,0x4B,0x02,0x4B,0x02,0x4B,0x02,
  0x4B,0x02,0x4B,0x02,0x4B,0x02,0x4B,0x02,0x4B,0x02,0x4B,0x02,0x4B,0x02,0x4B,0x02,0x4A,0x02,0x4A,0x02,0x4A,0x02,0x4A,0x02,
  0x4A,0x02,0x4A,0x02,0x4A,0x02,0x4A,0x02,0x4A,0x02,0x4A,0x02,0x4A,0x02,0x4B,0x02,0x4B,0x02,0x4B,0x02,0x4B,0x02,0x4B,0x02,
  0x4B,0x02,0x4B,0x02,0x4B,0x02,0x4B,0x02,0x4B,0x02,0x4B,0x02,0x4B,0x02,0x4B,0x02,0x4B,0x02,0x4B,0x02,0x4B,0x02,0x4B,0x02,
  0x4B,0x02,0x4B,0x02,0x4B,0x02,0x4B,0x02,0x4B,0x02,0x4B,0x02,0x4B,0x02,0x4B,0x02,0x4B,0x02,0x4B,0x02,0x4B,0x02,0x4B,0x02,
  0x4B,0x02,0x4B,0x02,0x4B,0x02,0x4B,0x02,0x4B,0x02,0x4A,0x02,0x4A,0x02,0x4A,0x02,0x4A,0x02,0x4A,0x02,0x4A,0x02,0x4B,0x02,
  0x4B,0x02,0x4B,0x02,0x4B,0x02,0x4B,0x02,0x4B,0x02,0x4B,0x02,0x4B,0x02,0x4B,0x02,0x4B,0x02,0x4B,0x02,0x4B,0x02,0x4B,0x02,
  0x4B,0x02,0x4B,0x02,0x4B,0x02,0x4B,0x02,0x4A,0x02,0x4A,0x02,0x4B,0x02,0x4B,0x02,0x4B,0x02,0x4B,0x02,0x4B,0x02,0x4B,0x02,
  0x4B,0x02,0x4B,0x02,0x4B,0x02,0x4B,0x02,0x4B,0x02,0x4B,0x02,0x4B,0x02,0x4B,0x02,0x4B,0x02,0x4B,0x02,0x4B,0x02,0x4B,0x02,
  0x4B,0x02,0x4B,0x02,0x4B,0x02,0x4B,0x02,0x4B,0x02,0x4B,0x02,0x4B,0x02,0x4B,0x02,0x4A,0x02,0x4A,0x02,0x4A,0x02,0x4A,0x02,
  0x4A,0x02,0x4A,0x02,0x4A,0x02,0x4A,0x02,0x4A,0x02,0x4A,0x02,0x4B,0x02,0x4B,0x02,0x4B,0x02,0x4B,0x02,0x4B,0x02,0x4B,0x02,
  0x4B,0x02,0x4B,0x02,0x4B,0x02,0x4B,0x02,0x4B,0x02,0x4B,0x02,0x4B,0x02,0x4B,0x02,0x4B,0x02,0x4B,0x02,0x4B,0x02,0x4A,0x02,
  0x4A,0x02,0x4A,0x02,0x4A,0x02,0x4A,0x02,0x4B,0x02,0x4B,0x02,0x4B,0x02,0x4A,0x02,0x4A,0x02,0x4A,0x02,0x4A,0x02,0x4A,0x02,
  0x4A,0x02,0x4A,0x02,0x4B,0x02,0x4B,0x02,0x4B,0x02,0x4B,0x02,0x4B,0x02,0x4B,0x02,0x4B,0x02,0x4B,0x02,0x4B,0x02,0x4B,0x02,
  0x4B,0x02,0x4B,0x02,0x4B,0x02,0x4B,0x02,0x4B,0x02,0x4B,0x02,0x4B,0x02,0x4B,0x02,0x4B,0x02,0x4B,0x02,0x4B,0x02,0x4B,0x02,
  0x4B,0x02,0x4B,0x02,0x4B,0x02,0x4B,0x02,0x4B,0x02,0x4B,0x02,0x4B,0x02,0x4B,0x02,0x4B,0x02,0x4B,0x02,0x4B,0x02,0x4B,0x02,
  0x4B,0x02,0x4B,0x02,0x4B,0x02,0x4B,0x02,0x4B,0x02,0x4B,0x02,0x4B,0x02,0x4B,0x02,0x4B,0x02,0x4B,0x02,0x4B,0x02,0x4B,0x02,
  0x4B,0x02,0x4B,0x02,0x4B,0x02,0x4B,0x02,0x4B,0x02,0x4B,0x02,0x4B,0x02,0x4B,0x02,0x4B,0x02,0x4B,0x02,0x4B,0x02,0x4A,0x02,
  0x4A,0x02,0x4A,0x02,0x4A,0x02,0x4A,0x02,0x4A,0x02,0x4A,0x02,0x4A,0x02,0x4B,0x02,0x4B,0x02,0x4B,0x02,0x4B,0x02,0x4B,0x02,
  0x4B,0x02,0x4B,0x02,0x4B,0x02,0x4A,0x02,0x4A,0x02,0x4B,0x02,0x4B,0x02,0x4B,0x02,0x4B,0x02,0x4B,0x02,0x4B,0x02,0x4B,0x02,
  0x4A,0x02,0x4B,0x02,0x4B,0x02,0x4B,0x02,0x4B,0x02,0x4B,0x02,0x4B,0x02,0x4B,0x02,0x4B,0x02,0x4B,0x02,0x4B,0x02,0x4B,0x02,
  0x4B,0x02,0x4B,0x02,0x4B,0x02,0x4B,0x02,0x4B,0x02,0x4B,0x02,0x4B,0x02,0x4B,0x02,0x4B,0x02,0x4B,0x02,0x4B,0x02,0x4B,0x02,
  0x4B,0x02,0x4B,0x02,0x4B,0x02,0x4B,0x02,0x4B,0x02,0x4B,0x02,0x4B,0x02,0x4B,0x02,0x4B,0x02,0x4A,0x02,0x4A,0x02,0x4A,0x02,
  0x4A,0x02,0x4A,0x02,0x4B,0x02,0x4B,0x02,0x4B,0x02,0x4B,0x02,0x4B,0x02,0x4B,0x02,0x4B,0x02,0x4B,0x02,0x4B,0x02,0x4B,0x02,
  0x4B,0x02,0x4B,0x02,0x4B,0x02,0x4B,0x02,0x4B,0x02,0x4B,0x02,0x4B,0x02,0x4B,0x02,0x4A,0x02,0x4A,0x02,0x4B,0x02,0x4B,0x02,
  0x4B,0x02,0x4B,0x02,0x4B,0x02,0x4A,0x02,0x4A,0x02,0x4A,0x02,0x4A,0x02,0x4A,0x02,0x4A,0x02,0x4A,0x02,0x4B,0x02,0x4B,0x02,
  0x4B,0x02,0x4B,0x02,0x4B,0x02,0x4B,0x02,0x4B,0x02,0x4B,0x02,0x4B,0x02,0x4B,0x02,0x4B,0x02,0x4B,0x02,0x4B,0x02,0x4B,0x02,
  0x4B,0x02,0x4B,0x02,0x4B,0x02,0x4B,0x02,0x4B,0x02,0x4B,0x02,0x4B,0x02,0x4B,0x02,0x4B,0x02,0x4B,0x02,0x4B,0x02,0x4B,0x02,
  0x4B,0x02,0x4B,0x02,0x4B,0x02,0x4B,0x02,0x4B,0x02,0x4B,0x02,0x4B,0x02,0x4B,0x02,0x4B,0x02,0x4B,0x02,0x4B,0x02,0x4B,0x02,
  0x4B,0x02,0x4B,0x02,0x4B,0x02,0x4B,0x02,0x4B,0x02,0x4B,0x02,0x4B,0x02,0x4B,0x02,0x4B,0x02,0x4B,0x02,0x4B,0x02,0x4B,0x02,
  0x4B,0x02,0x4B,0x02,0x4B,0x02,0x4B,0x02,0x4B,0x02,0x4B,0x02,0x4B,0x02,0x4A,0x02,0x4A,0x02,0x4A,0x02,0x4A,0x02,0x4A,0x02,
  0x4A,0x02,0x4A,0x02,0x4A,0x02,0x4B,0x02,0x4B,0x02,0x4B,0x02,0x4B,0x02,0x4B,0x02,0x4B,0x02,0x4B,0x02,0x4B,0x02,0x4A,0x02,
  0x4A,0x02,0x4B,0x02,0x4B,0x02,0x4B,0x02,0x4B,0x02,0x4B,0x02,0x4B,0x02,0x4B,0x02,0x4A,0x02,0x8C,0x0A,0x6B,0x0A,0x4A,0x02,
  0x4B,0x02,0x4B,0x02,0x4B,0x02,0x4B,0x02,0x4B,0x02,0x4B,0x02,0x4B,0x02,0x4B,0x02,0x4B,0x02,0x4B,0x02,0x4B,0x02,0x4B,0x02,
  0x4B,0x02,0x4B,0x02,0x4B,0x02,0x4B,0x02,0x4B,0x02,0x4B,0x02,0x4B,0x02,0x4B,0x02,0x4B,0x02,0x4B,0x02,0x4B,0x02,0x4B,0x02,
  0x4B,0x02,0x4B,0x02,0x4B,0x02,0x4B,0x02,0x4B,0x02,0x4A,0x02,0x4A,0x02,0x4A,0x02,0x4A,0x02,0x4A,0x02,0x4B,0x02,0x4B,0x02,
  0x4B,0x02,0x4B,0x02,0x4B,0x02,0x4B,0x02,0x4B,0x02,0x4B,0x02,0x4B,0x02,0x4B,0x02,0x4B,0x02,0x4B,0x02,0x4B,0x02,0x4B,0x02,
  0x4B,0x02,0x4B,0x02,0x4B,0x02,0x4B,0x02,0x4A,0x02,0x4A,0x02,0x4B,0x02,0x4B,0x02,0x4B,0x02,0x4B,0x02,0x4B,0x02,0x4A,0x02,
  0x4A,0x02,0x4A,0x02,0x4A,0x02,0x4A,0x02,0x4A,0x02,0x4A,0x02,0x4B,0x02,0x4B,0x02,0x4B,0x02,0x4B,0x02,0x4B,0x02,0x4B,0x02,
  0x4B,0x02,0x4B,0x02,0x4B,0x02,0x4B,0x02,0x4B,0x02,0x4B,0x02,0x4B,0x02,0x4B,0x02,0x4B,0x02,0x4B,0x02,0x4B,0x02,0x4B,0x02,
  0x4B,0x02,0x4B,0x02,0x4B,0x02,0x4B,0x02,0x4B,0x02,0x4B,0x02,0x4B,0x02,0x4B,0x02,0x4B,0x02,0x4B,0x02,0x4B,0x02,0x4B,0x02,
  0x4B,0x02,0x4B,0x02,0x4B,0x02,0x4B,0x02,0x4B,0x02,0x4B,0x02,0x4B,0x02,0x4B,0x02,0x4B,0x02,0x4B,0x02,0x4B,0x02,0x4B,0x02,
  0x4B,0x02,0x4B,0x02,0x4B,0x02,0x4B,0x02,0x4B,0x02,0x4B,0x02,0x4B,0x02,0x4B,0x02,0x4B,0x02,0x4B,0x02,0x4B,0x02,0x4B,0x02,
  0x4B,0x02,0x4B,0x02,0x4B,0x02,0x4B,0x02,0x4B,0x02,0x4A,0x02,0x4A,0x02,0x4A,0x02,0x4A,0x02,0x4A,0x02,0x4A,0x02,0x4B,0x02,
  0x4B,0x02,0x4A,0x02,0x4A,0x02,0x4A,0x02,0x4B,0x02,0x4B,0x02,0x4B,0x02,0x4B,0x02,0x4B,0x02,0x4B,0x02,0x4B,0x02,0x4B,0x02,
  0x4B,0x02,0x4B,0x02,0x4B,0x02,0x4B,0x02,0x4B,0x02,0x4A,0x02,0x4B,0x02,0x4B,0x02,0x4B,0x02,0x4B,0x02,0x4B,0x02,0x4B,0x02,
  0x4B,0x02,0x4B,0x02,0x4B,0x02,0x4B,0x02,0x4B,0x02,0x4B,0x02,0x4B,0x02,0x4B,0x02,0x4B,0x02,0x4B,0x02,0x4B,0x02,0x4B,0x02,
  0x4B,0x02,0x4B,0x02,0x4B,0x02,0x4A,0x02,0x4A,0x02,0x4B,0x02,0x4B,0x02,0x4B,0x02,0x4B,0x02,0x4B,0x02,0x4B,0x02,0x4B,0x02,
  0x4B,0x02,0x4A,0x02,0x4A,0x02,0x4A,0x02,0x4A,0x02,0x4A,0x02,0x4B,0x02,0x4B,0x02,0x4B,0x02,0x4B,0x02,0x4B,0x02,0x4B,0x02,
  0x4B,0x02,0x4B,0x02,0x4B,0x02,0x4B,0x02,0x4B,0x02,0x4B,0x02,0x4B,0x02,0x4B,0x02,0x4B,0x02,0x4B,0x02,0x4B,0x02,0x4A,0x02,
  0x4A,0x02,0x4A,0x02,0x4A,0x02,0x4A,0x02,0x4A,0x02,0x4B,0x02,0x4B,0x02,0x4A,0x02,0x4A,0x02,0x4A,0x02,0x4A,0x02,0x4A,0x02,
  0x4A,0x02,0x4A,0x02,0x4B,0x02,0x4B,0x02,0x4B,0x02,0x4B,0x02,0x4B,0x02,0x4B,0x02,0x4B,0x02,0x4B,0x02,0x4B,0x02,0x4B,0x02,
  0x4B,0x02,0x4B,0x02,0x4B,0x02,0x4B,0x02,0x4B,0x02,0x4B,0x02,0x4B,0x02,0x4B,0x02,0x4B,0x02,0x4B,0x02,0x4B,0x02,0x4B,0x02,
  0x4B,0x02,0x4B,0x02,0x4B,0x02,0x4B,0x02,0x4B,0x02,0x4B,0x02,0x4B,0x02,0x4B,0x02,0x4B,0x02,0x4B,0x02,0x4B,0x02,0x4B,0x02,
  0x4B,0x02,0x4B,0x02,0x4B,0x02,0x4B,0x02,0x4B,0x02,0x4B,0x02,0x4B,0x02,0x4B,0x02,0x4B,0x02,0x4B,0x02,0x4B,0x02,0x4B,0x02,
  0x4B,0x02,0x4B,0x02,0x4B,0x02,0x4B,0x02,0x4B,0x02,0x4B,0x02,0x4B,0x02,0x4B,0x02,0x4B,0x02,0x4B,0x02,0x4B,0x02,0x4B,0x02,
  0x4B,0x02,0x4A,0x02,0x4A,0x02,0x4A,0x02,0x4A,0x02,0x4A,0x02,0x4A,0x02,0x4B,0x02,0x4B,0x02,0x4A,0x02,0x4A,0x02,0x4A,0x02,
  0x4B,0x02,0x4B,0x02,0x4B,0x02,0x4B,0x02,0x4B,0x02,0x4B,0x02,0x4B,0x02,0x4B,0x02,0x4B,0x02,0x4B,0x02,0x4B,0x02,0x4B,0x02,
  0x4B,0x02,0x4B,0x02,0x4B,0x02,0x4B,0x02,0x4B,0x02,0x4B,0x02,0x4B,0x02,0x4B,0x02,0x4B,0x02,0x4B,0x02,0x4B,0x02,0x4B,0x02,
  0x4B,0x02,0x4B,0x02,0x4B,0x02,0x4B,0x02,0x4B,0x02,0x4B,0x02,0x4B,0x02,0x4B,0x02,0x4B,0x02,0x4B,0x02,0x4B,0x02,0x4A,0x02,
  0x4A,0x02,0x4B,0x02,0x4B,0x02,0x4B,0x02,0x4B,0x02,0x4B,0x02,0x4B,0x02,0x4B,0x02,0x4B,0x02,0x4A,0x02,0x4A,0x02,0x4A,0x02,
  0x4A,0x02,0x4A,0x02,0x4B,0x02,0x4B,0x02,0x4B,0x02,0x4B,0x02,0x4B,0x02,0x4B,0x02,0x4B,0x02,0x4B,0x02,0x4B,0x02,0x4B,0x02,
  0x4B,0x02,0x4B,0x02,0x4B,0x02,0x4B,0x02,0x4B,0x02,0x4B,0x02,0x4B,0x02,0x4A,0x02,0x4A,0x02,0x4A,0x02,0x4A,0x02,0x4A,0x02,
  0x4A,0x02,0x4B,0x02,0x4B,0x02,0x4A,0x02,0x4A,0x02,0x4A,0x02,0x4A,0x02,0x4A,0x02,0x4A,0x02,0x4A,0x02,0x4B,0x02,0x4B,0x02,
  0x4B,0x02,0x4B,0x02,0x4A,0x02,0x4A,0x02,0x4A,0x02,0x4A,0x02,0x4A,0x02,0x4B,0x02,0x4B,0x02,0x4B,0x02,0x4B,0x02,0x4B,0x02,
  0x4B,0x02,0x4B,0x02,0x4B,0x02,0x4B,0x02,0x4B,0x02,0x4B,0x02,0x4B,0x02,0x4B,0x02,0x4B,0x02,0x4B,0x02,0x4B,0x02,0x4B,0x02,
  0x4B,0x02,0x4B,0x02,0x4B,0x02,0x4B,0x02,0x4B,0x02,0x4B,0x02,0x4B,0x02,0x4B,0x02,0x4B,0x02,0x4B,0x02,0x4B,0x02,0x4B,0x02,
  0x4B,0x02,0x4B,0x02,0x4B,0x02,0x4B,0x02,0x4B,0x02,0x4B,0x02,0x4B,0x02,0x4B,0x02,0x4B,0x02,0x4B,0x02,0x4B,0x02,0x4B,0x02,
  0x4B,0x02,0x4B,0x02,0x4B,0x02,0x4B,0x02,0x4B,0x02,0x4B,0x02,0x4B,0x02,0x4A,0x02,0x4A,0x02,0x4A,0x02,0x4A,0x02,0x4A,0x02,
  0x4A,0x02,0x4A,0x02,0x4A,0x02,0x4A,0x02,0x4A,0x02,0x4A,0x02,0x4A,0x02,0x4A,0x02,0x4A,0x02,0x4A,0x02,0x4A,0x02,0x4A,0x02,
  0x4A,0x02,0x4B,0x02,0x4B,0x02,0x4B,0x02,0x4B,0x02,0x4B,0x02,0x4B,0x02,0x4B,0x02,0x4B,0x02,0x4B,0x02,0x4B,0x02,0x4B,0x02,
  0x4B,0x02,0x4B,0x02,0x4B,0x02,0x4B,0x02,0x4B,0x02,0x4B,0x02,0x4B,0x02,0x4B,0x02,0x4B,0x02,0x4B,0x02,0x4B,0x02,0x4B,0x02,
  0x4B,0x02,0x4B,0x02,0x4B,0x02,0x4B,0x02,0x4A,0x02,0x4A,0x02,0x4A,0x02,0x4A,0x02,0x4A,0x02,0x4A,0x02,0x4A,0x02,0x4A,0x02,
  0x4A,0x02,0x4A,0x02,0x4A,0x02,0x4A,0x02,0x4A,0x02,0x4A,0x02,0x4A,0x02,0x4A,0x02,0x4A,0x02,0x4A,0x02,0x4B,0x02,0x4B,0x02,
  0x4B,0x02,0x4B,0x02,0x4B,0x02,0x4B,0x02,0x4B,0x02,0x4B,0x02,0x4B,0x02,0x4B,0x02,0x4B,0x02,0x4B,0x02,0x4B,0x02,0x4B,0x02,
  0x4B,0x02,0x4A,0x02,0x4A,0x02,0x4A,0x02,0x4A,0x02,0x4A,0x02,0x4A,0x02,0x4A,0x02,0x4A,0x02,0x4B,0x02,0x4B,0x02,0x4A,0x02,
  0x4A,0x02,0x4A,0x02,0x4A,0x02,0x4A,0x02,0x4A,0x02,0x4A,0x02,0x4B,0x02,0x4B,0x02,0x4B,0x02,0x4B,0x02,0x4A,0x02,0x4A,0x02,
  0x4A,0x02,0x4A,0x02,0x4A,0x02,0x4A,0x02,0x4B,0x02,0x4B,0x02,0x4B,0x02,0x4B,0x02,0x4B,0x02,0x4B,0x02,0x4B,0x02,0x4B,0x02,
  0x4B,0x02,0x4B,0x02,0x4B,0x02,0x4B,0x02,0x4B,0x02,0x4B,0x02,0x4B,0x02,0x4B,0x02,0x4B,0x02,0x4B,0x02,0x4B,0x02,0x4B,0x02,
  0x4B,0x02,0x4B,0x02,0x4B,0x02,0x4B,0x02,0x4B,0x02,0x4B,0x02,0x4B,0x02,0x4B,0x02,0x4B,0x02,0x4B,0x02,0x4B,0x02,0x4B,0x02,
  0x4B,0x02,0x4B,0x02,0x4B,0x02,0x4B,0x02,0x4B,0x02,0x4B,0x02,0x4B,0x02,0x4B,0x02,0x4B,0x02,0x4B,0x02,0x4B,0x02,0x4B,0x02,
  0x4B,0x02,0x4B,0x02,0x4B,0x02,0x4A,0x02,0x4A,0x02,0x4A,0x02,0x4A,0x02,0x4A,0x02,0x4A,0x02,0x4A,0x02,0x4A,0x02,0x4A,0x02,
  0x4A,0x02,0x4A,0x02,0x4A,0x02,0x4A,0x02,0x4A,0x02,0x4A,0x02,0x4A,0x02,0x4A,0x02,0x4A,0x02,0x4B,0x02,0x4B,0x02,0x4B,0x02,
  0x4B,0x02,0x4B,0x02,0x4A,0x02,0x4A,0x02,0x4B,0x02,0x4B,0x02,0x4B,0x02,0x4B,0x02,0x4B,0x02,0x4B,0x02,0x4B,0x02,0x4B,0x02,
  0x4B,0x02,0x4B,0x02,0x4B,0x02,0x4B,0x02,0x4B,0x02,0x4B,0x02,0x4B,0x02,0x4B,0x02,0x4B,0x02,0x4B,0x02,0x4B,0x02,0x4B,0x02,
  0x4A,0x02,0x4A,0x02,0x4A,0x02,0x4A,0x02,0x4A,0x02,0x4A,0x02,0x4A,0x02,0x4A,0x02,0x4A,0x02,0x4A,0x02,0x4A,0x02,0x4A,0x02,
  0x4A,0x02,0x4B,0x02,0x4B,0x02,0x4B,0x02,0x4B,0x02,0x4B,0x02,0x4B,0x02,0x4B,0x02,0x4B,0x02,0x4B,0x02,0x4B,0x02,0x4B,0x02,
  0x4B,0x02,0x4B,0x02,0x4B,0x02,0x4B,0x02,0x4B,0x02,0x4B,0x02,0x4B,0x02,0x4B,0x02,0x4B,0x02,0x4A,0x02,0x4A,0x02,0x4A,0x02,
  0x4A,0x02,0x4A,0x02,0x4A,0x02,0x4B,0x02,0x4B,0x02,0x4B,0x02,0x4B,0x02,0x4B,0x02,0x4B,0x02,0x4B,0x02,0x4B,0x02,0x4B,0x02,
  0x4A,0x02,0x4A,0x02,0x4B,0x02,0x4B,0x02,0x4B,0x02,0x4B,0x02,0x4A,0x02,0x4A,0x02,0x4A,0x02,0x4A,0x02,0x4A,0x02,0x4A,0x02,
  0x4B,0x02,0x4B,0x02,0x4B,0x02,0x4B,0x02,0x4B,0x02,0x4B,0x02,0x4B,0x02,0x4B,0x02,0x4B,0x02,0x4B,0x02,0x4B,0x02,0x4B,0x02,
  0x4B,0x02,0x4B,0x02,0x4B,0x02,0x4B,0x02,0x4B,0x02,0x4B,0x02,0x4B,0x02,0x4B,0x02,0x4B,0x02,0x4B,0x02,0x4B,0x02,0x4B,0x02,
  0x4B,0x02,0x4B,0x02,0x4B,0x02,0x4B,0x02,0x4B,0x02,0x4B,0x02,0x4B,0x02,0x4B,0x02,0x4B,0x02,0x4B,0x02,0x4B,0x02,0x4B,0x02,
  0x4B,0x02,0x4B,0x02,0x4B,0x02,0x4B,0x02,0x4B,0x02,0x4B,0x02,0x4B,0x02,0x4B,0x02,0x4B,0x02,0x4B,0x02,0x4B,0x02,0x4A,0x02,
  0x4A,0x02,0x4A,0x02,0x4A,0x02,0x4A,0x02,0x4A,0x02,0x4A,0x02,0x4A,0x02,0x4A,0x02,0x4A,0x02,0x4A,0x02,0x4A,0x02,0x4A,0x02,
  0x4A,0x02,0x4A,0x02,0x4A,0x02,0x4A,0x02,0x4A,0x02,0x4B,0x02,0x4B,0x02,0x4B,0x02,0x4B,0x02,0x4B,0x02,0x4A,0x02,0x4A,0x02,
  0x4B,0x02,0x4B,0x02,0x4B,0x02,0x4B,0x02,0x4B,0x02,0x4B,0x02,0x4B,0x02,0x4B,0x02,0x4B,0x02,0x4B,0x02,0x4B,0x02,0x4B,0x02,
  0x4B,0x02,0x4B,0x02,0x4B,0x02,0x4B,0x02,0x4B,0x02,0x4B,0x02,0x4B,0x02,0x4B,0x02,0x4A,0x02,0x4A,0x02,0x4A,0x02,0x4A,0x02,
  0x4A,0x02,0x4A,0x02,0x6B,0x02,0x4A,0x02,0x4A,0x02,0x4A,0x02,0x4A,0x02,0x4A,0x02,0x4A,0x02,0x4B,0x02,0x4B,0x02,0x4B,0x02,
  0x4B,0x02,0x4B,0x02,0x4B,0x02,0x4B,0x02,0x4B,0x02,0x4B,0x02,0x4B,0x02,0x4B,0x02,0x4B,0x02,0x4B,0x02,0x4B,0x02,0x4B,0x02,
  0x4B,0x02,0x4B,0x02,0x4B,0x02,0x4B,0x02,0x4B,0x02,0x4A,0x02,0x4A,0x02,0x4A,0x02,0x4A,0x02,0x4A,0x02,0x4A,0x02,0x4B,0x02,
  0x4A,0x02,0x4B,0x02,0x4B,0x02,0x4B,0x02,0x4B,0x02,0x4B,0x02,0x4B,0x02,0x4B,0x02,0x4A,0x02,0x4A,0x02,0x4B,0x02,0x4B,0x02,
  0x4B,0x02,0x4B,0x02,0x4A,0x02,0x4A,0x02,0x4A,0x02,0x4A,0x02,0x4A,0x02,0x4A,0x02,0x4A,0x02,0x4B,0x02,0x4B,0x02,0x4B,0x02,
  0x4B,0x02,0x4B,0x02,0x4B,0x02,0x4B,0x02,0x4B,0x02,0x4B,0x02,0x4B,0x02,0x4B,0x02,0x4B,0x02,0x4B,0x02,0x4B,0x02,0x4B,0x02,
  0x4B,0x02,0x4B,0x02,0x4B,0x02,0x4B,0x02,0x4B,0x02,0x4B,0x02,0x4B,0x02,0x4B,0x02,0x4B,0x02,0x4B,0x02,0x4B,0x02,0x4B,0x02,
  0x4B,0x02,0x4B,0x02,0x4B,0x02,0x4B,0x02,0x4B,0x02,0x4B,0x02,0x4B,0x02,0x4B,0x02,0x4B,0x02,0x4B,0x02,0x4B,0x02,0x4B,0x02,
  0x4B,0x02,0x4B,0x02,0x4B,0x02,0x4B,0x02,0x4B,0x02,0x4B,0x02,0x4B,0x02,0x4B,0x02,0x4B,0x02,0x4A,0x02,0x4A,0x02,0x4A,0x02,
  0x4A,0x02,0x4A,0x02,0x4A,0x02,0x4A,0x02,0x4A,0x02,0x4A,0x02,0x4A,0x02,0x4A,0x02,0x4A,0x02,0x4A,0x02,0x4A,0x02,0x4A,0x02,
  0x4A,0x02,0x4B,0x02,0x4B,0x02,0x4B,0x02,0x4B,0x02,0x4B,0x02,0x4B,0x02,0x4B,0x02,0x4B,0x02,0x4B,0x02,0x4B,0x02,0x4B,0x02,
  0x4B,0x02,0x4B,0x02,0x4B,0x02,0x4B,0x02,0x4B,0x02,0x4B,0x02,0x4B,0x02,0x4B,0x02,0x4B,0x02,0x4B,0x02,0x4B,0x02,0x4B,0x02,
  0x4B,0x02,0x4B,0x02,0x4B,0x02,0x4B,0x02,0x4A,0x02,0x4A,0x02,0x4A,0x02,0x4A,0x02,0x4A,0x02,0x4A,0x02,0x6B,0x02,0x4A,0x02,
  0x4A,0x02,0x4A,0x02,0x4A,0x02,0x4A,0x02,0x4A,0x02,0x4B,0x02,0x4B,0x02,0x4B,0x02,0x4B,0x02,0x4B,0x02,0x4B,0x02,0x4B,0x02,
  0x4B,0x02,0x4B,0x02,0x4B,0x02,0x4B,0x02,0x4B,0x02,0x4B,0x02,0x4B,0x02,0x4B,0x02,0x4B,0x02,0x4B,0x02,0x4B,0x02,0x4B,0x02,
  0x4B,0x02,0x4A,0x02,0x4A,0x02,0x4A,0x02,0x4A,0x02,0x4A,0x02,0x4A,0x02,0x4B,0x02,0x4B,0x02,0x4B,0x02,0x4B,0x02,0x4B,0x02,
  0x4B,0x02,0x4B,0x02,0x4B,0x02,0x4B,0x02,0x4A,0x02,0x4A,0x02,0x4B,0x02,0x4B,0x02,0x4B,0x02,0x4B,0x02,0x4A,0x02,0x4A,0x02,
  0x4A,0x02,0x4A,0x02,0x4A,0x02,0x6B,0x02,0x8B,0x0A,0x4A,0x02,0x4B,0x02,0x4B,0x02,0x4B,0x02,0x4B,0x02,0x4B,0x02,0x4B,0x02,
  0x4B,0x02,0x4B,0x02,0x4B,0x02,0x4B,0x02,0x4B,0x02,0x4B,0x02,0x4B,0x02,0x4B,0x02,0x4B,0x02,0x4B,0x02,0x4B,0x02,0x4B,0x02,
  0x4B,0x02,0x4B,0x02,0x4B,0x02,0x4B,0x02,0x4B,0x02,0x4B,0x02,0x4B,0x02,0x4B,0x02,0x4B,0x02,0x4B,0x02,0x4B,0x02,0x4B,0x02,
  0x4B,0x02,0x4B,0x02,0x4B,0x02,0x4B,0x02,0x4B,0x02,0x4B,0x02,0x4B,0x02,0x4B,0x02,0x4B,0x02,0x4B,0x02,0x4B,0x02,0x4B,0x02,
  0x4B,0x02,0x4B,0x02,0x4B,0x02,0x4B,0x02,0x4B,0x02,0x4A,0x02,0x4A,0x02,0x4A,0x02,0x4A,0x02,0x4A,0x02,0x4A,0x02,0x4A,0x02,
  0x4A,0x02,0x4A,0x02,0x4A,0x02,0x4A,0x02,0x4A,0x02,0x4A,0x02,0x4A,0x02,0x4A,0x02,0x4A,0x02,0x4B,0x02,0x4B,0x02,0x4B,0x02,
  0x4B,0x02,0x4B,0x02,0x4B,0x02,0x4B,0x02,0x4B,0x02,0x4B,0x02,0x4B,0x02,0x4B,0x02,0x4B,0x02,0x4B,0x02,0x4B,0x02,0x4B,0x02,
  0x4B,0x02,0x4B,0x02,0x4B,0x02,0x4B,0x02,0x4B,0x02,0x4B,0x02,0x4B,0x02,0x4B,0x02,0x4B,0x02,0x4B,0x02,0x4B,0x02,0x4B,0x02,
  0x4A,0x02,0x4A,0x02,0x4A,0x02,0x4A,0x02,0x4A,0x02,0x4A,0x02,0x4A,0x02,0x4A,0x02,0x4A,0x02,0x4A,0x02,0x4A,0x02,0x4A,0x02,
  0x4A,0x02,0x4B,0x02,0x4B,0x02,0x4B,0x02,0x4B,0x02,0x4B,0x02,0x4A,0x02,0x4B,0x02,0x4B,0x02,0x4B,0x02,0x4B,0x02,0x4B,0x02,
  0x4B,0x02,0x4B,0x02,0x4B,0x02,0x4B,0x02,0x4B,0x02,0x4B,0x02,0x4B,0x02,0x4B,0x02,0x4B,0x02,0x4A,0x02,0x4A,0x02,0x4A,0x02,
  0x2A,0x02,0x8B,0x0A,0x4B,0x02,0x4B,0x02,0x4B,0x02,0x4B,0x02,0x4B,0x02,0x4B,0x02,0x4B,0x02,0x4B,0x02,0x4B,0x02,0x4B,0x02,
  0x4A,0x02,0x4A,0x02,0x4B,0x02,0x4B,0x02,0x4B,0x02,0x4B,0x02,0x4A,0x02,0x4A,0x02,0x4A,0x02,0x4A,0x02,0x4A,0x02,0x4B,0x02,
  0x6B,0x02,0x4B,0x02,0x4B,0x02,0x4B,0x02,0x4B,0x02,0x4B,0x02,0x4B,0x02,0x4B,0x02,0x4B,0x02,0x4B,0x02,0x4B,0x02,0x4B,0x02,
  0x4B,0x02,0x4B,0x02,0x4B,0x02,0x4B,0x02,0x4B,0x02,0x4B,0x02,0x4B,0x02,0x4B,0x02,0x4B,0x02,0x4B,0x02,0x4B,0x02,0x4B,0x02,
  0x4B,0x02,0x4A,0x02,0x4A,0x02,0x4B,0x02,0x4B,0x02,0x4B,0x02,0x4B,0x02,0x4B,0x02,0x4B,0x02,0x4B,0x02,0x4B,0x02,0x4B,0x02,
  0x4B,0x02,0x4B,0x02,0x4B,0x02,0x4B,0x02,0x4B,0x02,0x4B,0x02,0x4B,0x02,0x4B,0x02,0x4B,0x02,0x4B,0x02,0x4B,0x02,0x4B,0x02,
  0x4B,0x02,0x4A,0x02,0x4A,0x02,0x4A,0x02,0x4A,0x02,0x4A,0x02,0x4A,0x02,0x4A,0x02,0x4A,0x02,0x4A,0x02,0x4A,0x02,0x4A,0x02,
  0x4A,0x02,0x4A,0x02,0x4A,0x02,0x4A,0x02,0x4A,0x02,0x4B,0x02,0x4B,0x02,0x4B,0x02,0x4B,0x02,0x4B,0x02,0x4B,0x02,0x4B,0x02,
  0x4B,0x02,0x4B,0x02,0x4B,0x02,0x4B,0x02,0x4B,0x02,0x4B,0x02,0x4B,0x02,0x4B,0x02,0x4B,0x02,0x4B,0x02,0x4B,0x02,0x4B,0x02,
  0x4B,0x02,0x4B,0x02,0x4B,0x02,0x4B,0x02,0x4B,0x02,0x4B,0x02,0x4B,0x02,0x4B,0x02,0x4A,0x02,0x4A,0x02,0x4A,0x02,0x4A,0x02,
  0x4A,0x02,0x4A,0x02,0x4A,0x02,0x4A,0x02,0x4B,0x02,0x4A,0x02,0x4A,0x02,0x4A,0x02,0x4A,0x02,0x6A,0x02,0x6A,0x02,0x4A,0x02,
  0x4B,0x02,0x2B,0x02,0x2B,0x02,0x4B,0x02,0x4A,0x02,0x4A,0x02,0x2B,0x0A,0x4B,0x02,0x4B,0x02,0x4B,0x02,0x4B,0x02,0x4B,0x02,
  0x4B,0x02,0x4B,0x02,0x4B,0x02,0x4B,0x02,0x4B,0x02,0x4A,0x02,0x4A,0x02,0x4A,0x02,0x4A,0x02,0x4A,0x02,0x4B,0x02,0x8C,0x0A,
  0x2A,0x02,0x4B,0x02,0x4B,0x02,0x4A,0x02,0x4A,0x02,0x4A,0x02,0x4A,0x02,0x4A,0x02,0x4A,0x02,0x4A,0x02,0x4B,0x02,0x4B,0x02,
  0x4B,0x02,0x4B,0x02,0x4B,0x02,0x4A,0x02,0x4A,0x02,0x4B,0x02,0x4B,0x02,0x4B,0x02,0x4A,0x02,0x4B,0x02,0x4B,0x02,0x4B,0x02,
  0x4B,0x02,0x4B,0x02,0x4B,0x02,0x4B,0x02,0x4B,0x02,0x4B,0x02,0x4B,0x02,0x4B,0x02,0x4B,0x02,0x4B,0x02,0x4B,0x02,0x4B,0x02,
  0x4B,0x02,0x4B,0x02,0x4B,0x02,0x4B,0x02,0x4B,0x02,0x4B,0x02,0x4B,0x02,0x4B,0x02,0x4B,0x02,0x4A,0x02,0x4A,0x02,0x4B,0x02,
  0x4B,0x02,0x4B,0x02,0x4B,0x02,0x4B,0x02,0x4B,0x02,0x4B,0x02,0x4B,0x02,0x4B,0x02,0x4B,0x02,0x4B,0x02,0x4B,0x02,0x4B,0x02,
  0x4B,0x02,0x4B,0x02,0x4B,0x02,0x4B,0x02,0x4B,0x02,0x4B,0x02,0x4B,0x02,0x4B,0x02,0x4B,0x02,0x4B,0x02,0x4B,0x02,0x4B,0x02,
  0x4B,0x02,0x4B,0x02,0x4B,0x02,0x4B,0x02,0x4B,0x02,0x4B,0x02,0x4B,0x02,0x4B,0x02,0x4B,0x02,0x4B,0x02,0x4B,0x02,0x4B,0x02,
  0x4B,0x02,0x4B,0x02,0x4B,0x02,0x4B,0x02,0x4B,0x02,0x4B,0x02,0x4B,0x02,0x4B,0x02,0x4B,0x02,0x4A,0x02,0x4A,0x02,0x4B,0x02,
  0x4B,0x02,0x4B,0x02,0x4B,0x02,0x4B,0x02,0x4B,0x02,0x4B,0x02,0x4B,0x02,0x4B,0x02,0x4B,0x02,0x4B,0x02,0x4B,0x02,0x4B,0x02,
  0x4B,0x02,0x4B,0x02,0x4B,0x02,0x4B,0x02,0x4B,0x02,0x4B,0x02,0x4B,0x02,0x4A,0x02,0x4A,0x02,0x4A,0x02,0x4A,0x02,0x4A,0x02,
  0x6B,0x02,0x4A,0x02,0x4A,0x02,0x4A,0x02,0x4B,0x02,0x4B,0x02,0x4B,0x02,0x6B,0x02,0x6B,0x02,0x8A,0x02,0x6B,0x02,0x6B,0x02,
  0x6B,0x02,0x4A,0x02,0x4A,0x02,0x4A,0x02,0x4B,0x02,0x4B,0x02,0x4B,0x02,0x4B,0x02,0x4B,0x02,0x4B,0x02,0x4B,0x02,0x4B,0x02,
  0x4B,0x02,0x4A,0x02,0x4A,0x02,0x4A,0x02,0x4A,0x02,0x4A,0x02,0x4A,0x02,0x4B,0x02,0x4A,0x02,0x4B,0x02,0x4B,0x02,0x4A,0x02,
  0x4A,0x02,0x4A,0x02,0x4A,0x02,0x4A,0x02,0x4A,0x02,0x4A,0x02,0x4B,0x02,0x4B,0x02,0x4B,0x02,0x4B,0x02,0x4B,0x02,0x4A,0x02,
  0x4A,0x02,0x4B,0x02,0x4B,0x02,0x4B,0x02,0x4B,0x02,0x4B,0x02,0x4B,0x02,0x4B,0x02,0x4B,0x02,0x4B,0x02,0x4B,0x02,0x4B,0x02,
  0x4B,0x02,0x4B,0x02,0x4B,0x02,0x4B,0x02,0x4B,0x02,0x4B,0x02,0x4B,0x02,0x4B,0x02,0x4B,0x02,0x4B,0x02,0x4B,0x02,0x4B,0x02,
  0x4B,0x02,0x4B,0x02,0x4B,0x02,0x4B,0x02,0x4B,0x02,0x4A,0x02,0x4A,0x02,0x4B,0x02,0x4B,0x02,0x4B,0x02,0x4B,0x02,0x4B,0x02,
  0x4B,0x02,0x4B,0x02,0x4B,0x02,0x4B,0x02,0x4B,0x02,0x4B,0x02,0x4B,0x02,0x4B,0x02,0x4B,0x02,0x4B,0x02,0x4B,0x02,0x4B,0x02,
  0x4B,0x02,0x4B,0x02,0x4B,0x02,0x4B,0x02,0x4B,0x02,0x4B,0x02,0x4B,0x02,0x4B,0x02,0x4B,0x02,0x4B,0x02,0x4B,0x02,0x4B,0x02,
  0x4B,0x02,0x4B,0x02,0x4B,0x02,0x4B,0x02,0x4B,0x02,0x4B,0x02,0x4B,0x02,0x4B,0x02,0x4B,0x02,0x4B,0x02,0x4B,0x02,0x4B,0x02,
  0x4B,0x02,0x4B,0x02,0x4B,0x02,0x4B,0x02,0x4B,0x02,0x4A,0x02,0x6B,0x02,0x4B,0x02,0x4B,0x02,0x4B,0x02,0x4B,0x02,0x4B,0x02,
  0x4B,0x02,0x4B,0x02,0x4B,0x02,0x4B,0x02,0x4B,0x02,0x4B,0x02,0x4B,0x02,0x4B,0x02,0x4B,0x02,0x4B,0x02,0x4B,0x02,0x4B,0x02,
  0x4B,0x02,0x4B,0x02,0x4B,0x02,0x4A,0x02,0x4A,0x02,0x4A,0x02,0x4A,0x02,0x4A,0x02,0x4A,0x02,0x4A,0x02,0x4B,0x02,0x4B,0x02,
  0x6B,0x02,0x6A,0x02,0x6A,0x02,0x2A,0x02,0xEA,0x01,0xCA,0x01,0x08,0x02,0x2A,0x02,0x6C,0x02,0x6B,0x02,0x69,0x02,0x4A,0x02,
  0x4B,0x02,0x4B,0x02,0x4B,0x02,0x4B,0x02,0x4B,0x02,0x4B,0x02,0x4B,0x02,0x4B,0x02,0x4B,0x02,0x4A,0x02,0x4A,0x02,0x4A,0x02,
  0x4A,0x02,0x4A,0x02,0x4A,0x02,0x4B,0x02,0x4B,0x02,0x4B,0x02,0x4B,0x02,0x4A,0x02,0x4A,0x02,0x4A,0x02,0x4A,0x02,0x4A,0x02,
  0x4A,0x02,0x4A,0x02,0x4B,0x02,0x4B,0x02,0x4B,0x02,0x4B,0x02,0x4A,0x02,0x4A,0x02,0x4A,0x02,0x4A,0x02,0x4A,0x02,0x4A,0x02,
  0x4B,0x02,0x4B,0x02,0x4B,0x02,0x4B,0x02,0x4B,0x02,0x4B,0x02,0x4B,0x02,0x4B,0x02,0x4B,0x02,0x4B,0x02,0x4B,0x02,0x4B,0x02,
  0x4B,0x02,0x4B,0x02,0x4B,0x02,0x4B,0x02,0x4B,0x02,0x4B,0x02,0x4B,0x02,0x4B,0x02,0x4B,0x02,0x4B,0x02,0x4A,0x02,0x4A,0x02,
  0x4A,0x02,0x4A,0x02,0x4A,0x02,0x4A,0x02,0x4A,0x02,0x4A,0x02,0x4B,0x02,0x4B,0x02,0x4B,0x02,0x4B,0x02,0x4B,0x02,0x4B,0x02,
  0x4B,0x02,0x4B,0x02,0x4B,0x02,0x4B,0x02,0x4B,0x02,0x4B,0x02,0x4B,0x02,0x4B,0x02,0x4B,0x02,0x4B,0x02,0x4B,0x02,0x4B,0x02,
  0x4B,0x02,0x4B,0x02,0x4B,0x02,0x4B,0x02,0x4B,0x02,0x4B,0x02,0x4B,0x02,0x4B,0x02,0x4B,0x02,0x4B,0x02,0x4B,0x02,0x4B,0x02,
  0x4B,0x02,0x4B,0x02,0x4B,0x02,0x4B,0x02,0x4B,0x02,0x4B,0x02,0x4B,0x02,0x4B,0x02,0x4B,0x02,0x4B,0x02,0x4B,0x02,0x4B,0x02,
  0x4B,0x02,0x4B,0x02,0x4B,0x02,0x4B,0x02,0x4B,0x02,0x4B,0x02,0x4B,0x02,0x4B,0x02,0x4B,0x02,0x4B,0x02,0x4B,0x02,0x4B,0x02,
  0x4B,0x02,0x4B,0x02,0x4B,0x02,0x4B,0x02,0x4B,0x02,0x4B,0x02,0x4B,0x02,0x4B,0x02,0x4B,0x02,0x4B,0x02,0x4B,0x02,0x4A,0x02,
  0x4A,0x02,0x4A,0x02,0x4A,0x02,0x4A,0x02,0x4A,0x02,0x4A,0x02,0x4B,0x02,0x6B,0x02,0x4A,0x02,0xE8,0x01,0xC7,0x01,0x89,0x22,
  0xCE,0x5B,0x2E,0x74,0xEE,0x53,0xCB,0x2A,0xA9,0x01,0xCA,0x01,0x4A,0x02,0x4A,0x02,0x4B,0x02,0x4B,0x02,0x4B,0x02,0x4B,0x02,
  0x4B,0x02,0x4B,0x02,0x4B,0x02,0x4B,0x02,0x4B,0x02,0x4A,0x02,0x4A,0x02,0x4A,0x02,0x4A,0x02,0x4A,0x02,0x4A,0x02,0x4B,0x02,
  0x4B,0x02,0x4B,0x02,0x4B,0x02,0x4A,0x02,0x4A,0x02,0x4A,0x02,0x4A,0x02,0x4A,0x02,0x4A,0x02,0x4A,0x02,0x4B,0x02,0x4B,0x02,
  0x4B,0x02,0x4B,0x02,0x4A,0x02,0x4A,0x02,0x4A,0x02,0x4A,0x02,0x4A,0x02,0x4A,0x02,0x4B,0x02,0x4B,0x02,0x4B,0x02,0x4B,0x02,
  0x4B,0x02,0x4B,0x02,0x4B,0x02,0x4B,0x02,0x4B,0x02,0x4B,0x02,0x4B,0x02,0x4B,0x02,0x4B,0x02,0x4B,0x02,0x4B,0x02,0x4B,0x02,
  0x4B,0x02,0x4B,0x02,0x4B,0x02,0x4B,0x02,0x4B,0x02,0x4B,0x02,0x4A,0x02,0x4A,0x02,0x4A,0x02,0x4A,0x02,0x4A,0x02,0x4A,0x02,
  0x4A,0x02,0x4A,0x02,0x4B,0x02,0x4B,0x02,0x4B,0x02,0x4B,0x02,0x4B,0x02,0x4B,0x02,0x4B,0x02,0x4B,0x02,0x4B,0x02,0x4B,0x02,
  0x4B,0x02,0x4B,0x02,0x4B,0x02,0x4B,0x02,0x4B,0x02,0x4B,0x02,0x4B,0x02,0x4B,0x02,0x4B,0x02,0x4B,0x02,0x4B,0x02,0x4B,0x02,
  0x4B,0x02,0x4B,0x02,0x4B,0x02,0x4B,0x02,0x4B,0x02,0x4B,0x02,0x4B,0x02,0x4B,0x02,0x4B,0x02,0x4B,0x02,0x4B,0x02,0x4B,0x02,
  0x4A,0x02,0x4A,0x02,0x4B,0x02,0x4B,0x02,0x4B,0x02,0x4B,0x02,0x4B,0x02,0x4B,0x02,0x4B,0x02,0x4B,0x02,0x4B,0x02,0x4A,0x02,
  0x4B,0x02,0x4B,0x02,0x4B,0x02,0x4B,0x02,0x4A,0x02,0x4A,0x02,0x4B,0x02,0x4B,0x02,0x4B,0x02,0x4A,0x02,0x4B,0x02,0x4B,0x02,
  0x4B,0x02,0x4B,0x02,0x4B,0x02,0x4B,0x02,0x4B,0x02,0x4B,0x02,0x4B,0x02,0x4A,0x02,0x4A,0x02,0x4A,0x02,0x4A,0x02,0x4A,0x02,
  0x4A,0x02,0x4B,0x02,0x6B,0x02,0xE8,0x01,0xE7,0x09,0x8B,0x53,0x14,0xB6,0xD6,0xD6,0xD2,0xBD,0xED,0x9C,0xCD,0x9C,0x12,0xC6,
  0x2F,0x9D,0x8C,0x4B,0x2A,0x0A,0x4B,0x02,0x4B,0x02,0x4B,0x02,0x4B,0x02,0x4B,0x02,0x4B,0x02,0x4B,0x02,0x4B,0x02,0x4B,0x02,
  0x4B,0x02,0x4A,0x02,0x4A,0x02,0x4A,0x02,0x4A,0x02,0x4A,0x02,0x4A,0x02,0x4B,0x02,0x4B,0x02,0x4B,0x02,0x4B,0x02,0x4A,0x02,
  0x4A,0x02,0x4A,0x02,0x4A,0x02,0x4A,0x02,0x4A,0x02,0x4A,0x02,0x4B,0x02,0x4B,0x02,0x4B,0x02,0x4B,0x02,0x4B,0x02,0x4A,0x02,
  0x4A,0x02,0x4A,0x02,0x4A,0x02,0x4A,0x02,0x4A,0x02,0x4A,0x02,0x4A,0x02,0x4A,0x02,0x4A,0x02,0x4B,0x02,0x4B,0x02,0x4B,0x02,
  0x4B,0x02,0x4B,0x02,0x4B,0x02,0x4B,0x02,0x4B,0x02,0x4B,0x02,0x4B,0x02,0x4B,0x02,0x4B,0x02,0x4B,0x02,0x4B,0x02,0x4B,0x02,
  0x4B,0x02,0x4B,0x02,0x4B,0x02,0x4B,0x02,0x4B,0x02,0x4A,0x02,0x4A,0x02,0x4B,0x02,0x4B,0x02,0x4B,0x02,0x4B,0x02,0x4B,0x02,
  0x4B,0x02,0x4B,0x02,0x4B,0x02,0x4B,0x02,0x4B,0x02,0x4B,0x02,0x4B,0x02,0x4B,0x02,0x4B,0x02,0x4B,0x02,0x4B,0x02,0x4B,0x02,
  0x4B,0x02,0x4B,0x02,0x4B,0x02,0x4B,0x02,0x4B,0x02,0x4B,0x02,0x4A,0x02,0x4A,0x02,0x4A,0x02,0x4A,0x02,0x4A,0x02,0x4A,0x02,
  0x4A,0x02,0x4A,0x02,0x4A,0x02,0x4A,0x02,0x4A,0x02,0x4A,0x02,0x6A,0x02,0x4B,0x02,0x4B,0x02,0x4B,0x02,0x4A,0x02,0x6A,0x0A,
  0x6A,0x0A,0x4A,0x0A,0x6A,0x02,0x6A,0x02,0x6B,0x02,0x6B,0x02,0x6B,0x02,0x6B,0x02,0x4B,0x02,0x4B,0x02,0x4A,0x02,0x4A,0x02,
  0x2C,0x02,0x2B,0x02,0x4A,0x02,0x6A,0x02,0x6A,0x02,0x4C,0x02,0x4B,0x02,0x4B,0x02,0x4A,0x02,0x4A,0x02,0x4B,0x02,0x4B,0x02,
  0x4B,0x02,0x4B,0x02,0x4A,0x02,0x49,0x02,0x4A,0x02,0x2B,0x02,0x4B,0x02,0x6A,0x02,0x69,0x02,0x09,0x02,0xC8,0x01,0x6B,0x4B,
  0x73,0xC6,0x75,0xF7,0x0E,0x9D,0xE9,0x5A,0x29,0x6B,0x95,0xDE,0xB5,0xD6,0x0E,0x9D,0xCE,0x7C,0x31,0x7D,0xEE,0x4B,0x2A,0x02,
  0x6B,0x02,0x4B,0x02,0x4B,0x02,0x4B,0x02,0x4B,0x02,0x4B,0x02,0x4B,0x02,0x4B,0x02,0x4B,0x02,0x4A,0x02,0x4A,0x02,0x4A,0x02,
  0x4A,0x02,0x4A,0x02,0x4A,0x02,0x4A,0x02,0x4A,0x02,0x4A,0x02,0x4A,0x02,0x4A,0x02,0x4A,0x02,0x4A,0x02,0x4A,0x02,0x4A,0x02,
  0x4A,0x02,0x4A,0x02,0x4B,0x02,0x4B,0x02,0x4B,0x02,0x4B,0x02,0x4B,0x02,0x4B,0x02,0x4B,0x02,0x4A,0x02,0x4A,0x02,0x4A,0x02,
  0x4A,0x02,0x4A,0x02,0x4A,0x02,0x4A,0x02,0x4A,0x02,0x4B,0x02,0x4B,0x02,0x4B,0x02,0x4B,0x02,0x4B,0x02,0x4B,0x02,0x4B,0x02,
  0x4B,0x02,0x4B,0x02,0x4B,0x02,0x4B,0x02,0x4B,0x02,0x4B,0x02,0x4B,0x02,0x4B,0x02,0x4B,0x02,0x4B,0x02,0x4B,0x02,0x4B,0x02,
  0x4B,0x02,0x4B,0x02,0x4B,0x02,0x4B,0x02,0x4B,0x02,0x4B,0x02,0x4B,0x02,0x4B,0x02,0x4B,0x02,0x4B,0x02,0x4B,0x02,0x4B,0x02,
  0x4B,0x02,0x4B,0x02,0x4B,0x02,0x4B,0x02,0x4B,0x02,0x4B,0x02,0x4B,0x02,0x4B,0x02,0x4B,0x02,0x4A,0x02,0x4A,0x02,0x4A,0x02,
  0x4B,0x02,0x4B,0x02,0x4A,0x02,0x4A,0x02,0x4A,0x02,0x4A,0x02,0x4A,0x02,0x4A,0x02,0x4A,0x02,0x4A,0x02,0x4A,0x02,0x4B,0x02,
  0x4B,0x02,0x6B,0x02,0x6B,0x02,0x4A,0x0A,0x4A,0x0A,0x2B,0x0A,0x09,0x02,0x09,0x02,0xEA,0x01,0xEA,0x01,0xE9,0x01,0xE8,0x01,
  0x09,0x02,0xE9,0x01,0xC9,0x01,0xE9,0x01,0x0A,0x02,0x2A,0x02,0x4B,0x02,0x6B,0x02,0x6A,0x02,0x6A,0x02,0x4B,0x02,0x4B,0x02,
  0x2B,0x02,0x6A,0x02,0x6A,0x02,0x4A,0x02,0x4A,0x02,0x4B,0x02,0x4B,0x02,0x4B,0x02,0x4B,0x02,0x4B,0x02,0x4B,0x02,0x2B,0x02,
  0x4A,0x02,0x49,0x02,0x4A,0x02,0x4B,0x02,0xC9,0x01,0xAA,0x32,0xB1,0xAD,0x94,0xFF,0xB3,0xFF,0xAA,0x4A,0x26,0x42,0xB4,0xDE,
  0x56,0xE7,0xCE,0x94,0x27,0x2A,0xA6,0x09,0x6A,0x1A,0xE7,0x11,0x89,0x32,0xAB,0x12,0x4A,0x02,0x4B,0x02,0x4B,0x02,0x4B,0x02,
  0x4B,0x02,0x4B,0x02,0x4B,0x02,0x4B,0x02,0x4B,0x02,0x4A,0x02,0x4A,0x02,0x4A,0x02,0x4A,0x02,0x4A,0x02,0x4A,0x02,0x4A,0x02,
  0x4A,0x02,0x4A,0x02,0x4A,0x02,0x4A,0x02,0x4A,0x02,0x4A,0x02,0x4A,0x02,0x4A,0x02,0x4A,0x02,0x4A,0x02,0x4B,0x02,0x4B,0x02,
  0x4B,0x02,0x4B,0x02,0x4B,0x02,0x4B,0x02,0x4B,0x02,0x4A,0x02,0x4A,0x02,0x4A,0x02,0x4A,0x02,0x4A,0x02,0x4A,0x02,0x4A,0x02,
  0x4A,0x02,0x4B,0x02,0x4B,0x02,0x4B,0x02,0x4B,0x02,0x4B,0x02,0x4B,0x02,0x4B,0x02,0x4B,0x02,0x4B,0x02,0x4B,0x02,0x4B,0x02,
  0x4B,0x02,0x4B,0x02,0x4B,0x02,0x4B,0x02,0x4B,0x02,0x4B,0x02,0x4B,0x02,0x4B,0x02,0x4B,0x02,0x4B,0x02,0x4B,0x02,0x4B,0x02,
  0x4B,0x02,0x4B,0x02,0x4B,0x02,0x4B,0x02,0x4B,0x02,0x4B,0x02,0x4B,0x02,0x4B,0x02,0x4B,0x02,0x4B,0x02,0x4B,0x02,0x4B,0x02,
  0x4B,0x02,0x4B,0x02,0x4B,0x02,0x4B,0x02,0x4B,0x02,0x4A,0x02,0x4A,0x02,0x4B,0x02,0x4A,0x02,0x6B,0x02,0x8B,0x0A,0x4A,0x02,
  0x4A,0x02,0x4A,0x02,0x4A,0x02,0x4B,0x02,0x4B,0x02,0x4B,0x02,0x4B,0x02,0x4A,0x02,0x69,0x02,0x6B,0x02,0x4C,0x02,0x2A,0x02,
  0x08,0x02,0x08,0x02,0xA9,0x1A,0x4A,0x43,0x0C,0x6C,0x8D,0x84,0x8C,0x8C,0x2D,0xA5,0x6D,0xAD,0x4C,0xA5,0xEC,0x8C,0x0A,0x6C,
  0x07,0x43,0xC7,0x2A,0x67,0x12,0x27,0x02,0xE8,0x01,0xE8,0x01,0x2A,0x02,0x4B,0x02,0x4B,0x0A,0x69,0x02,0x49,0x02,0x4A,0x02,
  0x4B,0x02,0x4B,0x02,0x4B,0x02,0x4B,0x02,0x4B,0x02,0x4B,0x02,0x4B,0x02,0x2B,0x02,0x4B,0x02,0x8A,0x02,0x29,0x02,0xE7,0x09,
  0x8D,0x74,0x34,0xEF,0x52,0xFF,0xF0,0xFE,0x90,0xE6,0xF0,0xB5,0x97,0xEF,0x51,0xA5,0x48,0x32,0x66,0x01,0x87,0x09,0x67,0x09,
  0x06,0x01,0x63,0x00,0x66,0x19,0xAC,0x1A,0x4A,0x02,0x4B,0x02,0x4B,0x02,0x4B,0x02,0x4B,0x02,0x4B,0x02,0x4B,0x02,0x4B,0x02,
  0x4B,0x02,0x4A,0x02,0x4A,0x02,0x4A,0x02,0x4A,0x02,0x4A,0x02,0x4A,0x02,0x4A,0x02,0x4A,0x02,0x4A,0x02,0x4A,0x02,0x4A,0x02,
  0x4A,0x02,0x4A,0x02,0x4A,0x02,0x4A,0x02,0x4A,0x02,0x4A,0x02,0x4B,0x02,0x4B,0x02,0x4B,0x02,0x4B,0x02,0x4B,0x02,0x4B,0x02,
  0x4B,0x02,0x4B,0x02,0x4B,0x02,0x4A,0x02,0x4A,0x02,0x4A,0x02,0x4A,0x02,0x4A,0x02,0x4A,0x02,0x4B,0x02,0x4B,0x02,0x4B,0x02,
  0x4B,0x02,0x4B,0x02,0x4B,0x02,0x4B,0x02,0x4B,0x02,0x4B,0x02,0x4B,0x02,0x4B,0x02,0x4B,0x02,0x4B,0x02,0x4B,0x02,0x4B,0x02,
  0x4B,0x02,0x4B,0x02,0x4B,0x02,0x4B,0x02,0x4B,0x02,0x4B,0x02,0x4B,0x02,0x4B,0x02,0x4B,0x02,0x4B,0x02,0x4B,0x02,0x4B,0x02,
  0x4B,0x02,0x4B,0x02,0x4B,0x02,0x4B,0x02,0x4B,0x02,0x4B,0x02,0x4B,0x02,0x4B,0x02,0x4B,0x02,0x4B,0x02,0x4B,0x02,0x4B,0x02,
  0x4B,0x02,0x4B,0x02,0x4B,0x02,0x4B,0x02,0x4B,0x02,0x4A,0x02,0x4A,0x02,0x4A,0x02,0x4A,0x02,0x4A,0x02,0x4A,0x02,0x4B,0x02,
  0x4B,0x02,0x4A,0x02,0x6A,0x0A,0x6A,0x02,0x4A,0x02,0xE8,0x01,0x28,0x12,0x49,0x43,0x8A,0x7C,0xCD,0xBD,0xF0,0xE6,0x31,0xFF,
  0x50,0xFF,0x70,0xFF,0x90,0xFF,0x8E,0xFF,0x6D,0xFF,0xCE,0xFF,0xF0,0xFF,0x6E,0xFF,0xCB,0xEE,0x09,0xCE,0xA6,0x9C,0x67,0x8C,
  0xCC,0x84,0xAA,0x53,0xA8,0x22,0x29,0x02,0x09,0x02,0x2B,0x02,0x4C,0x0A,0x4C,0x02,0x4A,0x02,0x6A,0x02,0x4A,0x02,0x4B,0x02,
  0x4B,0x02,0x4B,0x02,0x4A,0x02,0x68,0x02,0x6B,0x02,0xCB,0x01,0x68,0x2A,0xEF,0xBD,0x51,0xFF,0xF0,0xFE,0xD0,0xF6,0xB0,0xF6,
  0x31,0xFF,0xF2,0xEE,0x69,0x53,0x87,0x01,0x67,0x01,0x86,0x09,0xA6,0x09,0x25,0x01,0xC3,0x00,0x40,0x00,0xE6,0x29,0x8B,0x12,
  0x4B,0x02,0x4B,0x02,0x4B,0x02,0x4B,0x02,0x4B,0x02,0x4B,0x02,0x4B,0x02,0x4B,0x02,0x4B,0x02,0x4A,0x02,0x4A,0x02,0x4A,0x02,
  0x4A,0x02,0x4A,0x02,0x4A,0x02,0x4A,0x02,0x4A,0x02,0x4A,0x02,0x4A,0x02,0x4A,0x02,0x4A,0x02,0x4A,0x02,0x4A,0x02,0x4A,0x02,
  0x4A,0x02,0x4A,0x02,0x4B,0x02,0x4B,0x02,0x4B,0x02,0x4B,0x02,0x4B,0x02,0x4B,0x02,0x4B,0x02,0x4B,0x02,0x4B,0x02,0x4A,0x02,
  0x4A,0x02,0x4A,0x02,0x4A,0x02,0x4A,0x02,0x4A,0x02,0x4B,0x02,0x4B,0x02,0x4B,0x02,0x4B,0x02,0x4B,0x02,0x4B,0x02,0x4B,0x02,
  0x4B,0x02,0x4B,0x02,0x4B,0x02,0x4B,0x02,0x4B,0x02,0x4B,0x02,0x4B,0x02,0x4B,0x02,0x4B,0x02,0x4B,0x02,0x4B,0x02,0x4B,0x02,
  0x4B,0x02,0x4B,0x02,0x4B,0x02,0x4B,0x02,0x4B,0x02,0x4B,0x02,0x4B,0x02,0x4B,0x02,0x4B,0x02,0x4B,0x02,0x4B,0x02,0x4B,0x02,
  0x4B,0x02,0x4B,0x02,0x4B,0x02,0x4B,0x02,0x4B,0x02,0x4B,0x02,0x4B,0x02,0x4B,0x02,0x4B,0x02,0x4B,0x02,0x4B,0x02,0x4B,0x02,
  0x4B,0x02,0x4A,0x02,0x4A,0x02,0x4A,0x02,0x4A,0x02,0x4A,0x02,0x4B,0x02,0x4B,0x02,0x6A,0x02,0x6A,0x02,0x08,0x02,0x08,0x02,
  0x09,0x33,0x6A,0x7C,0x0C,0xD6,0xCD,0xFE,0xCC,0xFE,0xEC,0xFE,0x0E,0xFF,0xEF,0xFE,0xCF,0xFE,0x10,0xF7,0xAF,0xF6,0x28,0xE5,
  0xA6,0xDC,0x66,0xBC,0x46,0xA4,0x2B,0xDE,0xEC,0xF6,0x0C,0xFF,0x4D,0xFF,0x8B,0xF6,0x6D,0xFF,0xD1,0xFF,0xF0,0xDE,0xEE,0xAD,
  0xE9,0x5B,0x87,0x0A,0x08,0x02,0x4B,0x02,0x6B,0x02,0x6A,0x02,0x4A,0x02,0x4B,0x02,0x4B,0x02,0x4B,0x02,0x4A,0x02,0x8A,0x02,
  0xC7,0x01,0xC9,0x42,0x93,0xDE,0x10,0xFF,0xB1,0xFE,0xAF,0xFE,0x8E,0xF6,0x51,0xFF,0x8D,0xB5,0xE7,0x31,0xCB,0x3A,0xC7,0x09,
  0x86,0x01,0x45,0x01,0x25,0x01,0xA3,0x00,0x62,0x00,0x82,0x00,0x89,0x32,0x4A,0x0A,0x4B,0x02,0x4B,0x02,0x4B,0x02,0x4B,0x02,
  0x4B,0x02,0x4B,0x02,0x4B,0x02,0x4B,0x02,0x4B,0x02,0x4A,0x02,0x4A,0x02,0x4A,0x02,0x4A,0x02,0x4A,0x02,0x4A,0x02,0x4A,0x02,
  0x4A,0x02,0x4A,0x02,0x4A,0x02,0x4A,0x02,0x4A,0x02,0x4A,0x02,0x4A,0x02,0x4A,0x02,0x4A,0x02,0x4A,0x02,0x4B,0x02,0x4B,0x02,
  0x4B,0x02,0x4B,0x02,0x4B,0x02,0x4B,0x02,0x4B,0x02,0x4B,0x02,0x4B,0x02,0x4A,0x02,0x4A,0x02,0x4A,0x02,0x4A,0x02,0x4A,0x02,
  0x4A,0x02,0x4B,0x02,0x4B,0x02,0x4B,0x02,0x4B,0x02,0x4B,0x02,0x4B,0x02,0x4B,0x02,0x4B,0x02,0x4B,0x02,0x4B,0x02,0x4B,0x02,
  0x4B,0x02,0x4B,0x02,0x4B,0x02,0x4A,0x02,0x4A,0x02,0x4A,0x02,0x4A,0x02,0x4A,0x02,0x4B,0x02,0x4B,0x02,0x4B,0x02,0x4B,0x02,
  0x4B,0x02,0x4B,0x02,0x4B,0x02,0x4B,0x02,0x4B,0x02,0x4B,0x02,0x4B,0x02,0x4B,0x02,0x4B,0x02,0x4B,0x02,0x4B,0x02,0x4B,0x02,
  0x4B,0x02,0x4B,0x02,0x4B,0x02,0x4B,0x02,0x4B,0x02,0x4B,0x02,0x4B,0x02,0x4B,0x02,0x4B,0x02,0x4A,0x02,0x2A,0x0A,0x4B,0x02,
  0x6B,0x02,0x4A,0x02,0x69,0x02,0x6A,0x0A,0x2A,0x02,0x28,0x02,0x8B,0x4B,0x4E,0xAD,0x6C,0xF6,0xCC,0xFE,0xCC,0xFE,0x6A,0xFE,
  0x4B,0xF6,0xAE,0xF6,0x11,0xFF,0x11,0xFF,0x4D,0xEE,0x8B,0xDD,0x2D,0xDE,0xA6,0xB4,0x41,0x8B,0x01,0x7B,0x80,0x5A,0xE7,0x8B,
  0x91,0xE6,0x2F,0xFF,0xED,0xF6,0x4D,0xEE,0x44,0x9B,0x69,0xDD,0xEC,0xFE,0x68,0xF6,0xCA,0xFE,0x4A,0xAD,0x08,0x5C,0x86,0x02,
  0x2A,0x02,0x2C,0x02,0x4B,0x0A,0x4B,0x02,0x6A,0x02,0x69,0x02,0x6B,0x0A,0xEA,0x01,0x69,0x53,0x91,0xE6,0x6F,0xF6,0x8E,0xFE,
  0xCF,0xF6,0x4C,0xFE,0xCF,0xFE,0x8C,0x9C,0x65,0x01,0xE7,0x09,0x6A,0x2A,0x06,0x01,0x26,0x01,0x06,0x01,0x84,0x00,0x82,0x00,
  0x43,0x00,0xE3,0x18,0xCB,0x2A,0x2A,0x02,0x6B,0x02,0x4B,0x02,0x4B,0x02,0x4B,0x02,0x4A,0x02,0x4A,0x02,0x4A,0x02,0x4A,0x02,
  0x4A,0x02,0x4A,0x02,0x4A,0x02,0x4A,0x02,0x4A,0x02,0x4A,0x02,0x4A,0x02,0x4A,0x02,0x4A,0x02,0x4A,0x02,0x4A,0x02,0x4A,0x02,
  0x4A,0x02,0x4A,0x02,0x4A,0x02,0x4A,0x02,0x4A,0x02,0x4A,0x02,0x4B,0x02,0x4B,0x02,0x4B,0x02,0x4B,0x02,0x4B,0x02,0x4B,0x02,
  0x4B,0x02,0x4B,0x02,0x4B,0x02,0x4B,0x02,0x4B,0x02,0x4B,0x02,0x4B,0x02,0x4B,0x02,0x4B,0x02,0x4B,0x02,0x4B,0x02,0x4B,0x02,
  0x4B,0x02,0x4B,0x02,0x4B,0x02,0x4B,0x02,0x4B,0x02,0x4B,0x02,0x4B,0x02,0x4B,0x02,0x4B,0x02,0x4B,0x02,0x4B,0x02,0x4A,0x02,
  0x4A,0x02,0x4A,0x02,0x4A,0x02,0x4A,0x02,0x4A,0x02,0x4B,0x02,0x4B,0x02,0x4B,0x02,0x4B,0x02,0x4B,0x02,0x4B,0x02,0x4B,0x02,
  0x4B,0x02,0x4B,0x02,0x4B,0x02,0x4B,0x02,0x4B,0x02,0x4B,0x02,0x4B,0x02,0x4B,0x02,0x4B,0x02,0x4B,0x02,0x4B,0x02,0x4B,0x02,
  0x4B,0x02,0x4B,0x02,0x4B,0x02,0x4B,0x02,0x4B,0x02,0x4B,0x02,0x4A,0x02,0x4A,0x02,0x4A,0x0A,0x6B,0x02,0x4B,0x02,0xE9,0x01,
  0x0A,0x3B,0x8E,0xAD,0xCD,0xF6,0x0C,0xFF,0xEF,0xFE,0x11,0xFF,0x33,0xFF,0xD1,0xFE,0xAF,0xFE,0xAF,0xFE,0xB0,0xFE,0xEF,0xFE,
  0x28,0xD5,0x64,0xA3,0x83,0x9B,0x63,0x8B,0x64,0x8B,0x64,0x8B,0x84,0x8B,0x02,0x7B,0x83,0x62,0x2C,0xDE,0x28,0xE6,0xAC,0xD5,
  0x8A,0xB4,0xC5,0x9B,0x4B,0xF6,0x4A,0xF6,0x09,0xF6,0x8B,0xFE,0x6A,0xF6,0x48,0xB5,0xC8,0x5B,0xEA,0x1A,0x29,0x02,0x4A,0x0A,
  0x69,0x0A,0xA9,0x02,0xE9,0x01,0x8B,0x53,0x13,0xF7,0xED,0xED,0x0E,0xE6,0x8D,0xF6,0x2A,0xFE,0x90,0xFE,0xEC,0x7B,0x24,0x01,
  0xA8,0x01,0x87,0x01,0x25,0x01,0x25,0x01,0x05,0x01,0xA4,0x00,0x63,0x00,0xA2,0x00,0x03,0x00,0xA5,0x31,0xAB,0x22,0x2B,0x02,
  0x4B,0x02,0x4B,0x02,0x4B,0x02,0x4B,0x02,0x4A,0x02,0x4A,0x02,0x4A,0x02,0x4A,0x02,0x4A,0x02,0x4A,0x02,0x4A,0x02,0x4A,0x02,
  0x4A,0x02,0x4A,0x02,0x4A,0x02,0x4B,0x02,0x4B,0x02,0x4B,0x02,0x4B,0x02,0x4B,0x02,0x4B,0x02,0x4B,0x02,0x4B,0x02,0x4B,0x02,
  0x4A,0x02,0x4A,0x02,0x4B,0x02,0x4B,0x02,0x4B,0x02,0x4B,0x02,0x4B,0x02,0x4B,0x02,0x4B,0x02,0x4B,0x02,0x4B,0x02,0x4B,0x02,
  0x4B,0x02,0x4B,0x02,0x4B,0x02,0x4B,0x02,0x4B,0x02,0x4B,0x02,0x4B,0x02,0x4B,0x02,0x4B,0x02,0x4B,0x02,0x4B,0x02,0x4B,0x02,
  0x4B,0x02,0x4B,0x02,0x4B,0x02,0x4B,0x02,0x4B,0x02,0x4B,0x02,0x4B,0x02,0x4A,0x02,0x4A,0x02,0x4A,0x02,0x4A,0x02,0x4A,0x02,
  0x4A,0x02,0x4B,0x02,0x4B,0x02,0x4B,0x02,0x4B,0x02,0x4B,0x02,0x4B,0x02,0x4B,0x02,0x4B,0x02,0x4B,0x02,0x4B,0x02,0x4B,0x02,
  0x4B,0x02,0x4B,0x02,0x4B,0x02,0x4B,0x02,0x4B,0x02,0x4B,0x02,0x4B,0x02,0x4B,0x02,0x4B,0x02,0x4B,0x02,0x4B,0x02,0x4B,0x02,
  0x4B,0x02,0x4B,0x02,0x6A,0x02,0x4A,0x02,0x4A,0x0A,0xE9,0x01,0x48,0x12,0x2D,0x8D,0x30,0xFF,0x49,0xFE,0x09,0xEE,0x10,0xFF,
  0x53,0xFF,0x75,0xFF,0x76,0xFF,0x56,0xFF,0x75,0xFF,0x54,0xFF,0x32,0xFF,0xEF,0xFE,0x48,0xDD,0x62,0xAB,0xC5,0xAB,0xE5,0xAB,
  0xA4,0x9B,0x84,0x8B,0xA5,0x8B,0x05,0xA4,0xE2,0x72,0xCB,0xDD,0x8B,0xFE,0xCB,0xD5,0xEF,0xF6,0xCE,0xF6,0xE7,0xC4,0xAB,0xE5,
  0xCB,0xED,0xA6,0xE5,0x25,0xED,0x88,0xFD,0xE9,0xE5,0x4B,0xC6,0x8A,0x6C,0x28,0x0A,0x6D,0x02,0xE8,0x01,0xEB,0x6B,0x32,0xF7,
  0xAF,0xFE,0x4E,0xEE,0x4E,0xEE,0x0C,0xEE,0x2D,0xF6,0x28,0x6B,0x26,0x01,0x89,0x01,0x46,0x01,0x66,0x09,0x66,0x09,0x05,0x01,
  0xA3,0x00,0x83,0x00,0x63,0x00,0x83,0x00,0x42,0x00,0x89,0x42,0x4A,0x0A,0x4B,0x02,0x4B,0x02,0x4B,0x02,0x4B,0x02,0x4B,0x02,
  0x4A,0x02,0x4A,0x02,0x4A,0x02,0x4A,0x02,0x4A,0x02,0x4A,0x02,0x4A,0x02,0x4A,0x02,0x4A,0x02,0x4A,0x02,0x4A,0x02,0x4B,0x02,
  0x4B,0x02,0x4B,0x02,0x4B,0x02,0x4B,0x02,0x4B,0x02,0x4B,0x02,0x4B,0x02,0x4B,0x02,0x4A,0x02,0x4A,0x02,0x4B,0x02,0x4B,0x02,
  0x4B,0x02,0x4B,0x02,0x4B,0x02,0x4B,0x02,0x4B,0x02,0x4B,0x02,0x4B,0x02,0x4B,0x02,0x4B,0x02,0x4B,0x02,0x4B,0x02,0x4B,0x02,
  0x4B,0x02,0x4B,0x02,0x4B,0x02,0x4B,0x02,0x4B,0x02,0x4B,0x02,0x4B,0x02,0x4B,0x02,0x4B,0x02,0x4B,0x02,0x4B,0x02,0x4B,0x02,
  0x4B,0x02,0x4B,0x02,0x4B,0x02,0x4A,0x02,0x4A,0x02,0x4A,0x02,0x4A,0x02,0x4A,0x02,0x6B,0x0A,0x4B,0x02,0x4B,0x02,0x4B,0x02,
  0x4B,0x02,0x4B,0x02,0x4B,0x02,0x4B,0x02,0x4B,0x02,0x4B,0x02,0x4B,0x02,0x4B,0x02,0x4B,0x02,0x4B,0x02,0x4B,0x02,0x4B,0x02,
  0x4B,0x02,0x4B,0x02,0x4B,0x02,0x4B,0x02,0x4B,0x02,0x4B,0x02,0x4B,0x02,0x4B,0x02,0x4B,0x02,0x2A,0x02,0x2A,0x0A,0x4C,0x02,
  0x28,0x02,0x88,0x53,0x6D,0xD6,0xAB,0xFE,0x67,0xE5,0x2B,0xF6,0xEF,0xFE,0xEF,0xFE,0xCF,0xFE,0xF1,0xFE,0x33,0xFF,0x33,0xFF,
  0x33,0xFF,0x54,0xFF,0x10,0xF7,0xAE,0xFE,0x86,0xC4,0x24,0xBC,0x41,0xA3,0x61,0xAB,0xA2,0xB3,0xA3,0xA3,0x62,0x93,0x80,0x7A,
  0x87,0xAC,0x10,0xFF,0x8E,0xFE,0x2F,0xFF,0x0E,0xF7,0xEF,0xFE,0x4A,0xCD,0xA8,0xC4,0x09,0xD5,0x8A,0xED,0xCA,0xF5,0x0A,0xFE,
  0x2A,0xFE,0x6B,0xFE,0x4F,0xFF,0xAE,0xAD,0x27,0x22,0xED,0x63,0x50,0xDE,0xAE,0xF6,0x8F,0xF6,0x0D,0xEE,0xEC,0xED,0x8D,0xDD,
  0xC9,0x42,0xE4,0x00,0x66,0x09,0x46,0x09,0x26,0x01,0x05,0x01,0xE5,0x00,0xC4,0x00,0x83,0x00,0x62,0x00,0x63,0x00,0x23,0x00,
  0x23,0x19,0x0B,0x3B,0x0A,0x02,0x6B,0x02,0x4B,0x02,0x4B,0x02,0x4B,0x02,0x4B,0x02,0x4A,0x02,0x4A,0x02,0x4A,0x02,0x4A,0x02,
  0x4A,0x02,0x4A,0x02,0x4A,0x02,0x4A,0x02,0x4A,0x02,0x4A,0x02,0x4A,0x02,0x4B,0x02,0x4B,0x02,0x4B,0x02,0x4B,0x02,0x4B,0x02,
  0x4B,0x02,0x4B,0x02,0x4B,0x02,0x4B,0x02,0x4A,0x02,0x4A,0x02,0x4B,0x02,0x4B,0x02,0x4B,0x02,0x4B,0x02,0x4B,0x02,0x4B,0x02,
  0x4B,0x02,0x4B,0x02,0x4B,0x02,0x4B,0x02,0x4B,0x02,0x4B,0x02,0x4B,0x02,0x4B,0x02,0x4B,0x02,0x4B,0x02,0x4B,0x02,0x4B,0x02,
  0x4B,0x02,0x4B,0x02,0x4B,0x02,0x4B,0x02,0x4B,0x02,0x4B,0x02,0x4B,0x02,0x4B,0x02,0x4B,0x02,0x4B,0x02,0x4B,0x02,0x4A,0x02,
  0x4A,0x02,0x4A,0x02,0x4A,0x02,0x4A,0x02,0x4A,0x02,0x4B,0x02,0x4B,0x02,0x4B,0x02,0x4B,0x02,0x4B,0x02,0x4B,0x02,0x4B,0x02,
  0x4B,0x02,0x4B,0x02,0x4B,0x02,0x4B,0x02,0x4B,0x02,0x4B,0x02,0x4B,0x02,0x4B,0x02,0x4B,0x02,0x4B,0x02,0x4B,0x02,0x4B,0x02,
  0x4B,0x02,0x4B,0x02,0x4B,0x02,0x4B,0x02,0x4B,0x02,0x6B,0x02,0x29,0x02,0x06,0x0A,0xEC,0x8C,0x50,0xFF,0xAC,0xFE,0x0B,0xEE,
  0x8D,0xFE,0xAD,0xFE,0x8C,0xF6,0xAD,0xFE,0xCF,0xFE,0x12,0xFF,0x55,0xFF,0x75,0xFF,0x54,0xFF,0x32,0xFF,0x4A,0xEE,0xAD,0xFE,
  0x10,0xFF,0xAD,0xF6,0xCA,0xE5,0x68,0xE5,0x43,0xCC,0x82,0xAB,0x06,0xB4,0x4B,0xCD,0xB0,0xEE,0xF3,0xFE,0xF3,0xFE,0x51,0xFF,
  0x2F,0xFF,0x49,0xCD,0x09,0xCD,0x8B,0xDD,0x4A,0xD5,0xCF,0xFE,0x0A,0xF6,0xC7,0xF5,0x8B,0xFE,0xF0,0xFE,0x6C,0xF6,0x89,0xFE,
  0x6E,0xEE,0x53,0xD6,0x0C,0xB5,0x4D,0xF6,0x4E,0xEE,0xCB,0xE5,0x0B,0xC5,0x67,0x4A,0x25,0x01,0x66,0x01,0x25,0x09,0x04,0x01,
  0x04,0x01,0xE4,0x00,0xC4,0x00,0x83,0x00,0x63,0x00,0x82,0x00,0x83,0x00,0x03,0x00,0x66,0x3A,0xCA,0x22,0x4B,0x02,0x6B,0x02,
  0x4B,0x02,0x4B,0x02,0x4B,0x02,0x4B,0x02,0x4A,0x02,0x4A,0x02,0x4A,0x02,0x4A,0x02,0x4A,0x02,0x4A,0x02,0x4A,0x02,0x4A,0x02,
  0x4A,0x02,0x4A,0x02,0x4A,0x02,0x4B,0x02,0x4B,0x02,0x4B,0x02,0x4B,0x02,0x4B,0x02,0x4B,0x02,0x4B,0x02,0x4B,0x02,0x4B,0x02,
  0x4A,0x02,0x4A,0x02,0x4B,0x02,0x4B,0x02,0x4B,0x02,0x4B,0x02,0x4B,0x02,0x4B,0x02,0x4B,0x02,0x4B,0x02,0x4B,0x02,0x4A,0x02,
  0x4A,0x02,0x4A,0x02,0x4A,0x02,0x4A,0x02,0x4A,0x02,0x4B,0x02,0x4B,0x02,0x4B,0x02,0x4B,0x02,0x4A,0x02,0x4A,0x02,0x4A,0x02,
  0x4A,0x02,0x4A,0x02,0x4A,0x02,0x4B,0x02,0x4B,0x02,0x4B,0x02,0x4B,0x02,0x4A,0x02,0x4A,0x02,0x4A,0x02,0x4A,0x02,0x4A,0x02,
  0x4A,0x02,0x4A,0x02,0x4A,0x02,0x4A,0x02,0x4A,0x02,0x4A,0x02,0x4B,0x02,0x4B,0x02,0x4B,0x02,0x4B,0x02,0x4B,0x02,0x4B,0x02,
  0x4B,0x02,0x4B,0x02,0x4B,0x02,0x4B,0x02,0x4B,0x02,0x4B,0x02,0x4B,0x02,0x4B,0x02,0x4A,0x02,0x4A,0x02,0x4B,0x02,0x49,0x02,
  0x8A,0x02,0x0A,0x02,0xA8,0x1A,0x2F,0xC6,0x50,0xFF,0xCF,0xFE,0xEF,0xFE,0x2F,0xF7,0xEC,0xFE,0x6A,0xFE,0xEE,0xFE,0x11,0xFF,
  0x11,0xFF,0x54,0xFF,0x55,0xFF,0x96,0xFF,0xF3,0xFE,0x8D,0xFE,0xCC,0xFE,0xCC,0xF6,0x50,0xFF,0x92,0xFF,0xB6,0xFF,0x74,0xFF,
  0xF0,0xF6,0xD2,0xF6,0x35,0xFF,0x95,0xFF,0x94,0xFF,0x74,0xFF,0x34,0xFF,0x6C,0xBD,0xC6,0x8B,0xE2,0x7A,0xC4,0x9B,0x04,0xAC,
  0x45,0xC4,0x04,0xB4,0xE9,0xE5,0x10,0xFF,0x8F,0xF6,0xAC,0xFE,0xC8,0xFD,0x8E,0xF6,0x10,0xCE,0xEC,0xB4,0x6E,0xF6,0x4B,0xFE,
  0x6E,0xFE,0x29,0xA4,0x46,0x52,0x49,0x2A,0x45,0x01,0x45,0x01,0x05,0x01,0xE5,0x00,0xE4,0x00,0xA4,0x00,0x63,0x00,0x83,0x00,
  0x62,0x00,0x82,0x00,0x63,0x00,0xA3,0x10,0x2A,0x53,0x29,0x02,0x4B,0x02,0x4A,0x02,0x4A,0x02,0x4A,0x02,0x4A,0x02,0x4A,0x02,
  0x4A,0x02,0x4A,0x02,0x4A,0x02,0x4A,0x02,0x4A,0x02,0x4A,0x02,0x4A,0x02,0x4A,0x02,0x4A,0x02,0x4A,0x02,0x4A,0x02,0x4B,0x02,
  0x4B,0x02,0x4B,0x02,0x4B,0x02,0x4B,0x02,0x4B,0x02,0x4B,0x02,0x4B,0x02,0x4B,0x02,0x4A,0x02,0x4A,0x02,0x4B,0x02,0x4B,0x02,
  0x4B,0x02,0x4B,0x02,0x4B,0x02,0x4B,0x02,0x4B,0x02,0x4B,0x02,0x4B,0x02,0x4A,0x02,0x4A,0x02,0x4A,0x02,0x4A,0x02,0x4A,0x02,
  0x4A,0x02,0x4B,0x02,0x4B,0x02,0x4B,0x02,0x4B,0x02,0x4A,0x02,0x4A,0x02,0x4A,0x02,0x4A,0x02,0x4A,0x02,0x4A,0x02,0x4B,0x02,
  0x4B,0x02,0x4B,0x02,0x4B,0x02,0x4A,0x02,0x4A,0x02,0x4A,0x02,0x4A,0x02,0x4A,0x02,0x4A,0x02,0x4A,0x02,0x4A,0x02,0x4A,0x02,
  0x4A,0x02,0x4A,0x02,0x4B,0x02,0x4B,0x02,0x4B,0x02,0x4B,0x02,0x4B,0x02,0x4B,0x02,0x4B,0x02,0x4B,0x02,0x4B,0x02,0x4B,0x02,
  0x4B,0x02,0x4B,0x02,0x4B,0x02,0x4B,0x02,0x4B,0x02,0x4A,0x02,0x4A,0x02,0x6B,0x0A,0x08,0x02,0x09,0x2B,0x91,0xD6,0x71,0xFF,
  0x0F,0xF7,0x53,0xFF,0x52,0xFF,0x50,0xFF,0x0F,0xF7,0x51,0xFF,0x52,0xFF,0xD1,0xFE,0xD0,0xFE,0x11,0xFF,0x10,0xFF,0xEF,0xF6,
  0xCC,0xF6,0x07,0xEE,0x50,0xFF,0x32,0xF7,0x54,0xFF,0x77,0xFF,0x33,0xFF,0x12,0xF7,0x52,0xFF,0x33,0xFF,0x54,0xFF,0x91,0xEE,
  0xCD,0xDD,0xE9,0xBC,0xA5,0x8B,0xA3,0x62,0x42,0x52,0xE3,0x6A,0xA4,0x8B,0x04,0xA4,0x45,0xBC,0x23,0xC4,0xEA,0xE5,0xF5,0xFF,
  0x52,0xFF,0x66,0xED,0x4E,0xFE,0x11,0xC6,0x6D,0xB5,0x6D,0xF6,0x0B,0xFE,0x4F,0xF6,0x27,0x73,0xA5,0x29,0x29,0x2A,0x25,0x09,
  0x25,0x01,0xE4,0x00,0xE4,0x00,0xE4,0x00,0xA4,0x00,0x83,0x00,0x83,0x00,0x83,0x00,0x83,0x00,0x83,0x00,0x21,0x00,0x47,0x42,
  0xAA,0x32,0x2A,0x02,0x4B,0x02,0x4A,0x02,0x4A,0x02,0x4A,0x02,0x4A,0x02,0x4A,0x02,0x4A,0x02,0x4A,0x02,0x4A,0x02,0x4A,0x02,
  0x4A,0x02,0x4A,0x02,0x4A,0x02,0x4A,0x02,0x4A,0x02,0x4A,0x02,0x4A,0x02,0x4B,0x02,0x4B,0x02,0x4B,0x02,0x4B,0x02,0x4B,0x02,
  0x4B,0x02,0x4B,0x02,0x4B,0x02,0x4B,0x02,0x4A,0x02,0x4A,0x02,0x4B,0x02,0x4B,0x02,0x4B,0x02,0x4B,0x02,0x4B,0x02,0x4B,0x02,
  0x4B,0x02,0x4B,0x02,0x4B,0x02,0x4A,0x02,0x6B,0x02,0x4A,0x02,0x4A,0x02,0x4A,0x02,0x4A,0x02,0x4B,0x02,0x4B,0x02,0x4B,0x02,
  0x4B,0x02,0x4A,0x02,0x4A,0x02,0x4A,0x02,0x4A,0x02,0x4A,0x02,0x4A,0x02,0x4B,0x02,0x4B,0x02,0x4B,0x02,0x4B,0x02,0x4A,0x02,
  0x4A,0x02,0x4A,0x02,0x4A,0x02,0x4A,0x02,0x4A,0x02,0x4A,0x02,0x4A,0x02,0x4A,0x02,0x4A,0x02,0x4A,0x02,0x4B,0x02,0x4B,0x02,
  0x4B,0x02,0x4B,0x02,0x4B,0x02,0x4B,0x02,0x4B,0x02,0x4B,0x02,0x4B,0x02,0x4B,0x02,0x4B,0x02,0x4B,0x02,0x4B,0x02,0x4B,0x02,
  0x4B,0x02,0x4A,0x02,0x8A,0x02,0xCA,0x01,0x2A,0x43,0x52,0xE7,0x50,0xFF,0xEE,0xFE,0x10,0xFF,0xCF,0xF6,0x6C,0xF6,0xED,0xFE,
  0x0F,0xFF,0x0E,0xD6,0x0E,0xDE,0x32,0xFF,0x12,0xFF,0x32,0xFF,0x31,0xFF,0x10,0xFF,0x4F,0xFF,0x11,0xF7,0x36,0xFF,0xB7,0xFF,
  0x74,0xFF,0x10,0xFF,0x8A,0xFE,0xCD,0xFE,0x49,0xCD,0x04,0xA4,0x4B,0xEE,0xC3,0xB3,0x69,0xDD,0x65,0xB4,0x01,0x8B,0xE6,0x9B,
  0xE6,0x8B,0x64,0x7B,0xE5,0x93,0x05,0x9C,0x64,0xB4,0xE4,0xF5,0x89,0xF5,0xAE,0xFE,0x6C,0xE6,0x2D,0xE6,0x6E,0xBD,0x2B,0xBD,
  0xAD,0xFE,0x0A,0xFE,0xAD,0xE5,0xC8,0x4A,0x03,0x01,0x46,0x09,0x26,0x01,0x05,0x01,0xE4,0x00,0xE4,0x00,0xC4,0x00,0xA3,0x00,
  0x83,0x00,0xA2,0x00,0x82,0x00,0x83,0x00,0x83,0x00,0x42,0x00,0xE2,0x18,0x4B,0x4B,0x29,0x02,0x6B,0x02,0x4A,0x02,0x4A,0x02,
  0x4A,0x02,0x4A,0x02,0x4A,0x02,0x4A,0x02,0x4A,0x02,0x4A,0x02,0x4A,0x02,0x4A,0x02,0x4A,0x02,0x4A,0x02,0x4A,0x02,0x4A,0x02,
  0x4A,0x02,0x4A,0x02,0x4A,0x02,0x4B,0x02,0x4B,0x02,0x4B,0x02,0x4B,0x02,0x4B,0x02,0x4B,0x02,0x4B,0x02,0x4B,0x02,0x4B,0x02,
  0x4A,0x02,0x4A,0x02,0x4B,0x02,0x4B,0x02,0x4B,0x02,0x4B,0x02,0x4B,0x02,0x4B,0x02,0x4B,0x02,0x4B,0x02,0x4B,0x02,0x4A,0x02,
  0x4A,0x02,0x4A,0x02,0x4A,0x02,0x4A,0x02,0x4A,0x02,0x4B,0x02,0x4B,0x02,0x4B,0x02,0x4B,0x02,0x4A,0x02,0x4A,0x02,0x4A,0x02,
  0x4A,0x02,0x4A,0x02,0x4A,0x02,0x4B,0x02,0x4B,0x02,0x4B,0x02,0x4B,0x02,0x4A,0x02,0x4A,0x02,0x4A,0x02,0x4A,0x02,0x4A,0x02,
  0x4A,0x02,0x4A,0x02,0x4A,0x02,0x4A,0x02,0x4A,0x02,0x4A,0x02,0x4B,0x02,0x4B,0x02,0x4B,0x02,0x4B,0x02,0x4B,0x02,0x4B,0x02,
  0x4B,0x02,0x4B,0x02,0x4B,0x02,0x4B,0x02,0x4B,0x02,0x4B,0x02,0x4A,0x02,0x4B,0x02,0x49,0x02,0x6A,0x02,0xCA,0x01,0x08,0x3B,
  0x31,0xEF,0x30,0xFF,0xEE,0xFE,0xF0,0xF6,0xCE,0xFE,0x08,0xFE,0xA6,0xFD,0x22,0xDC,0x02,0xCC,0xE4,0xAB,0x6C,0xE6,0x70,0xFF,
  0x51,0xFF,0x53,0xFF,0x55,0xFF,0x55,0xFF,0x33,0xFF,0x95,0xFF,0x15,0xF7,0x4C,0xCD,0xAD,0xEE,0x0D,0xFF,0x0E,0xFF,0x2E,0xE6,
  0x65,0x93,0xEC,0xE5,0xE9,0xED,0xE7,0xF5,0xCB,0xFE,0x87,0xDD,0x22,0xB4,0xE3,0xAB,0xC3,0x93,0x83,0x8B,0xC5,0x93,0xC4,0x93,
  0x04,0xA4,0x85,0xCC,0x24,0xCC,0x60,0xA3,0x4A,0xC5,0x0F,0xBD,0x6C,0xBD,0x0C,0xFE,0xAB,0xFD,0x6E,0xCD,0x25,0x2A,0x24,0x01,
  0x67,0x01,0x26,0x01,0x05,0x01,0xE3,0x00,0xE4,0x00,0xA4,0x00,0x83,0x00,0x83,0x00,0x83,0x00,0x82,0x00,0x83,0x00,0x63,0x00,
  0x83,0x08,0x21,0x00,0xE9,0x4A,0xAA,0x22,0x4A,0x02,0x6A,0x02,0x4A,0x02,0x4A,0x02,0x4A,0x02,0x4A,0x02,0x4A,0x02,0x4A,0x02,
  0x4A,0x02,0x4A,0x02,0x4A,0x02,0x4A,0x02,0x4A,0x02,0x4A,0x02,0x4A,0x02,0x4A,0x02,0x4A,0x02,0x4A,0x02,0x4A,0x02,0x4B,0x02,
  0x4B,0x02,0x4B,0x02,0x4B,0x02,0x4B,0x02,0x4B,0x02,0x4B,0x02,0x4A,0x02,0x4A,0x02,0x4A,0x02,0x4A,0x02,0x4B,0x02,0x4B,0x02,
  0x4B,0x02,0x4B,0x02,0x4B,0x02,0x4B,0x02,0x4B,0x02,0x4B,0x02,0x4B,0x02,0x4A,0x02,0x4A,0x02,0x4A,0x02,0x4A,0x02,0x4A,0x02,
  0x4A,0x02,0x4B,0x02,0x4B,0x02,0x4B,0x02,0x4B,0x02,0x4A,0x02,0x4A,0x02,0x4A,0x02,0x4A,0x02,0x4A,0x02,0x4A,0x02,0x4B,0x02,
  0x4B,0x02,0x4B,0x02,0x4B,0x02,0x4A,0x02,0x4A,0x02,0x4A,0x02,0x4A,0x02,0x4A,0x02,0x4A,0x02,0x4A,0x02,0x4A,0x02,0x4A,0x02,
  0x4A,0x02,0x4A,0x02,0x4B,0x02,0x4B,0x02,0x4B,0x02,0x4B,0x02,0x4B,0x02,0x4B,0x02,0x4B,0x02,0x4B,0x02,0x4B,0x02,0x4B,0x02,
  0x4B,0x02,0x4A,0x02,0x4B,0x02,0x2A,0x02,0x4B,0x02,0x29,0x02,0xA6,0x32,0xF0,0xE6,0x2D,0xFF,0x4A,0xFE,0xCE,0xFE,0xAF,0xF6,
  0xEA,0xFD,0x08,0xFE,0x2A,0xF6,0x83,0xE4,0x42,0xEC,0x04,0xFD,0x8C,0xFE,0x71,0xFF,0x74,0xFF,0x76,0xFF,0x76,0xFF,0x33,0xFF,
  0xAD,0xF6,0x8A,0xF6,0xAA,0xE5,0x62,0x9B,0xA2,0x7A,0x05,0x7B,0xC7,0x8B,0xA3,0x6A,0x23,0x7B,0xAB,0xDD,0x85,0xCC,0x63,0xC4,
  0x29,0xF6,0x07,0xCD,0xC2,0xAB,0x84,0xC4,0x23,0xB4,0xE4,0xA3,0xC5,0x9B,0xE5,0x9B,0x26,0xA4,0x84,0x9B,0xA3,0xA3,0x2C,0xC5,
  0x91,0xC5,0x6D,0xCD,0x0C,0xF6,0x0B,0xFE,0x0D,0xC5,0x85,0x19,0x26,0x01,0x66,0x01,0x05,0x01,0xE5,0x00,0xC4,0x00,0xC3,0x00,
  0xA3,0x00,0x83,0x00,0x83,0x00,0x83,0x00,0x63,0x00,0x62,0x00,0x84,0x00,0x84,0x00,0x01,0x00,0xA5,0x31,0x4B,0x43,0x2A,0x02,
  0x6B,0x02,0x49,0x0A,0x4B,0x02,0x4B,0x02,0x4A,0x02,0x4A,0x02,0x4A,0x02,0x4A,0x02,0x4A,0x02,0x4A,0x02,0x4A,0x02,0x4A,0x02,
  0x4A,0x02,0x4A,0x02,0x4A,0x02,0x4A,0x02,0x4A,0x02,0x4A,0x02,0x4A,0x02,0x4B,0x02,0x4B,0x02,0x4B,0x02,0x4B,0x02,0x4B,0x02,
  0x4B,0x02,0x4B,0x02,0x4A,0x02,0x4A,0x02,0x4A,0x02,0x4A,0x02,0x4B,0x02,0x4B,0x02,0x4B,0x02,0x4B,0x02,0x4B,0x02,0x4B,0x02,
  0x4B,0x02,0x4B,0x02,0x4B,0x02,0x4A,0x02,0x4A,0x02,0x4A,0x02,0x4A,0x02,0x4A,0x02,0x4A,0x02,0x4A,0x02,0x4A,0x02,0x4A,0x02,
  0x4A,0x02,0x4A,0x02,0x4A,0x02,0x4A,0x02,0x4A,0x02,0x4A,0x02,0x4A,0x02,0x4A,0x02,0x4A,0x02,0x4A,0x02,0x4A,0x02,0x4A,0x02,
  0x4A,0x02,0x4A,0x02,0x4A,0x02,0x4A,0x02,0x4A,0x02,0x4A,0x02,0x4A,0x02,0x4A,0x02,0x4A,0x02,0x4A,0x02,0x4B,0x02,0x4B,0x02,
  0x4B,0x02,0x4B,0x02,0x4B,0x02,0x4B,0x02,0x4B,0x02,0x4B,0x02,0x4B,0x02,0x4A,0x02,0x4B,0x02,0x2B,0x02,0x4A,0x02,0x49,0x02,
  0x0B,0x02,0x27,0x12,0x8E,0xCE,0x4D,0xFF,0xE6,0xD4,0xA4,0xD4,0x29,0xFE,0x8D,0xF6,0x0A,0xFE,0x4B,0xFE,0x6C,0xF6,0x8B,0xFE,
  0x67,0xED,0xE6,0xE4,0x8D,0xFE,0x51,0xFF,0x12,0xFF,0x12,0xFF,0x31,0xFF,0x2F,0xFF,0x0E,0xFF,0x4A,0xF6,0x27,0xDD,0x03,0xC4,
  0x22,0x93,0x43,0x5A,0xA0,0x39,0x66,0x73,0x64,0x83,0xE1,0x82,0x85,0xBC,0x00,0x8B,0xC7,0xC4,0x50,0xFF,0x45,0xB4,0x22,0x9B,
  0xC2,0xA3,0xE4,0xAB,0x84,0x93,0x03,0x83,0x64,0x93,0x02,0x93,0xAE,0xCD,0x50,0xB5,0x6E,0xC5,0x6C,0xF6,0x2B,0xFE,0xEB,0xB4,
  0x83,0x11,0x46,0x01,0x26,0x09,0x05,0x01,0xE5,0x00,0xE5,0x00,0xC4,0x00,0x83,0x00,0x83,0x00,0x83,0x00,0x83,0x00,0x83,0x00,
  0x83,0x00,0x25,0x11,0x63,0x00,0x22,0x00,0xC2,0x10,0x6C,0x5B,0x29,0x0A,0x6B,0x02,0x4A,0x02,0x4A,0x0A,0x4B,0x02,0x4B,0x02,
  0x4A,0x02,0x4A,0x02,0x4A,0x02,0x4A,0x02,0x4A,0x02,0x4A,0x02,0x4A,0x02,0x4A,0x02,0x4A,0x02,0x4A,0x02,0x4A,0x02,0x4A,0x02,
  0x4A,0x02,0x4A,0x02,0x4A,0x02,0x4B,0x02,0x4B,0x02,0x4B,0x02,0x4B,0x02,0x4A,0x02,0x4A,0x02,0x4A,0x02,0x4A,0x02,0x4A,0x02,
  0x4A,0x02,0x4A,0x02,0x4B,0x02,0x4B,0x02,0x4B,0x02,0x4B,0x02,0x4B,0x02,0x4B,0x02,0x4B,0x02,0x4B,0x02,0x4B,0x02,0x4A,0x02,
  0x4A,0x02,0x4A,0x02,0x4A,0x02,0x4A,0x02,0x4A,0x02,0x4A,0x02,0x4A,0x02,0x4A,0x02,0x4A,0x02,0x4A,0x02,0x4A,0x02,0x4A,0x02,
  0x4A,0x02,0x4A,0x02,0x4A,0x02,0x4A,0x02,0x4A,0x02,0x4A,0x02,0x4A,0x02,0x4A,0x02,0x4B,0x02,0x4B,0x02,0x4B,0x02,0x4B,0x02,
  0x4B,0x02,0x4B,0x02,0x4B,0x02,0x4B,0x02,0x4B,0x02,0x4B,0x02,0x4B,0x02,0x4B,0x02,0x4B,0x02,0x4B,0x02,0x4B,0x02,0x4B,0x02,
  0x4B,0x02,0x4B,0x02,0x4B,0x02,0x4B,0x02,0x4B,0x02,0x4A,0x02,0x6A,0x02,0x6A,0x02,0xC6,0x01,0x4E,0x9D,0x70,0xFF,0x04,0xD5,
  0x20,0x9B,0xE7,0xD4,0x08,0xFE,0x6B,0xFE,0x8C,0xFE,0xC8,0xFD,0x25,0xED,0x87,0xE5,0x0F,0xFF,0xD3,0xFF,0xCF,0xF6,0xA6,0xBC,
  0x23,0xAC,0x66,0xD5,0x6D,0xFF,0x4E,0xFF,0xED,0xFE,0x8B,0xFE,0x09,0xF6,0xE5,0xE4,0x24,0xB4,0xC2,0x6A,0xE3,0x62,0xA3,0x62,
  0xC3,0x72,0x23,0x8B,0xC3,0xAB,0x03,0xAC,0x21,0x93,0x04,0xAC,0xEA,0xDD,0x42,0x93,0xC3,0xAB,0xC3,0xAB,0x83,0x9B,0x09,0xC5,
  0xE5,0xA3,0x0C,0xCD,0x4F,0xBD,0xAE,0xD5,0x2B,0xFE,0x2C,0xFE,0xAB,0xAC,0x23,0x11,0x46,0x01,0x66,0x01,0x04,0x01,0xE4,0x00,
  0xE4,0x00,0xA3,0x00,0x83,0x00,0x83,0x00,0x83,0x00,0x83,0x00,0x83,0x00,0x42,0x00,0x45,0x11,0xCB,0x42,0x42,0x00,0xC3,0x18,
  0x8C,0x5B,0x49,0x12,0x2A,0x02,0x4B,0x02,0x4B,0x02,0x4B,0x02,0x4B,0x02,0x4A,0x02,0x4A,0x02,0x4A,0x02,0x4A,0x02,0x4A,0x02,
  0x4B,0x02,0x4B,0x02,0x4B,0x02,0x4B,0x02,0x4B,0x02,0x4A,0x02,0x4A,0x02,0x4A,0x02,0x4A,0x02,0x4A,0x02,0x4A,0x02,0x4B,0x02,
  0x4B,0x02,0x4B,0x02,0x4B,0x02,0x4A,0x02,0x4A,0x02,0x4A,0x02,0x4A,0x02,0x4A,0x02,0x4A,0x02,0x4A,0x02,0x4B,0x02,0x4B,0x02,
  0x4B,0x02,0x4B,0x02,0x4B,0x02,0x4B,0x02,0x4B,0x02,0x4B,0x02,0x4B,0x02,0x4A,0x02,0x4A,0x02,0x4A,0x02,0x4A,0x02,0x4A,0x02,
  0x4A,0x02,0x4A,0x02,0x4A,0x02,0x4A,0x02,0x4A,0x02,0x4A,0x02,0x4A,0x02,0x4A,0x02,0x4A,0x02,0x4A,0x02,0x4A,0x02,0x4A,0x02,
  0x4A,0x02,0x4A,0x02,0x4A,0x02,0x4A,0x02,0x4B,0x02,0x4B,0x02,0x4B,0x02,0x4B,0x02,0x4B,0x02,0x4B,0x02,0x4B,0x02,0x4B,0x02,
  0x4B,0x02,0x4B,0x02,0x4B,0x02,0x4B,0x02,0x4B,0x02,0x4B,0x02,0x4B,0x02,0x4B,0x02,0x4B,0x02,0x4B,0x02,0x4A,0x02,0x4B,0x02,
  0x4A,0x02,0x67,0x02,0x6B,0x02,0xC8,0x01,0x09,0x64,0xB1,0xFF,0x09,0xF6,0xE1,0xC3,0xC5,0xDC,0x66,0xED,0x08,0xF6,0x6B,0xFE,
  0x2A,0xFE,0xA7,0xFD,0xA4,0xDC,0x20,0xAB,0x45,0xBC,0x88,0xB4,0xC1,0x72,0xC0,0x72,0x22,0x8B,0x83,0xA3,0x86,0xB4,0x49,0xCD,
  0xCF,0xFE,0x4A,0xEE,0xA5,0xC4,0xC2,0xAB,0x62,0x8B,0xC3,0x62,0x25,0x83,0x24,0x73,0x23,0x73,0xC5,0xA3,0x67,0xC4,0x02,0x8B,
  0xA1,0x7A,0x48,0xCD,0xAC,0xFE,0x4C,0xF6,0xEB,0xF5,0x48,0xE5,0x25,0xB4,0x2C,0xEE,0x4E,0xEE,0x2E,0xB5,0x6C,0xCD,0x0C,0xFE,
  0x2D,0xFE,0x49,0x9C,0x04,0x09,0x07,0x09,0x26,0x01,0x04,0x01,0x05,0x01,0xC4,0x00,0xA3,0x00,0x83,0x00,0x83,0x00,0x63,0x00,
  0x83,0x00,0x83,0x00,0x63,0x00,0xA3,0x08,0x29,0x32,0xC4,0x08,0x01,0x00,0x48,0x32,0xEA,0x2A,0x0B,0x02,0x6B,0x02,0x4A,0x02,
  0x4B,0x02,0x4B,0x02,0x4B,0x02,0x4A,0x02,0x4A,0x02,0x4A,0x02,0x4A,0x02,0x4A,0x02,0x4B,0x02,0x4B,0x02,0x4B,0x02,0x4B,0x02,
  0x4B,0x02,0x4A,0x02,0x4A,0x02,0x4A,0x02,0x4A,0x02,0x4A,0x02,0x4A,0x02,0x4B,0x02,0x4B,0x02,0x4B,0x02,0x4B,0x02,0x4A,0x02,
  0x4A,0x02,0x4A,0x02,0x4A,0x02,0x4A,0x02,0x4A,0x02,0x4A,0x02,0x4B,0x02,0x4B,0x02,0x4B,0x02,0x4B,0x02,0x4B,0x02,0x4B,0x02,
  0x4B,0x02,0x4B,0x02,0x4B,0x02,0x4A,0x02,0x4A,0x02,0x4A,0x02,0x4A,0x02,0x4A,0x02,0x4A,0x02,0x4A,0x02,0x4A,0x02,0x4A,0x02,
  0x4A,0x02,0x4A,0x02,0x4A,0x02,0x4A,0x02,0x4A,0x02,0x4A,0x02,0x4A,0x02,0x4A,0x02,0x4A,0x02,0x4A,0x02,0x4A,0x02,0x4A,0x02,
  0x4B,0x02,0x4B,0x02,0x4B,0x02,0x4B,0x02,0x4B,0x02,0x4B,0x02,0x4B,0x02,0x4B,0x02,0x4B,0x02,0x4B,0x02,0x4B,0x02,0x4B,0x02,
  0x4B,0x02,0x4B,0x02,0x4B,0x02,0x4B,0x02,0x4B,0x02,0x4B,0x02,0x4A,0x02,0x4B,0x02,0x4A,0x02,0x68,0x02,0x09,0x02,0xC8,0x32,
  0x10,0xE7,0x0B,0xFF,0xA3,0xD4,0x07,0xE5,0x2B,0xFE,0x86,0xED,0x4A,0xFE,0x4A,0xF6,0x06,0xDD,0x87,0xED,0xC8,0xF5,0xE3,0xC3,
  0x41,0xA3,0xC0,0x82,0xE1,0x82,0xC4,0x9B,0xC4,0xA3,0x63,0xA3,0xE1,0x82,0x83,0x93,0x46,0xAC,0x83,0x93,0x23,0x8B,0x84,0x9B,
  0x07,0xA4,0xE4,0x6A,0x44,0x8B,0x43,0x83,0x63,0x83,0x83,0x93,0xE5,0xAB,0x65,0x8B,0xEB,0xBC,0x50,0xFF,0xAC,0xFE,0x8C,0xFE,
  0xAC,0xFE,0x4C,0xEE,0x12,0xFF,0x14,0xFF,0x0D,0xBD,0x0A,0xC5,0x0C,0xFE,0x0D,0xF6,0x2A,0x8C,0x23,0x09,0x84,0x01,0x45,0x01,
  0xE3,0x00,0xE3,0x00,0xC5,0x00,0x83,0x00,0x83,0x00,0x83,0x00,0x83,0x00,0x83,0x00,0x83,0x00,0x83,0x00,0x62,0x00,0x05,0x11,
  0x45,0x19,0x01,0x00,0xA7,0x21,0x89,0x22,0x28,0x02,0x4D,0x02,0x4B,0x02,0x4A,0x02,0x4B,0x02,0x4B,0x02,0x4B,0x02,0x4A,0x02,
  0x4A,0x02,0x4A,0x02,0x4A,0x02,0x4A,0x02,0x4B,0x02,0x4B,0x02,0x4B,0x02,0x4B,0x02,0x4B,0x02,0x4A,0x02,0x4A,0x02,0x4A,0x02,
  0x4A,0x02,0x4A,0x02,0x4B,0x02,0x4B,0x02,0x4B,0x02,0x4B,0x02,0x4B,0x02,0x4A,0x02,0x4A,0x02,0x4A,0x02,0x4A,0x02,0x4A,0x02,
  0x4A,0x02,0x4A,0x02,0x4B,0x02,0x4B,0x02,0x4B,0x02,0x4B,0x02,0x4B,0x02,0x4B,0x02,0x4B,0x02,0x4B,0x02,0x4B,0x02,0x4A,0x02,
  0x4A,0x02,0x4A,0x02,0x4A,0x02,0x4A,0x02,0x4A,0x02,0x4A,0x02,0x4A,0x02,0x4A,0x02,0x4A,0x02,0x4A,0x02,0x4A,0x02,0x4A,0x02,
  0x4A,0x02,0x4A,0x02,0x4A,0x02,0x4A,0x02,0x4A,0x02,0x4A,0x02,0x4A,0x02,0x4A,0x02,0x4B,0x02,0x4B,0x02,0x4B,0x02,0x4B,0x02,
  0x4B,0x02,0x4B,0x02,0x4B,0x02,0x4B,0x02,0x4B,0x02,0x4B,0x02,0x4B,0x02,0x4B,0x02,0x4B,0x02,0x4B,0x02,0x4B,0x02,0x4B,0x02,
  0x4B,0x02,0x4B,0x02,0x4B,0x02,0x4A,0x02,0x4A,0x02,0x4B,0x02,0x07,0x02,0xEF,0xB5,0x0E,0xFF,0x2A,0xF6,0x41,0xCC,0x2B,0xF6,
  0xAD,0xFE,0x2A,0xFE,0x09,0xEE,0x0A,0xF6,0xE9,0xED,0x8C,0xFE,0xE6,0xD4,0xA1,0xB3,0x44,0xC4,0x44,0xC4,0x04,0xBC,0x24,0xBC,
  0x43,0xBC,0x24,0xC4,0x24,0xAC,0xA2,0x93,0xE3,0xA3,0x63,0x83,0x85,0x8B,0xE5,0xAB,0x67,0xBC,0x43,0x83,0x83,0x8B,0x83,0x93,
  0xC4,0x9B,0x62,0x8B,0xE4,0x93,0x52,0xF7,0x73,0xFF,0xEE,0xFE,0xAC,0xFE,0x8E,0xFE,0xF2,0xFE,0x33,0xFF,0xF3,0xF6,0x0C,0xBD,
  0x4D,0xC5,0x2D,0xFE,0xCC,0xF5,0xCA,0x83,0x25,0x01,0x66,0x01,0x44,0x01,0xE4,0x00,0xE4,0x00,0xC3,0x00,0x84,0x00,0x83,0x00,
  0x83,0x00,0x83,0x00,0x83,0x00,0x83,0x00,0x83,0x00,0x83,0x00,0x83,0x00,0x62,0x00,0xC3,0x08,0xC5,0x31,0xA8,0x19,0x2B,0x0A,
  0x6A,0x02,0x4A,0x02,0x4B,0x02,0x4B,0x02,0x4B,0x02,0x4B,0x02,0x4B,0x02,0x4A,0x02,0x4A,0x02,0x4A,0x02,0x4A,0x02,0x4A,0x02,
  0x4B,0x02,0x4B,0x02,0x4B,0x02,0x4B,0x02,0x4B,0x02,0x4A,0x02,0x4A,0x02,0x4A,0x02,0x6B,0x0A,0x8B,0x0A,0x4A,0x02,0x4B,0x02,
  0x4B,0x02,0x4B,0x02,0x4B,0x02,0x4A,0x02,0x4A,0x02,0x4A,0x02,0x4A,0x02,0x4A,0x02,0x4A,0x02,0x4A,0x02,0x4B,0x02,0x4B,0x02,
  0x4B,0x02,0x4B,0x02,0x4B,0x02,0x4B,0x02,0x4B,0x02,0x4B,0x02,0x4B,0x02,0x4A,0x02,0x4A,0x02,0x4A,0x02,0x4A,0x02,0x4A,0x02,
  0x4A,0x02,0x4A,0x02,0x4A,0x02,0x4A,0x02,0x4A,0x02,0x4A,0x02,0x4A,0x02,0x4A,0x02,0x4A,0x02,0x4A,0x02,0x4A,0x02,0x4A,0x02,
  0x4A,0x02,0x4A,0x02,0x4A,0x02,0x4A,0x02,0x4B,0x02,0x4B,0x02,0x4B,0x02,0x4B,0x02,0x4B,0x02,0x4B,0x02,0x4B,0x02,0x4B,0x02,
  0x4B,0x02,0x4B,0x02,0x4B,0x02,0x4B,0x02,0x4B,0x02,0x4B,0x02,0x4A,0x02,0x4A,0x02,0x4A,0x02,0x4A,0x02,0x4B,0x02,0x49,0x02,
  0x6A,0x02,0xC9,0x01,0xEA,0x5B,0x70,0xFF,0x4A,0xFE,0x06,0xE5,0x06,0xE5,0x8D,0xFE,0x6E,0xF6,0xEF,0xFE,0xCD,0xFE,0xCD,0xFE,
  0x8C,0xFE,0xE6,0xDC,0x23,0xC4,0xC2,0xAB,0x03,0xBC,0x43,0xD4,0xE2,0xCB,0xC2,0xBB,0xC3,0xA3,0xC4,0xB3,0x06,0xAC,0x84,0x83,
  0x84,0x83,0xC3,0x93,0x03,0x7B,0xA4,0x93,0xE7,0xC4,0x22,0x83,0x63,0x7B,0x83,0x8B,0x62,0x93,0xA3,0x93,0x45,0x9C,0x2C,0xD6,
  0x73,0xFF,0xF0,0xF6,0x8E,0xFE,0xB0,0xFE,0xD3,0xFE,0xD2,0xFE,0x8D,0xD5,0x29,0xCD,0x4C,0xFE,0x0D,0xEE,0xA8,0x83,0x24,0x01,
  0x67,0x01,0x25,0x01,0xC4,0x00,0xC6,0x00,0xA4,0x00,0x83,0x00,0x83,0x00,0x83,0x00,0x83,0x00,0x83,0x00,0x83,0x00,0x83,0x00,
  0x63,0x00,0x84,0x00,0xA4,0x00,0x63,0x00,0xC3,0x10,0x24,0x19,0xE5,0x00,0x6B,0x0A,0x4A,0x02,0x4A,0x02,0x4A,0x02,0x4B,0x02,
  0x4B,0x02,0x4B,0x02,0x4B,0x02,0x4A,0x02,0x4A,0x02,0x4A,0x02,0x4A,0x02,0x4A,0x02,0x4B,0x02,0x4B,0x02,0x4B,0x02,0x4B,0x02,
  0x4B,0x02,0x4A,0x02,0x4A,0x02,0x4A,0x02,0x6B,0x02,0x6B,0x02,0x4A,0x02,0x4B,0x02,0x4B,0x02,0x4B,0x02,0x4B,0x02,0x4A,0x02,
  0x4A,0x02,0x4A,0x02,0x4A,0x02,0x4A,0x02,0x4A,0x02,0x4A,0x02,0x4B,0x02,0x4B,0x02,0x4B,0x02,0x4B,0x02,0x4B,0x02,0x4B,0x02,
  0x4B,0x02,0x4B,0x02,0x4B,0x02,0x4B,0x02,0x4B,0x02,0x4B,0x02,0x4B,0x02,0x4B,0x02,0x4B,0x02,0x4B,0x02,0x4B,0x02,0x4B,0x02,
  0x4B,0x02,0x4A,0x02,0x4A,0x02,0x4A,0x02,0x4A,0x02,0x4A,0x02,0x4A,0x02,0x4B,0x02,0x4B,0x02,0x4B,0x02,0x4B,0x02,0x4B,0x02,
  0x4A,0x02,0x4A,0x02,0x4B,0x02,0x4B,0x02,0x4B,0x02,0x4B,0x02,0x4B,0x02,0x4B,0x02,0x4B,0x02,0x4B,0x02,0x4B,0x02,0x4B,0x02,
  0x4B,0x02,0x4B,0x02,0x4A,0x02,0x4A,0x02,0x4A,0x02,0x4A,0x02,0x4A,0x02,0x4A,0x02,0x4A,0x02,0x68,0x1A,0x91,0xDE,0xCC,0xFE,
  0x08,0xF6,0xA3,0xE4,0x0A,0xF6,0xAE,0xFE,0x6F,0xF6,0x53,0xFF,0x0F,0xFF,0x8E,0xF6,0xE4,0xAB,0xE3,0xBB,0xE2,0xBB,0x82,0xA3,
  0x03,0xBC,0x43,0xCC,0x64,0xD4,0x44,0xC4,0xE3,0xA3,0x03,0xAC,0x65,0xB4,0x63,0x83,0x46,0x94,0x07,0xB5,0xA2,0x6A,0x23,0x73,
  0xC3,0x9B,0x83,0x9B,0xA4,0x8B,0xA4,0x93,0xA3,0x93,0xE3,0x9B,0xA2,0x93,0xC2,0x93,0xCF,0xF6,0x11,0xFF,0xD1,0xFE,0x90,0xFE,
  0xD2,0xFE,0x4F,0xF6,0xCC,0xED,0xEC,0xFD,0xEC,0xF5,0x48,0x73,0xE2,0x00,0x67,0x01,0x26,0x01,0xC4,0x00,0xE4,0x00,0xA4,0x00,
  0xA3,0x00,0x83,0x00,0x83,0x00,0x83,0x00,0x83,0x00,0x83,0x00,0x83,0x00,0x83,0x00,0x43,0x08,0xC2,0x00,0x62,0x00,0xC5,0x20,
  0x6B,0x63,0x45,0x09,0xE9,0x09,0x6A,0x02,0x4A,0x02,0x4B,0x02,0x4B,0x02,0x4B,0x02,0x4B,0x02,0x4B,0x02,0x4B,0x02,0x4B,0x02,
  0x4B,0x02,0x4B,0x02,0x4B,0x02,0x4B,0x02,0x4B,0x02,0x4B,0x02,0x4B,0x02,0x4B,0x02,0x4B,0x02,0x4A,0x02,0x4A,0x02,0x4A,0x02,
  0x4A,0x02,0x4A,0x02,0x4A,0x02,0x4B,0x02,0x4B,0x02,0x4B,0x02,0x4B,0x02,0x4A,0x02,0x4A,0x02,0x4A,0x02,0x4A,0x02,0x4A,0x02,
  0x4A,0x02,0x4A,0x02,0x4B,0x02,0x4B,0x02,0x4B,0x02,0x4B,0x02,0x4B,0x02,0x4B,0x02,0x4B,0x02,0x4B,0x02,0x4B,0x02,0x4B,0x02,
  0x4B,0x02,0x4B,0x02,0x4B,0x02,0x4B,0x02,0x4B,0x02,0x4B,0x02,0x4B,0x02,0x4B,0x02,0x4B,0x02,0x4A,0x02,0x4A,0x02,0x4A,0x02,
  0x4A,0x02,0x4A,0x02,0x4A,0x02,0x4B,0x02,0x4B,0x02,0x4B,0x02,0x4B,0x02,0x4B,0x02,0x4A,0x02,0x4A,0x02,0x4B,0x02,0x4B,0x02,
  0x4A,0x02,0x4B,0x02,0x4B,0x02,0x4B,0x02,0x4B,0x02,0x4B,0x02,0x4B,0x02,0x4B,0x02,0x4B,0x02,0x4B,0x02,0x4A,0x02,0x4A,0x02,
  0x4A,0x02,0x4A,0x02,0x4A,0x02,0x6B,0x02,0xE9,0x01,0x6C,0x6C,0x91,0xFF,0x28,0xFE,0xA8,0xFD,0xA7,0xF5,0x86,0xED,0x6B,0xF6,
  0x11,0xFF,0x33,0xFF,0x10,0xFF,0xA6,0x9B,0x23,0x93,0xE5,0xAB,0xC4,0xAB,0xA2,0xA3,0xE3,0xB3,0x43,0xC4,0x43,0xCC,0xC5,0xDC,
  0x44,0xCC,0x43,0xB4,0xE2,0x9B,0xC7,0xBC,0xC5,0xA3,0x22,0x7B,0x04,0x6B,0xE2,0x6A,0x41,0x8B,0x24,0xBC,0xA3,0xA3,0xE4,0xA3,
  0xE4,0xA3,0xE4,0xA3,0xE3,0xA3,0x22,0xA4,0xC5,0xC4,0x8D,0xFE,0xB0,0xFE,0xD3,0xF6,0x50,0xEE,0xCB,0xFD,0x69,0xFD,0xCD,0xF5,
  0xE7,0x6A,0xE4,0x00,0x6A,0x32,0x25,0x09,0xC5,0x00,0xE5,0x00,0xA4,0x00,0x83,0x00,0x83,0x00,0x83,0x00,0x83,0x00,0x83,0x00,
  0x83,0x00,0x83,0x00,0x83,0x00,0x83,0x00,0xA4,0x00,0x43,0x00,0xC2,0x28,0x0C,0x7C,0x0B,0x3B,0x29,0x0A,0x4A,0x02,0x6A,0x02,
  0x6B,0x02,0x4B,0x02,0x4B,0x02,0x4B,0x02,0x4B,0x02,0x4B,0x02,0x4B,0x02,0x4B,0x02,0x4B,0x02,0x4B,0x02,0x4B,0x02,0x4B,0x02,
  0x4B,0x02,0x4B,0x02,0x4B,0x02,0x4B,0x02,0x4B,0x02,0x4A,0x02,0x4A,0x02,0x4A,0x02,0x4A,0x02,0x4A,0x02,0x4A,0x02,0x4B,0x02,
  0x4B,0x02,0x4B,0x02,0x4B,0x02,0x4A,0x02,0x4A,0x02,0x4A,0x02,0x4A,0x02,0x4A,0x02,0x4A,0x02,0x4A,0x02,0x4B,0x02,0x4B,0x02,
  0x4B,0x02,0x4B,0x02,0x4B,0x02,0x4B,0x02,0x4B,0x02,0x4B,0x02,0x4B,0x02,0x4B,0x02,0x4B,0x02,0x4B,0x02,0x4B,0x02,0x4B,0x02,
  0x4B,0x02,0x4B,0x02,0x4B,0x02,0x4B,0x02,0x4B,0x02,0x4A,0x02,0x4A,0x02,0x4A,0x02,0x4A,0x02,0x4A,0x02,0x4A,0x02,0x4B,0x02,
  0x4B,0x02,0x4B,0x02,0x4B,0x02,0x4B,0x02,0x4B,0x02,0x4B,0x02,0x4A,0x02,0x4A,0x02,0x6B,0x02,0x4B,0x02,0x4B,0x02,0x4B,0x02,
  0x4B,0x02,0x4B,0x02,0x4B,0x02,0x4B,0x02,0x4B,0x02,0x4B,0x02,0x4A,0x02,0x4A,0x02,0x4A,0x02,0x4A,0x02,0x4A,0x02,0x4B,0x02,
  0x49,0x12,0x90,0xD6,0xAB,0xFE,0xE3,0xE4,0x05,0xE5,0x27,0xDD,0xE8,0xF5,0x0D,0xFF,0x53,0xFF,0x34,0xFF,0x4E,0xEE,0x61,0x72,
  0x06,0xAC,0x63,0x9B,0xA4,0xAB,0x24,0xBC,0xE3,0xB3,0x24,0xBC,0x02,0xB4,0x03,0xC4,0xE7,0xE4,0x85,0xB4,0x41,0x7B,0xAA,0xDD,
  0x66,0xCC,0xA2,0x7A,0xE3,0x72,0xE3,0x6A,0x01,0x7B,0x64,0xBC,0xE3,0xAB,0x83,0x9B,0xE5,0xA3,0xA4,0x9B,0xA3,0xA3,0x64,0xBC,
  0xA1,0xA3,0x86,0xC4,0x50,0xEE,0xEB,0xC4,0xEC,0xF5,0x89,0xFD,0xAC,0xF5,0xC7,0x62,0x05,0x01,0xA7,0x01,0x89,0x32,0x44,0x19,
  0x03,0x09,0xA3,0x00,0xA3,0x00,0x83,0x00,0x83,0x00,0x83,0x00,0x63,0x00,0x83,0x00,0x83,0x00,0xA3,0x00,0x83,0x00,0xA3,0x00,
  0x82,0x00,0x04,0x19,0x0D,0x7C,0xE7,0x2A,0x09,0x02,0x6B,0x02,0x4A,0x02,0x6A,0x02,0x4B,0x02,0x4B,0x02,0x4B,0x02,0x4B,0x02,
  0x4B,0x02,0x4B,0x02,0x4B,0x02,0x4A,0x02,0x4A,0x02,0x4B,0x02,0x4B,0x02,0x4B,0x02,0x4B,0x02,0x4B,0x02,0x4B,0x02,0x4B,0x02,
  0x4B,0x02,0x4A,0x02,0x4A,0x02,0x4A,0x02,0x4A,0x02,0x4A,0x02,0x4A,0x02,0x4B,0x02,0x4B,0x02,0x4B,0x02,0x4B,0x02,0x4A,0x02,
  0x4A,0x02,0x4A,0x02,0x4A,0x02,0x4A,0x02,0x4A,0x02,0x4A,0x02,0x4B,0x02,0x4B,0x02,0x4B,0x02,0x4B,0x02,0x4B,0x02,0x4B,0x02,
  0x4B,0x02,0x4B,0x02,0x4B,0x02,0x4B,0x02,0x4B,0x02,0x4B,0x02,0x4B,0x02,0x4B,0x02,0x4B,0x02,0x4B,0x02,0x4B,0x02,0x4B,0x02,
  0x4B,0x02,0x4A,0x02,0x4A,0x02,0x4A,0x02,0x4A,0x02,0x4A,0x02,0x4A,0x02,0x4B,0x02,0x4B,0x02,0x4B,0x02,0x4B,0x02,0x4B,0x02,
  0x4B,0x02,0x4B,0x02,0x4B,0x02,0x4B,0x02,0x6B,0x02,0x4B,0x02,0x4B,0x02,0x4B,0x02,0x4B,0x02,0x4B,0x02,0x4B,0x02,0x4B,0x02,
  0x4B,0x02,0x4B,0x02,0x4A,0x02,0x4A,0x02,0x4A,0x02,0x4A,0x02,0x6B,0x02,0xE8,0x01,0x0C,0x64,0x51,0xFF,0x86,0xF5,0x20,0xCC,
  0x04,0xE5,0x4B,0xF6,0x0F,0xFF,0xF0,0xFE,0x12,0xFF,0x33,0xFF,0xF1,0xFE,0x2A,0xCD,0xE5,0xB3,0xE4,0xBB,0xE3,0xBB,0x24,0xCC,
  0xE4,0xBB,0xE4,0xAB,0x04,0xAC,0xA2,0x9B,0xC3,0x9B,0x67,0xAC,0x0D,0xD6,0x0F,0xFF,0xE7,0xE4,0xA2,0x92,0x81,0x6A,0xC4,0x5A,
  0xC3,0x62,0x65,0xAC,0xC7,0xBC,0xA4,0x8B,0xE1,0x72,0xA4,0x93,0x0C,0xE6,0xA6,0xCC,0x47,0xAC,0xAF,0xCD,0x6A,0xB4,0xAD,0xE5,
  0xAA,0xF5,0x4C,0xCD,0xC6,0x52,0x03,0x01,0xA8,0x09,0x86,0x11,0xC3,0x00,0x45,0x11,0xC4,0x08,0x83,0x00,0x83,0x00,0x83,0x00,
  0x83,0x00,0x83,0x00,0x83,0x00,0x83,0x00,0x83,0x00,0x83,0x00,0x83,0x00,0x63,0x00,0x22,0x29,0xAB,0xB5,0xA8,0x4B,0xCB,0x01,
  0x8B,0x02,0x4A,0x02,0x4B,0x02,0x4B,0x02,0x4B,0x02,0x4A,0x02,0x4B,0x02,0x4B,0x02,0x4B,0x02,0x4B,0x02,0x4B,0x02,0x4A,0x02,
  0x4A,0x02,0x4B,0x02,0x4B,0x02,0x4B,0x02,0x4B,0x02,0x4B,0x02,0x4B,0x02,0x4B,0x02,0x4B,0x02,0x4A,0x02,0x4A,0x02,0x4A,0x02,
  0x4A,0x02,0x4A,0x02,0x4A,0x02,0x4B,0x02,0x4B,0x02,0x4B,0x02,0x4B,0x02,0x4A,0x02,0x4A,0x02,0x4A,0x02,0x4A,0x02,0x4A,0x02,
  0x4A,0x02,0x4A,0x02,0x4B,0x02,0x4B,0x02,0x4B,0x02,0x4B,0x02,0x4A,0x02,0x4A,0x02,0x4B,0x02,0x4B,0x02,0x4B,0x02,0x4A,0x02,
  0x4A,0x02,0x4A,0x02,0x4A,0x02,0x4B,0x02,0x4B,0x02,0x4B,0x02,0x4B,0x02,0x4B,0x02,0x4B,0x02,0x4A,0x02,0x4A,0x02,0x4A,0x02,
  0x4A,0x02,0x4A,0x02,0x4A,0x02,0x4A,0x02,0x4A,0x02,0x4A,0x02,0x4A,0x02,0x4A,0x02,0x4A,0x02,0x4A,0x02,0x4A,0x02,0x4B,0x02,
  0x4A,0x02,0x4A,0x02,0x4A,0x02,0x4A,0x02,0x4A,0x02,0x4A,0x02,0x4A,0x02,0x4A,0x02,0x4A,0x02,0x4A,0x02,0x4A,0x02,0x4B,0x02,
  0x6A,0x02,0x4A,0x0A,0x6C,0x02,0x08,0x02,0x51,0xBE,0x29,0xF6,0x43,0xD4,0x4C,0xFE,0x6C,0xFE,0xEF,0xFE,0xF0,0xFE,0xF2,0xFE,
  0xD1,0xFE,0x8F,0xFE,0xAD,0xFE,0x51,0xFF,0x87,0xBC,0xA2,0xAB,0x64,0xD4,0xE4,0xBB,0x63,0x9B,0xA5,0x93,0xE5,0x93,0xC4,0x9B,
  0xC5,0x9B,0x4D,0xCD,0x50,0xEE,0x66,0xBC,0x48,0xDD,0xA8,0xD4,0xC4,0xA3,0x84,0x93,0x44,0x83,0xC0,0x6A,0xA1,0x6A,0xE1,0x6A,
  0xA4,0x8B,0x2E,0xE6,0x73,0xFF,0xF3,0xFE,0x11,0xDE,0x8D,0xA4,0xAD,0xDD,0x0C,0xFE,0x2C,0xCD,0x66,0x4A,0x45,0x01,0x08,0x12,
  0x85,0x11,0x83,0x00,0xC4,0x00,0x84,0x00,0x84,0x00,0x84,0x00,0x83,0x00,0x83,0x00,0x83,0x00,0x83,0x00,0x84,0x00,0x64,0x00,
  0x83,0x00,0xC4,0x08,0x62,0x00,0x64,0x31,0x8C,0xDD,0x8B,0xDE,0xA9,0x54,0x4A,0x02,0x2B,0x0A,0x4A,0x02,0x4B,0x02,0x4A,0x02,
  0x4A,0x02,0x4A,0x02,0x4A,0x02,0x4A,0x02,0x4A,0x02,0x4A,0x02,0x4A,0x02,0x4A,0x02,0x4A,0x02,0x4A,0x02,0x4A,0x02,0x4A,0x02,
  0x4B,0x02,0x4B,0x02,0x4B,0x02,0x4B,0x02,0x4B,0x02,0x4A,0x02,0x4A,0x02,0x4A,0x02,0x4A,0x02,0x4A,0x02,0x4A,0x02,0x4A,0x02,
  0x4A,0x02,0x4A,0x02,0x4A,0x02,0x4A,0x02,0x4A,0x02,0x4A,0x02,0x4A,0x02,0x4A,0x02,0x4A,0x02,0x4A,0x02,0x4B,0x02,0x4B,0x02,
  0x4B,0x02,0x4B,0x02,0x4A,0x02,0x4A,0x02,0x4B,0x02,0x4B,0x02,0x4B,0x02,0x4A,0x02,0x4A,0x02,0x4A,0x02,0x4A,0x02,0x4A,0x02,
  0x4B,0x02,0x4B,0x02,0x4B,0x02,0x4B,0x02,0x4B,0x02,0x4A,0x02,0x4A,0x02,0x4A,0x02,0x4A,0x02,0x4A,0x02,0x4A,0x02,0x4A,0x02,
  0x4A,0x02,0x4A,0x02,0x4A,0x02,0x4A,0x02,0x4A,0x02,0x4A,0x02,0x4A,0x02,0x4A,0x02,0x4A,0x02,0x4A,0x02,0x4A,0x02,0x4A,0x02,
  0x4A,0x02,0x4A,0x02,0x4A,0x02,0x4A,0x02,0x4A,0x02,0x4A,0x02,0x4A,0x0A,0x4B,0x02,0x6A,0x02,0x49,0x0A,0x4C,0x02,0xE9,0x2A,
  0x10,0xF7,0x42,0xCC,0xA9,0xE5,0x52,0xFF,0x32,0xFF,0x13,0xFF,0xF1,0xFE,0xCE,0xFE,0x8C,0xFE,0x08,0xF6,0x86,0xED,0xEA,0xED,
  0x6D,0xF6,0x07,0xDD,0x03,0xB4,0x02,0x83,0xA0,0x6A,0x03,0x63,0x04,0x73,0x86,0xBC,0xA7,0xED,0x01,0x93,0xC0,0x9A,0xC7,0xCC,
  0xAD,0xEE,0x30,0xFF,0x4B,0xFE,0x0A,0xFE,0x8A,0xE5,0xE8,0xBC,0x09,0xC5,0x08,0xC5,0x6D,0xEE,0x52,0xFF,0x74,0xFF,0x94,0xE6,
  0xAD,0x9C,0xCE,0xE5,0x0A,0xFE,0x8B,0xCD,0x65,0x3A,0x44,0x09,0xC8,0x11,0x26,0x09,0x82,0x00,0xC4,0x08,0xA4,0x00,0xA4,0x00,
  0xA3,0x00,0x83,0x00,0x82,0x00,0x83,0x00,0x83,0x00,0x83,0x00,0x84,0x00,0x83,0x00,0x83,0x00,0xE4,0x10,0xC8,0x62,0xEC,0xDD,
  0xAB,0xFE,0x09,0xDE,0x4B,0x5D,0x69,0x02,0x4B,0x02,0x4A,0x02,0x4A,0x02,0x4A,0x02,0x4A,0x02,0x4A,0x02,0x4A,0x02,0x4A,0x02,
  0x4A,0x02,0x4A,0x02,0x4A,0x02,0x4A,0x02,0x4A,0x02,0x4A,0x02,0x6B,0x02,0x4B,0x02,0x4B,0x02,0x4B,0x02,0x4B,0x02,0x4B,0x02,
  0x4B,0x02,0x4A,0x02,0x4A,0x02,0x4A,0x02,0x4A,0x02,0x4A,0x02,0x4A,0x02,0x4A,0x02,0x4A,0x02,0x4A,0x02,0x4A,0x02,0x4A,0x02,
  0x4A,0x02,0x4A,0x02,0x4A,0x02,0x4A,0x02,0x4A,0x02,0x4A,0x02,0x4B,0x02,0x4B,0x02,0x4B,0x02,0x4B,0x02,0x4B,0x02,0x4B,0x02,
  0x4A,0x02,0x4A,0x02,0x4A,0x02,0x4A,0x02,0x4B,0x02,0x4B,0x02,0x4B,0x02,0x4A,0x02,0x4A,0x02,0x4B,0x02,0x4B,0x02,0x4B,0x02,
  0x4B,0x02,0x4A,0x02,0x4A,0x02,0x4A,0x02,0x4A,0x02,0x4A,0x02,0x4A,0x02,0x4A,0x02,0x4A,0x02,0x4A,0x02,0x4A,0x02,0x4A,0x02,
  0x4A,0x02,0x4A,0x02,0x4A,0x02,0x4A,0x02,0x4A,0x02,0x4A,0x02,0x4A,0x02,0x4A,0x02,0x4A,0x02,0x4A,0x02,0x4A,0x02,0x4A,0x02,
  0x4A,0x02,0x4A,0x02,0x4A,0x02,0x6B,0x02,0x6A,0x02,0x6A,0x0A,0xEA,0x01,0x2B,0x6C,0xAC,0xFE,0xE5,0xD4,0x4E,0xF6,0xF1,0xFE,
  0x8D,0xEE,0x27,0xDD,0x88,0xED,0xA9,0xF5,0xEA,0xF5,0x68,0xE5,0x27,0xED,0xC1,0xCB,0xE5,0xE4,0x6C,0xFE,0x0C,0xEE,0x2D,0xE6,
  0x67,0xB4,0xE2,0x72,0xA6,0x93,0x66,0xC4,0x63,0xC4,0x09,0xCD,0x8C,0xE5,0x22,0xA3,0xAC,0xDD,0x32,0xFF,0xEF,0xFE,0xCE,0xFE,
  0xAC,0xFE,0x4A,0xF6,0x4A,0xF6,0xAE,0xFE,0xF1,0xFE,0x74,0xFF,0x72,0xE6,0x6C,0xA4,0x30,0xD6,0x0A,0xFE,0x49,0xDD,0x05,0x2A,
  0x65,0x01,0xC6,0x11,0xC3,0x00,0x63,0x00,0xA5,0x08,0x84,0x00,0x83,0x00,0x83,0x00,0x83,0x00,0x83,0x00,0x83,0x00,0xA3,0x00,
  0xA3,0x00,0x83,0x00,0x83,0x00,0xA4,0x00,0x81,0x00,0x85,0x52,0x8F,0xEE,0xA9,0xFE,0x4B,0xFE,0xC9,0xDD,0x4A,0x65,0xCA,0x02,
  0x4B,0x02,0x4A,0x02,0x4A,0x02,0x4A,0x02,0x4A,0x02,0x4A,0x02,0x4A,0x02,0x4A,0x02,0x4A,0x02,0x4A,0x02,0x4A,0x02,0x4A,0x02,
  0x4A,0x02,0x2A,0x02,0x8B,0x0A,0x6B,0x0A,0x4A,0x02,0x4B,0x02,0x4B,0x02,0x4B,0x02,0x4B,0x02,0x4A,0x02,0x4A,0x02,0x4A,0x02,
  0x4A,0x02,0x4A,0x02,0x4A,0x02,0x4A,0x02,0x4A,0x02,0x4A,0x02,0x4A,0x02,0x4A,0x02,0x4A,0x02,0x4A,0x02,0x4A,0x02,0x4A,0x02,
  0x4A,0x02,0x4A,0x02,0x4B,0x02,0x4B,0x02,0x4B,0x02,0x4B,0x02,0x4B,0x02,0x4B,0x02,0x6A,0x02,0x4A,0x02,0x4A,0x02,0x4A,0x0A,
  0x2A,0x02,0x4B,0x02,0x6B,0x02,0x4A,0x02,0x4A,0x02,0x4B,0x02,0x4B,0x02,0x4B,0x02,0x4B,0x02,0x4A,0x02,0x4A,0x02,0x4A,0x02,
  0x4A,0x02,0x4A,0x02,0x4A,0x02,0x4A,0x02,0x4A,0x02,0x4A,0x02,0x4A,0x02,0x4A,0x02,0x4A,0x02,0x4A,0x02,0x4A,0x02,0x4A,0x02,
  0x4A,0x02,0x4A,0x02,0x4A,0x02,0x4A,0x02,0x4A,0x02,0x4A,0x02,0x4A,0x02,0x4A,0x02,0x4A,0x02,0x4A,0x02,0x4A,0x02,0x4B,0x02,
  0x4A,0x02,0x4B,0x02,0x09,0x02,0x6B,0xAD,0x68,0xF6,0x4B,0xE6,0x68,0xCC,0x2A,0xE5,0x44,0xCC,0x21,0xCC,0xC3,0xE4,0x66,0xFD,
  0xC9,0xFD,0xEA,0xF5,0x2A,0xFE,0x86,0xF5,0x45,0xED,0x4A,0xF6,0x8D,0xF6,0x30,0xFF,0x6C,0xFE,0x6A,0xE5,0x05,0xB4,0xE3,0xC3,
  0xE9,0xD4,0x95,0xFF,0xED,0xED,0xA0,0x92,0x48,0xD5,0x52,0xFF,0xF1,0xFE,0xCF,0xFE,0xAD,0xFE,0xCC,0xFE,0x0F,0xFF,0x32,0xFF,
  0x76,0xFF,0x93,0xDE,0x6B,0x9C,0xEF,0xE5,0xE9,0xFD,0x4A,0xCD,0x05,0x22,0x67,0x01,0x47,0x09,0x83,0x00,0x82,0x00,0xE4,0x00,
  0xC4,0x00,0xA4,0x00,0x83,0x00,0x83,0x00,0x83,0x00,0x83,0x00,0x83,0x00,0xA3,0x00,0xA3,0x00,0x83,0x00,0x83,0x00,0x45,0x00,
  0x27,0x63,0x2F,0xF7,0xCC,0xFE,0x4B,0xFE,0x0B,0xEE,0x47,0xDD,0xAB,0x7D,0x6A,0x0B,0x4A,0x02,0x6B,0x02,0x4A,0x02,0x4A,0x02,
  0x4A,0x02,0x4A,0x02,0x4A,0x02,0x4A,0x02,0x4A,0x02,0x4A,0x02,0x4A,0x02,0x4A,0x02,0x4A,0x02,0x4A,0x02,0x4A,0x02,0x4A,0x02,
  0x4B,0x02,0x4B,0x02,0x4B,0x02,0x4B,0x02,0x4B,0x02,0x4A,0x02,0x4A,0x02,0x4A,0x02,0x4A,0x02,0x4A,0x02,0x4A,0x02,0x4A,0x02,
  0x4A,0x02,0x4A,0x02,0x4A,0x02,0x4A,0x02,0x4A,0x02,0x4A,0x02,0x4A,0x02,0x4A,0x02,0x4A,0x02,0x4A,0x02,0x4B,0x02,0x4B,0x02,
  0x4B,0x02,0x4B,0x02,0x4B,0x02,0x4B,0x02,0x4A,0x02,0x4A,0x02,0xC8,0x09,0x87,0x11,0x8B,0x2A,0x29,0x02,0x6A,0x02,0x4B,0x02,
  0x4B,0x02,0x4B,0x02,0x4B,0x02,0x4B,0x02,0x4B,0x02,0x4A,0x02,0x4A,0x02,0x4A,0x02,0x4A,0x02,0x4A,0x02,0x4A,0x02,0x4A,0x02,
  0x4A,0x02,0x4A,0x02,0x4A,0x02,0x4A,0x02,0x4A,0x02,0x4A,0x02,0x4A,0x02,0x4A,0x02,0x4A,0x02,0x4A,0x02,0x4A,0x02,0x4A,0x02,
  0x4A,0x02,0x4A,0x02,0x4A,0x02,0x4A,0x02,0x4A,0x02,0x4A,0x02,0x4A,0x02,0x4B,0x02,0x4A,0x02,0x2C,0x02,0x49,0x0A,0x8A,0xCD,
  0x83,0xD4,0xCE,0xF6,0xC8,0xD4,0x84,0xBB,0x88,0xD4,0x25,0xC4,0xA4,0xE4,0x04,0xF5,0x64,0xED,0xA6,0xED,0x88,0xED,0x2A,0xFE,
  0xAD,0xFE,0x44,0xC4,0x29,0xD5,0x72,0xFF,0x4D,0xFE,0xAA,0xED,0x86,0xC4,0xA4,0xD4,0x65,0xC4,0x09,0xBD,0xE3,0xA3,0xE5,0xD4,
  0xE1,0xB3,0x8D,0xF6,0xF0,0xFE,0xF1,0xF6,0x12,0xFF,0x31,0xFF,0x12,0xFF,0x96,0xFF,0x73,0xDE,0x8B,0xA4,0xEE,0xDD,0xEC,0xF5,
  0x09,0xCD,0xC4,0x21,0xA9,0x01,0x46,0x09,0x62,0x00,0x83,0x00,0xC4,0x00,0xA3,0x00,0xA3,0x00,0xA4,0x00,0xC4,0x08,0x83,0x00,
  0xA4,0x00,0xA4,0x00,0xA4,0x00,0xA4,0x00,0xA3,0x00,0xC4,0x00,0xA3,0x00,0x28,0x73,0x10,0xFF,0x0E,0xFF,0xAD,0xFE,0xAE,0xF6,
  0xAD,0xFE,0xE8,0xFD,0xC9,0x8D,0x2B,0x24,0x4A,0x02,0x6B,0x02,0x4A,0x02,0x4A,0x02,0x4A,0x02,0x4A,0x02,0x4A,0x02,0x4A,0x02,
  0x4A,0x02,0x4A,0x02,0x4A,0x02,0x4A,0x02,0x4A,0x02,0x4A,0x02,0x4A,0x02,0x4A,0x02,0x4B,0x02,0x4B,0x02,0x4B,0x02,0x4B,0x02,
  0x4B,0x02,0x4A,0x02,0x4A,0x02,0x4A,0x02,0x4A,0x02,0x4A,0x02,0x4A,0x02,0x4A,0x02,0x4A,0x02,0x4A,0x02,0x4A,0x02,0x4A,0x02,
  0x4A,0x02,0x4A,0x02,0x4A,0x02,0x4A,0x02,0x4A,0x02,0x4A,0x02,0x4A,0x02,0x4A,0x02,0x4B,0x02,0x4A,0x02,0x4A,0x02,0x6B,0x02,
  0x6A,0x02,0x69,0x1A,0x86,0x11,0xA4,0x00,0xE8,0x21,0x2C,0x2B,0x69,0x0A,0x2A,0x02,0x2A,0x02,0x49,0x02,0x4A,0x02,0x4A,0x02,
  0x4A,0x02,0x4A,0x0A,0x4A,0x0A,0x6A,0x02,0x6B,0x02,0x4B,0x02,0x4B,0x02,0x4A,0x02,0x4A,0x02,0x4A,0x02,0x4A,0x02,0x4B,0x02,
  0x4B,0x02,0x4B,0x02,0x4B,0x02,0x4B,0x02,0x4A,0x02,0x4A,0x02,0x4A,0x02,0x4A,0x02,0x4A,0x02,0x4A,0x02,0x4A,0x02,0x4A,0x02,
  0x4A,0x02,0x4A,0x02,0x4B,0x02,0x4B,0x02,0x4A,0x0A,0x4C,0x02,0xA9,0x1A,0xA6,0xC4,0xA2,0xC3,0x6D,0xEE,0x65,0xBC,0x03,0xBC,
  0xE3,0xB3,0x01,0xB4,0xC4,0xDC,0xC4,0xE4,0x88,0xF5,0x84,0xD4,0x05,0xED,0x4A,0xFE,0x68,0xED,0x20,0xB3,0x49,0xE5,0x74,0xFF,
  0x52,0xFF,0x6D,0xEE,0x08,0xCD,0x45,0xBC,0x24,0xBC,0x82,0x62,0x01,0x4A,0x82,0x72,0x46,0xBC,0x8B,0xFE,0x32,0xFF,0x55,0xFF,
  0x96,0xFF,0x33,0xFF,0x13,0xFF,0x73,0xDE,0x8B,0xAC,0xAC,0xE5,0xCB,0xF5,0x0B,0xBD,0xC4,0x19,0x88,0x01,0x26,0x09,0x81,0x00,
  0xA2,0x00,0xC4,0x00,0xA4,0x00,0x84,0x00,0x83,0x08,0x83,0x00,0xA4,0x00,0xA3,0x00,0xA3,0x00,0xA3,0x00,0x83,0x00,0xA4,0x00,
  0xA4,0x00,0x24,0x19,0x68,0x73,0xCD,0xFE,0x6C,0xF6,0xCF,0xFE,0xEF,0xFE,0x8B,0xEE,0x6B,0xFE,0xC8,0xF5,0xA8,0xA5,0xAB,0x3C,
  0x69,0x02,0x4B,0x02,0x4A,0x02,0x4A,0x02,0x4A,0x02,0x4A,0x02,0x4A,0x02,0x4A,0x02,0x4A,0x02,0x4A,0x02,0x4A,0x02,0x4A,0x02,
  0x4A,0x02,0x4A,0x02,0x4A,0x02,0x4A,0x02,0x4A,0x02,0x4A,0x02,0x4A,0x02,0x4A,0x02,0x4A,0x02,0x4A,0x02,0x4A,0x02,0x4A,0x02,
  0x4A,0x02,0x4A,0x02,0x4A,0x02,0x4A,0x02,0x4A,0x02,0x4A,0x02,0x4A,0x02,0x4A,0x02,0x4A,0x02,0x4A,0x02,0x4A,0x02,0x4A,0x02,
  0x4A,0x02,0x4A,0x02,0x4A,0x02,0x4A,0x02,0x4A,0x02,0x4A,0x02,0x4A,0x02,0x6B,0x02,0x6B,0x02,0x49,0x12,0x29,0x22,0xC5,0x00,
  0x83,0x00,0xC7,0x29,0x0C,0x4B,0xCB,0x32,0xEC,0x2A,0xAC,0x22,0x6B,0x12,0x6A,0x0A,0x29,0x02,0x0A,0x02,0xEB,0x01,0x0A,0x02,
  0x2A,0x02,0x29,0x02,0x2A,0x02,0x2A,0x02,0x4B,0x02,0x4B,0x02,0x6B,0x02,0x6B,0x02,0x4A,0x0A,0x4A,0x0A,0x4A,0x0A,0x49,0x0A,
  0x4A,0x02,0x4A,0x02,0x4A,0x02,0x4A,0x02,0x4A,0x02,0x4A,0x02,0x4A,0x02,0x4A,0x02,0x4A,0x02,0x4A,0x02,0x4B,0x02,0x4A,0x02,
  0x2A,0x0A,0x4B,0x02,0x07,0x3B,0xE7,0xCC,0xCA,0xE5,0xCA,0xDD,0x87,0xDD,0x02,0xC4,0x22,0xCC,0x22,0xBC,0x01,0xBC,0x42,0xC4,
  0x43,0xCC,0xA4,0xD4,0xA7,0xF5,0x25,0xF5,0xE4,0xF4,0xA7,0xF5,0xAD,0xFE,0x33,0xFF,0x32,0xFF,0xAD,0xFE,0xA7,0xCC,0x03,0x93,
  0x63,0x8B,0x62,0x5A,0xE1,0x41,0xC2,0x72,0x47,0xD5,0x6B,0xF6,0x32,0xFF,0x54,0xFF,0x74,0xFF,0x54,0xFF,0x33,0xFF,0x6D,0xC5,
  0xCD,0xE5,0xAB,0xF5,0xAB,0xB4,0xA4,0x19,0xA6,0x01,0x47,0x09,0x63,0x00,0xA2,0x00,0xA4,0x00,0xA4,0x00,0x83,0x00,0xA4,0x00,
  0xA4,0x00,0x83,0x00,0x83,0x00,0xA3,0x00,0xA3,0x00,0xA4,0x00,0x83,0x00,0xA3,0x00,0xE3,0x08,0xA9,0x7B,0xAD,0xFE,0x6C,0xFE,
  0x4C,0xEE,0x2F,0xFF,0xEE,0xFE,0x6C,0xFE,0x6B,0xFE,0xC8,0xCD,0xEA,0xC5,0x2A,0x55,0x89,0x02,0x4B,0x02,0x4A,0x02,0x4A,0x02,
  0x4A,0x02,0x4A,0x02,0x4A,0x02,0x4A,0x02,0x4A,0x02,0x4A,0x02,0x4A,0x02,0x4A,0x02,0x4A,0x02,0x4A,0x02,0x4A,0x02,0x4A,0x02,
  0x4A,0x02,0x4A,0x02,0x4A,0x02,0x4A,0x02,0x4A,0x02,0x4A,0x02,0x4A,0x02,0x4A,0x02,0x4A,0x02,0x4A,0x02,0x4A,0x02,0x4A,0x02,
  0x4A,0x02,0x4A,0x02,0x4A,0x02,0x4A,0x02,0x4A,0x02,0x4A,0x02,0x4A,0x02,0x4A,0x02,0x4A,0x02,0x6B,0x0A,0x8B,0x0A,0x4A,0x02,
  0x4A,0x02,0x4A,0x02,0x4A,0x02,0x29,0x0A,0x4A,0x02,0x6E,0x02,0x4A,0x1A,0x64,0x21,0x64,0x21,0xA4,0x21,0x43,0x19,0x68,0x42,
  0xC9,0x4A,0x0A,0x5B,0x6C,0x63,0xAD,0x6B,0xEF,0x73,0xCF,0x6B,0xAD,0x63,0x6D,0x4B,0x4C,0x3B,0xEB,0x2A,0x8A,0x1A,0x6A,0x0A,
  0x29,0x02,0x08,0x02,0x08,0x02,0x08,0x02,0xE9,0x01,0x09,0x02,0x2A,0x02,0x2B,0x02,0x4B,0x02,0x4B,0x02,0x6B,0x02,0x6B,0x02,
  0x8B,0x02,0x6B,0x02,0x4A,0x02,0x4A,0x02,0x4A,0x02,0x4A,0x02,0x6B,0x02,0x4A,0x02,0x49,0x02,0x2B,0x02,0xE7,0x42,0xEB,0xE5,
  0xCD,0xFE,0x8A,0xED,0x85,0xDC,0x83,0xD4,0x83,0xD4,0x62,0xCC,0xE1,0xBB,0xA1,0xB3,0xE2,0xB3,0x43,0xBC,0x46,0xDD,0x09,0xFE,
  0xC8,0xFD,0x6B,0xFE,0xCD,0xFE,0x0F,0xFF,0x31,0xFF,0x8D,0xFE,0xC6,0xD4,0xA3,0x9B,0x02,0x73,0x21,0x93,0xC2,0xB3,0x28,0xE5,
  0xAF,0xFE,0xD0,0xFE,0xAD,0xFE,0xCE,0xFE,0x54,0xFF,0x52,0xDE,0x4E,0xEE,0x4D,0xFE,0x6A,0xED,0x8B,0xAC,0x84,0x19,0xA7,0x01,
  0x86,0x09,0x82,0x00,0xA4,0x00,0xC4,0x00,0xA4,0x00,0x83,0x00,0xA4,0x00,0xA4,0x00,0xA3,0x00,0x83,0x00,0xA4,0x00,0xA4,0x00,
  0xA4,0x00,0x63,0x00,0xA4,0x00,0x21,0x11,0x2A,0x94,0xF1,0xFE,0x4B,0xFE,0x4B,0xFE,0x8D,0xFE,0x0F,0xFF,0x6D,0xF6,0xAD,0xFE,
  0x8B,0xF6,0x87,0xCD,0x2B,0xD6,0x4B,0x65,0x8A,0x02,0x4B,0x02,0x4A,0x02,0x4A,0x02,0x4A,0x02,0x4A,0x02,0x4A,0x02,0x4A,0x02,
  0x4A,0x02,0x4A,0x02,0x4A,0x02,0x4A,0x02,0x4A,0x02,0x4A,0x02,0x4A,0x02,0x4A,0x02,0x4A,0x02,0x4A,0x02,0x4A,0x02,0x4A,0x02,
  0x4A,0x02,0x4A,0x02,0x4A,0x02,0x4A,0x02,0x4A,0x02,0x4A,0x02,0x4A,0x02,0x4A,0x02,0x4A,0x02,0x4A,0x02,0x4A,0x02,0x4A,0x02,
  0x4A,0x02,0x4A,0x02,0x4A,0x02,0x4A,0x02,0x4A,0x02,0x6B,0x0A,0x6B,0x0A,0x4A,0x02,0x4A,0x02,0x4A,0x02,0x6B,0x02,0x6A,0x02,
  0x6A,0x02,0x2A,0x02,0x69,0x53,0xC9,0x83,0x48,0x3A,0x89,0x4A,0xC9,0x52,0x27,0x42,0xC6,0x39,0x65,0x29,0x24,0x19,0x24,0x11,
  0x65,0x19,0xA6,0x21,0x08,0x32,0x8A,0x4A,0x2C,0x5B,0x8D,0x6B,0xCE,0x73,0xEF,0x7B,0xEF,0x7B,0xEF,0x73,0xCE,0x6B,0x8D,0x5B,
  0x8D,0x43,0x2C,0x3B,0xEB,0x2A,0x8B,0x1A,0x4A,0x12,0x29,0x0A,0xE8,0x01,0xE8,0x01,0xE8,0x01,0xE8,0x01,0x09,0x02,0x2A,0x02,
  0x2A,0x02,0x6A,0x02,0x6B,0x02,0x6B,0x02,0x8B,0x02,0x4C,0x02,0xC8,0x42,0x8D,0xF6,0xCE,0xFE,0xC8,0xD4,0xC4,0xC3,0x44,0xCC,
  0x83,0xCC,0x84,0xDC,0xC5,0xDC,0xA5,0xD4,0xC2,0xAB,0x81,0xA3,0x06,0xD5,0x6B,0xFE,0x8B,0xFE,0xCE,0xFE,0x4C,0xEE,0x4B,0xF6,
  0xAE,0xFE,0x4B,0xFE,0xE6,0xDC,0xE0,0x82,0xE1,0x82,0xE6,0xDC,0x09,0xFE,0x2C,0xF6,0xF2,0xFE,0x33,0xFF,0xAD,0xEE,0x31,0xFF,
  0x73,0xE6,0xCC,0xAC,0x0C,0xE6,0x8A,0xED,0x48,0xAC,0x83,0x21,0x88,0x01,0xC9,0x09,0x83,0x00,0xA3,0x00,0xC4,0x00,0xA4,0x00,
  0xA4,0x00,0xA4,0x00,0xA4,0x00,0x83,0x00,0xA3,0x00,0xA3,0x00,0x84,0x00,0xA4,0x00,0x62,0x00,0x45,0x21,0xE5,0x21,0xCB,0x9C,
  0xAF,0xFE,0x4C,0xFE,0x4A,0xFE,0x8C,0xFE,0x6B,0xFE,0x6C,0xFE,0x4C,0xF6,0xEE,0xFE,0x8B,0xFE,0xC7,0xD5,0x2A,0xDE,0x6B,0x6D,
  0xAA,0x02,0x2A,0x02,0x4A,0x02,0x4A,0x02,0x4A,0x02,0x4A,0x02,0x4A,0x02,0x4A,0x02,0x4A,0x02,0x4A,0x02,0x4A,0x02,0x4A,0x02,
  0x4A,0x02,0x4A,0x02,0x4A,0x02,0x4A,0x02,0x4A,0x02,0x4A,0x02,0x4A,0x02,0x4A,0x02,0x4A,0x02,0x4A,0x02,0x4A,0x02,0x4A,0x02,
  0x4A,0x02,0x4A,0x02,0x4A,0x02,0x4A,0x02,0x4A,0x02,0x4A,0x02,0x4A,0x02,0x4A,0x02,0x4A,0x02,0x4A,0x02,0x4A,0x02,0x4A,0x02,
  0x4A,0x02,0x4A,0x02,0x4A,0x02,0x4A,0x02,0x4A,0x02,0x4A,0x02,0x4A,0x02,0x6B,0x02,0x6B,0x02,0xE6,0x11,0x2E,0x9D,0x08,0x43,
  0x49,0x12,0x49,0x0A,0x49,0x02,0x89,0x12,0xAA,0x22,0xCA,0x2A,0xEA,0x3A,0xCA,0x42,0x68,0x42,0x07,0x32,0xA5,0x19,0x24,0x19,
  0xC4,0x08,0xC4,0x00,0xC4,0x00,0xE4,0x00,0x24,0x09,0xA6,0x19,0x28,0x2A,0xA9,0x42,0xEA,0x52,0x6C,0x63,0xCD,0x6B,0xED,0x73,
  0x0F,0x74,0x71,0x74,0x51,0x74,0x10,0x6C,0xEF,0x63,0xAE,0x5B,0x6D,0x4B,0x2C,0x43,0xEB,0x32,0xA9,0x22,0x49,0x1A,0x29,0x12,
  0x48,0x02,0xA8,0x01,0xA9,0x73,0xED,0xFE,0x0B,0xFE,0x42,0x9B,0x22,0x9B,0x83,0xAB,0x03,0xBC,0x43,0xCC,0x84,0xD4,0xA5,0xCC,
  0x43,0xBC,0xC2,0xB3,0xE5,0xD4,0x6B,0xFE,0x2A,0xF6,0x45,0xB4,0xE1,0x82,0x27,0xAC,0xF0,0xFE,0x2B,0xF6,0xE8,0xD4,0x05,0x83,
  0x0B,0xC5,0x12,0xFF,0x30,0xFF,0x8C,0xFE,0xA9,0xF5,0x4C,0xFE,0x0F,0xFF,0x32,0xDE,0xCE,0xB4,0x6F,0xEE,0xAB,0xED,0x8A,0xBC,
  0xE5,0x29,0xA8,0x01,0xC7,0x11,0xA3,0x00,0x63,0x00,0xC4,0x00,0xC4,0x00,0x83,0x00,0xA4,0x00,0xA4,0x00,0x83,0x00,0x83,0x00,
  0xA4,0x00,0x83,0x00,0xA4,0x00,0xC4,0x00,0xA2,0x08,0x88,0x52,0x8F,0xBD,0xEF,0xFE,0x2A,0xFE,0x4C,0xFE,0x6C,0xFE,0xAD,0xFE,
  0x0A,0xF6,0x0A,0xFE,0x6C,0xFE,0x0E,0xFF,0x6B,0xFE,0xE8,0xE5,0x2A,0xE6,0x8B,0x75,0xAA,0x02,0x2A,0x02,0x4A,0x02,0x4A,0x02,
  0x4A,0x02,0x4A,0x02,0x4A,0x02,0x4A,0x02,0x4A,0x02,0x4A,0x02,0x4A,0x02,0x4A,0x02,0x4A,0x02,0x4A,0x02,0x4A,0x02,0x4A,0x02,
  0x4A,0x02,0x4A,0x02,0x4A,0x02,0x4A,0x02,0x4A,0x02,0x4A,0x02,0x4A,0x02,0x4A,0x02,0x4A,0x02,0x4A,0x02,0x4A,0x02,0x4A,0x02,
  0x4A,0x02,0x4A,0x02,0x4A,0x02,0x4A,0x02,0x4A,0x02,0x4A,0x02,0x4A,0x02,0x4A,0x02,0x4A,0x02,0x4A,0x02,0x4A,0x02,0x4A,0x02,
  0x4A,0x02,0x4A,0x02,0x4A,0x0A,0x4B,0x0A,0xE9,0x01,0xCD,0x53,0xAC,0x4B,0xE7,0x01,0x6B,0x02,0x6B,0x02,0x6B,0x02,0x6A,0x02,
  0x4A,0x02,0x2A,0x02,0x2A,0x02,0x4A,0x0A,0x6A,0x12,0xAA,0x1A,0xC9,0x2A,0xEA,0x3A,0xEA,0x4A,0xE9,0x4A,0x88,0x4A,0x27,0x42,
  0xE7,0x31,0x24,0x11,0x04,0x01,0x05,0x01,0xE5,0x00,0xC5,0x00,0xE5,0x00,0x05,0x01,0x25,0x09,0x45,0x19,0xA7,0x19,0xC8,0x29,
  0x09,0x3A,0x8A,0x4A,0xEB,0x5A,0x4C,0x63,0xCD,0x6B,0x0E,0x74,0x4F,0x7C,0x70,0x7C,0xB0,0x74,0x50,0x74,0xD2,0xC5,0xF0,0xFE,
  0x8F,0xF6,0xEA,0xBC,0xC9,0xB4,0xA8,0xB4,0x87,0xBC,0x85,0xCC,0x24,0xC4,0x64,0xC4,0x43,0xC4,0x64,0xCC,0xA5,0xD4,0x02,0xB4,
  0x22,0xBC,0x60,0xA3,0x80,0x7A,0x07,0x9C,0x31,0xFF,0xF0,0xFE,0xF2,0xD5,0xE6,0x41,0x44,0x29,0xA7,0x52,0x91,0xDE,0x29,0xFE,
  0xE0,0xE3,0xC4,0xE4,0xA9,0xDD,0xAA,0xB4,0x0F,0xE6,0x48,0xE5,0x09,0xB4,0x84,0x31,0xE5,0x00,0x27,0x01,0x87,0x09,0x24,0x09,
  0x83,0x00,0x84,0x00,0xC4,0x00,0x83,0x00,0x83,0x00,0x83,0x00,0xA4,0x00,0xA4,0x00,0xA4,0x00,0x83,0x00,0xA4,0x00,0xE3,0x00,
  0xE3,0x39,0x4D,0xBD,0x11,0xFF,0x4A,0xF6,0x4A,0xFE,0x6D,0xFE,0x4C,0xFE,0x6C,0xFE,0x4B,0xFE,0x2B,0xFE,0x8C,0xFE,0xCD,0xFE,
  0x4B,0xFE,0xA8,0xED,0x6B,0xEE,0x6B,0x6D,0xAA,0x02,0x4B,0x02,0x4A,0x02,0x4A,0x02,0x4A,0x02,0x4A,0x02,0x4A,0x02,0x4A,0x02,
  0x4A,0x02,0x4A,0x02,0x4A,0x02,0x4A,0x02,0x4A,0x02,0x4A,0x02,0x4A,0x02,0x4A,0x02,0x4A,0x02,0x4A,0x02,0x4A,0x02,0x4A,0x02,
  0x4A,0x02,0x4A,0x02,0x4A,0x02,0x4A,0x02,0x4A,0x02,0x4A,0x02,0x4A,0x02,0x4A,0x02,0x4A,0x02,0x4A,0x02,0x4A,0x02,0x4A,0x02,
  0x4A,0x02,0x4A,0x02,0x4A,0x02,0x4A,0x02,0x4A,0x02,0x4A,0x02,0x4A,0x02,0x4A,0x02,0x4A,0x02,0x4A,0x02,0x4A,0x02,0x29,0x02,
  0x89,0x1A,0x4D,0x33,0x09,0x02,0x4B,0x02,0x4A,0x02,0x4A,0x02,0x4A,0x02,0x4A,0x02,0x4A,0x02,0x4A,0x02,0x4A,0x02,0x4A,0x02,
  0x4A,0x02,0x4B,0x02,0x4B,0x02,0x2A,0x02,0x49,0x02,0x69,0x12,0x89,0x1A,0xC8,0x32,0x2B,0x4B,0x28,0x3A,0x66,0x21,0x87,0x19,
  0x86,0x11,0x66,0x11,0x66,0x09,0x46,0x09,0x26,0x09,0x46,0x09,0x46,0x01,0xE6,0x00,0x25,0x11,0x04,0x01,0xE5,0x00,0xE4,0x00,
  0xE4,0x00,0xE4,0x00,0x04,0x09,0x44,0x11,0x85,0x21,0xE6,0x31,0x07,0x3A,0x27,0x3A,0xC9,0x4A,0x4B,0x63,0xAC,0x6B,0x0D,0x7C,
  0x2D,0x8C,0x6D,0x94,0x8E,0xA4,0x0F,0xB5,0x0F,0xBD,0x6F,0xCD,0xCF,0xCD,0x4D,0xBD,0xCE,0xD5,0xEE,0xDD,0xCF,0xD5,0x0E,0xDE,
  0xF0,0xFE,0xB2,0xF6,0x07,0x42,0x00,0x00,0x42,0x00,0x01,0x00,0x05,0x3A,0x4F,0xE6,0x2C,0xFE,0x2E,0xEE,0xAD,0xCD,0x33,0xF7,
  0x12,0xFF,0x90,0xFE,0x4F,0xBD,0xCC,0x6B,0x31,0xA5,0x6E,0x8C,0x66,0x01,0x25,0x01,0x83,0x00,0x63,0x00,0x63,0x00,0xA3,0x00,
  0x83,0x00,0x83,0x00,0xA4,0x00,0xA3,0x00,0xA3,0x00,0xC4,0x00,0xE4,0x00,0xC5,0x29,0xEF,0xD5,0xCE,0xFE,0xB0,0xFE,0x8B,0xF6,
  0x6B,0xFE,0x6D,0xFE,0x2A,0xFE,0x2A,0xFE,0x0A,0xF6,0x4B,0xFE,0x8C,0xFE,0x6B,0xFE,0x4B,0xFE,0xE9,0xFD,0x6B,0xF6,0x2A,0x5D,
  0x8A,0x02,0x4B,0x02,0x4A,0x02,0x4A,0x02,0x4A,0x02,0x4A,0x02,0x4A,0x02,0x4A,0x02,0x4A,0x02,0x4A,0x02,0x4A,0x02,0x4A,0x02,
  0x4A,0x02,0x4A,0x02,0x4A,0x02,0x4A,0x02,0x4A,0x02,0x4A,0x02,0x4A,0x02,0x4A,0x02,0x4A,0x02,0x4A,0x02,0x4A,0x02,0x4A,0x02,
  0x4A,0x02,0x4A,0x02,0x4A,0x02,0x4A,0x02,0x4A,0x02,0x4A,0x02,0x4A,0x02,0x4A,0x02,0x4A,0x02,0x4A,0x02,0x4A,0x02,0x4A,0x02,
  0x4A,0x02,0x4A,0x02,0x4A,0x02,0x4A,0x02,0x4A,0x02,0x4A,0x02,0x4A,0x02,0x4A,0x02,0x4A,0x0A,0x29,0x02,0x4A,0x02,0x4B,0x02,
  0x4A,0x02,0x4A,0x02,0x4A,0x02,0x4A,0x02,0x4A,0x02,0x4A,0x02,0x4A,0x02,0x4A,0x02,0x4A,0x02,0x4A,0x02,0x4A,0x02,0x6B,0x02,
  0x6B,0x02,0x4A,0x02,0x4B,0x02,0x4C,0x02,0x2A,0x02,0x2A,0x0A,0x4A,0x1A,0x49,0x1A,0x48,0x1A,0x28,0x22,0x07,0x22,0xC6,0x19,
  0x86,0x11,0x45,0x01,0x44,0x11,0x07,0x3A,0x65,0x19,0x45,0x01,0x46,0x09,0x47,0x09,0x46,0x09,0x26,0x09,0x26,0x01,0x05,0x01,
  0x25,0x01,0x06,0x01,0x06,0x01,0x06,0x01,0xE6,0x00,0xC5,0x00,0xC4,0x00,0xC4,0x00,0xC4,0x00,0xE5,0x00,0x05,0x01,0x25,0x01,
  0x65,0x09,0x45,0x11,0x66,0x19,0xC7,0x21,0xE8,0x29,0x29,0x32,0x48,0x42,0x8F,0xC5,0x11,0xFF,0x6D,0xCD,0xC2,0x18,0x61,0x00,
  0x62,0x00,0x64,0x00,0x62,0x00,0x90,0x84,0x93,0xA5,0x10,0x9D,0x32,0xA5,0x11,0xA5,0x11,0xA5,0x50,0xA5,0xAF,0x9C,0xAA,0x4A,
  0x6F,0x8C,0x6F,0x8C,0x61,0x00,0xA3,0x00,0x63,0x00,0x63,0x00,0x63,0x00,0x83,0x00,0xA4,0x00,0xA4,0x00,0x83,0x00,0xA3,0x00,
  0xA4,0x00,0x05,0x01,0xC6,0x29,0x74,0xDE,0x12,0xFF,0x4C,0xFE,0xD0,0xFE,0xD0,0xFE,0xB0,0xFE,0x4D,0xFE,0x49,0xFE,0x0A,0xFE,
  0xEA,0xFD,0x2B,0xFE,0x4B,0xFE,0x2B,0xFE,0x4B,0xFE,0xC9,0xFD,0x4A,0xF6,0x2A,0x65,0xAA,0x02,0x4B,0x02,0x4A,0x02,0x4A,0x02,
  0x4A,0x02,0x4A,0x02,0x4A,0x02,0x4A,0x02,0x4A,0x02,0x4A,0x02,0x4A,0x02,0x4A,0x02,0x4A,0x02,0x4A,0x02,0x4A,0x02,0x4A,0x02,
  0x4A,0x02,0x4A,0x02,0x4A,0x02,0x4A,0x02,0x4A,0x02,0x4A,0x02,0x4A,0x02,0x4A,0x02,0x4A,0x02,0x4A,0x02,0x4A,0x02,0x4A,0x02,
  0x4A,0x02,0x4A,0x02,0x4A,0x02,0x4A,0x02,0x4A,0x02,0x4A,0x02,0x4A,0x02,0x4A,0x02,0x4A,0x02,0x4A,0x02,0x4A,0x02,0x4A,0x02,
  0x4A,0x02,0x4A,0x02,0x4B,0x02,0x4B,0x02,0x4A,0x02,0x4A,0x02,0x4B,0x02,0x4B,0x02,0x4A,0x02,0x4A,0x02,0x4A,0x02,0x4A,0x02,
  0x4A,0x02,0x4A,0x02,0x4A,0x02,0x4A,0x02,0x4A,0x02,0x4A,0x02,0x4A,0x02,0x4B,0x02,0x4B,0x02,0x6B,0x02,0x4B,0x02,0x4A,0x0A,
  0x4A,0x02,0x6B,0x02,0x6B,0x02,0x6B,0x02,0x4A,0x02,0x6A,0x0A,0x6A,0x0A,0x6A,0x12,0x49,0x1A,0x69,0x3A,0x68,0x52,0xC5,0x31,
  0x04,0x09,0x05,0x01,0x04,0x01,0x04,0x09,0x45,0x11,0x46,0x19,0x46,0x11,0x45,0x11,0x45,0x09,0x26,0x09,0x26,0x01,0x46,0x09,
  0x24,0x01,0x45,0x09,0x65,0x09,0x24,0x01,0x45,0x01,0x45,0x01,0x45,0x01,0x25,0x01,0x24,0x01,0x05,0x01,0x05,0x01,0xE5,0x00,
  0x06,0x01,0xA3,0x00,0x45,0x4A,0xAF,0xEE,0x6D,0xF6,0x0C,0xCD,0xE7,0x49,0x01,0x00,0x83,0x00,0x64,0x00,0x22,0x00,0x0B,0x5B,
  0x44,0x19,0x62,0x00,0x83,0x00,0x63,0x00,0x83,0x00,0x83,0x00,0x83,0x00,0xE5,0x00,0xA4,0x00,0x83,0x00,0xA4,0x00,0x63,0x00,
  0x63,0x00,0x63,0x00,0x63,0x00,0x83,0x00,0xA4,0x00,0xA4,0x00,0xA3,0x00,0xC4,0x00,0x46,0x11,0xC7,0x19,0x64,0x21,0xAD,0xA4,
  0xB1,0xF6,0x8E,0xFE,0xF0,0xFE,0x13,0xFF,0x91,0xFE,0x2C,0xFE,0x4A,0xFE,0xEA,0xFD,0x0A,0xFE,0x2B,0xFE,0x2B,0xFE,0x4B,0xFE,
  0x4B,0xFE,0xA8,0xFD,0x4B,0xF6,0x6B,0x6D,0x8A,0x02,0x4B,0x02,0x4A,0x02,0x4A,0x02,0x4A,0x02,0x4A,0x02,0x4A,0x02,0x4A,0x02,
  0x4A,0x02,0x4A,0x02,0x4A,0x02,0x8B,0x0A,0x4A,0x02,0x4A,0x02,0x4A,0x02,0x4A,0x02,0x4A,0x02,0x4A,0x02,0x6B,0x0A,0x8B,0x0A,
  0x4A,0x02,0x4A,0x02,0x4A,0x02,0x4A,0x02,0x4A,0x02,0x4A,0x02,0x4A,0x02,0x4A,0x02,0x4A,0x02,0x4A,0x02,0x4A,0x02,0x4A,0x02,
  0x4A,0x02,0x4A,0x02,0x4A,0x02,0x4A,0x02,0x4A,0x02,0x4A,0x02,0x4A,0x02,0x4A,0x02,0x4A,0x02,0x4A,0x02,0x4A,0x02,0x4A,0x02,
  0x4B,0x02,0x4B,0x02,0x4A,0x02,0x4A,0x02,0x4A,0x02,0x4A,0x02,0x4A,0x02,0x4A,0x02,0x4A,0x02,0x4A,0x02,0x4A,0x02,0x4A,0x02,
  0x4A,0x02,0x4A,0x02,0x4B,0x02,0x4A,0x02,0x4A,0x02,0x4A,0x02,0x4A,0x02,0x69,0x02,0x6A,0x02,0x4A,0x02,0x2B,0x0A,0x2B,0x0A,
  0x6A,0x02,0x4A,0x02,0x4B,0x02,0x4B,0x02,0x28,0x0A,0xCC,0x6B,0x28,0x3A,0x08,0x12,0x4A,0x0A,0x09,0x12,0x08,0x12,0xE7,0x11,
  0xA6,0x11,0x86,0x19,0x86,0x19,0xA6,0x21,0xA6,0x21,0xA7,0x21,0xA7,0x21,0x05,0x09,0x26,0x19,0x88,0x21,0x26,0x11,0x05,0x09,
  0xE5,0x08,0xE5,0x00,0xE5,0x00,0x06,0x09,0x06,0x09,0x06,0x01,0x05,0x01,0x03,0x11,0x26,0x01,0x03,0x09,0x2D,0xC5,0xEB,0xF5,
  0x8B,0xD5,0x48,0x7B,0x2B,0x6B,0x44,0x21,0x22,0x00,0x02,0x00,0x41,0x08,0xEE,0x73,0x45,0x19,0x05,0x01,0x26,0x01,0x26,0x01,
  0x26,0x01,0x26,0x09,0x45,0x01,0x03,0x01,0xA2,0x00,0xC2,0x00,0x82,0x00,0x83,0x00,0x83,0x00,0x63,0x00,0x83,0x00,0x83,0x00,
  0x83,0x00,0xA4,0x00,0xC4,0x00,0xE5,0x08,0xA7,0x21,0x04,0x11,0x86,0x21,0xC1,0x10,0xE9,0x93,0x8F,0xF6,0x11,0xFF,0x91,0xF6,
  0x6D,0xF6,0x6B,0xF6,0x8E,0xFE,0x2B,0xFE,0x2A,0xFE,0x4B,0xFE,0x2A,0xFE,0x6B,0xFE,0x2B,0xF6,0xCA,0xF5,0x4C,0xF6,0x2A,0x65,
  0x6A,0x02,0x4B,0x02,0x4A,0x02,0x4A,0x02,0x4A,0x02,0x4A,0x02,0x4A,0x02,0x4A,0x02,0x4A,0x02,0x4A,0x02,0x4A,0x02,0x6B,0x0A,
  0x4A,0x02,0x4A,0x02,0x4A,0x02,0x4A,0x02,0x4A,0x02,0x4A,0x02,0x4A,0x02,0x4A,0x02,0x4A,0x02,0x4A,0x02,0x4A,0x02,0x4A,0x02,
  0x4A,0x02,0x4A,0x02,0x4A,0x02,0x4A,0x02,0x4A,0x02,0x4A,0x02,0x4A,0x02,0x4A,0x02,0x4A,0x02,0x4A,0x02,0x4A,0x02,0x4A,0x02,
  0x4A,0x02,0x4A,0x02,0x4A,0x02,0x4A,0x02,0x4A,0x02,0x4A,0x02,0x4A,0x02,0x4A,0x02,0x4A,0x02,0x4A,0x02,0x4A,0x02,0x4A,0x02,
  0x4A,0x02,0x4A,0x02,0x4A,0x02,0x4A,0x02,0x4A,0x02,0x4A,0x02,0x4A,0x02,0x4A,0x02,0x4A,0x02,0x4A,0x02,0x4A,0x02,0x4A,0x02,
  0x4A,0x02,0x4A,0x02,0x4A,0x02,0x4B,0x02,0x6B,0x02,0x6A,0x02,0x6A,0x02,0x4A,0x02,0x4A,0x02,0x4A,0x02,0x4A,0x02,0x2A,0x02,
  0xAA,0x12,0x2A,0x33,0x09,0x12,0x6B,0x02,0x6B,0x02,0x4B,0x02,0x6A,0x02,0x6A,0x0A,0x4A,0x0A,0x49,0x12,0x09,0x12,0xC8,0x19,
  0xA7,0x11,0xA7,0x11,0x45,0x11,0x65,0x21,0x08,0x32,0x04,0x11,0x04,0x09,0x66,0x11,0x87,0x11,0xA6,0x11,0x86,0x11,0x65,0x11,
  0x44,0x09,0x25,0x09,0x06,0x01,0xE4,0x08,0xC4,0x00,0xE9,0x52,0x2F,0xFE,0xEA,0xD4,0x47,0x73,0x27,0x32,0xA6,0x21,0xA8,0x42,
  0x28,0x3A,0xC7,0x39,0xEC,0x5A,0x49,0x3A,0xC4,0x00,0x05,0x09,0x05,0x01,0x25,0x01,0x05,0x01,0x06,0x09,0xE6,0x08,0x63,0x00,
  0x63,0x00,0x64,0x00,0x63,0x00,0x63,0x00,0x83,0x00,0x83,0x00,0x83,0x00,0x83,0x00,0x83,0x00,0x83,0x00,0x83,0x00,0xA3,0x00,
  0x83,0x00,0xA2,0x00,0x66,0x09,0x66,0x11,0x87,0x52,0xE9,0x9B,0x8D,0xDD,0x12,0xFF,0xAD,0xFE,0x4C,0xF6,0x6F,0xFE,0x2B,0xFE,
  0x2A,0xFE,0x6C,0xFE,0xCF,0xFE,0x6F,0xF6,0x8F,0xF6,0x6C,0xFE,0x6B,0xE6,0x6A,0x44,0x2A,0x02,0x6B,0x02,0x4A,0x02,0x4A,0x02,
  0x4A,0x02,0x4A,0x02,0x4A,0x02,0x4A,0x02,0x4A,0x02,0x4A,0x02,0x4A,0x02,0x4A,0x02,0x4A,0x02,0x4A,0x02,0x4A,0x02,0x4A,0x02,
  0x4A,0x02,0x4A,0x02,0x4A,0x02,0x4A,0x02,0x4A,0x02,0x4A,0x02,0x4A,0x02,0x4A,0x02,0x4A,0x02,0x4A,0x02,0x4A,0x02,0x4A,0x02,
  0x4A,0x02,0x4A,0x02,0x4A,0x02,0x4A,0x02,0x4A,0x02,0x4A,0x02,0x4A,0x02,0x4A,0x02,0x4A,0x02,0x4A,0x02,0x4A,0x02,0x4A,0x02,
  0x4A,0x02,0x4A,0x02,0x4A,0x02,0x4A,0x02,0x4A,0x02,0x4A,0x02,0x4A,0x02,0x4A,0x02,0x4A,0x02,0x4A,0x02,0x4A,0x02,0x4A,0x02,
  0x4A,0x02,0x4A,0x02,0x4A,0x02,0x4A,0x02,0x4A,0x02,0x4A,0x02,0x4A,0x02,0x4A,0x02,0x4A,0x02,0x4A,0x02,0x4A,0x02,0x4A,0x02,
  0x4A,0x02,0x4A,0x02,0x4A,0x02,0x4A,0x02,0x4A,0x02,0x4A,0x02,0x4A,0x02,0x4A,0x02,0x4B,0x02,0x4B,0x02,0x4B,0x02,0x4A,0x02,
  0x4A,0x02,0x4A,0x02,0x4A,0x02,0x4A,0x02,0x4A,0x02,0x4A,0x02,0x4B,0x02,0x6A,0x02,0x6A,0x0A,0x2A,0x0A,0x0C,0x4B,0x47,0x4A,
  0x85,0x29,0x64,0x19,0x44,0x11,0x23,0x11,0xA2,0x00,0xA2,0x00,0xE3,0x08,0x05,0x09,0x25,0x09,0x46,0x11,0x66,0x19,0x47,0x11,
  0x24,0x11,0x0D,0xBD,0xEA,0xCC,0xE7,0x6A,0xE5,0x31,0x86,0x11,0x45,0x09,0x04,0x09,0x85,0x19,0x86,0x29,0x66,0x21,0xE4,0x08,
  0x25,0x01,0x25,0x01,0x25,0x01,0x25,0x01,0x25,0x01,0x25,0x01,0x83,0x00,0x83,0x00,0x63,0x00,0x42,0x00,0x62,0x00,0x62,0x00,
  0x42,0x00,0x62,0x00,0x83,0x00,0x83,0x00,0x83,0x00,0x83,0x00,0x63,0x00,0x83,0x00,0x83,0x00,0x25,0x01,0x26,0x01,0x25,0x01,
  0xE4,0x08,0xC6,0x31,0xE8,0x72,0xAA,0xAC,0xD0,0xF6,0xCF,0xFE,0x2B,0xFE,0x2B,0xF6,0x8D,0xFE,0xD2,0xEE,0x6A,0x6B,0x24,0x29,
  0x05,0x42,0x0B,0xB5,0x8E,0xD6,0xAB,0x23,0x4A,0x02,0x6A,0x02,0x4A,0x02,0x4A,0x02,0x4A,0x02,0x4A,0x02,0x4A,0x02,0x4A,0x02,
  0x4A,0x02,0x4A,0x02,0x4A,0x02,0x4A,0x02,0x4A,0x02,0x4A,0x02,0x4A,0x02,0x4A,0x02,0x4A,0x02,0x4A,0x02,0x4A,0x02,0x4A,0x02,
  0x4A,0x02,0x4A,0x02,0x4A,0x02,0x4A,0x02,0x4A,0x02,0x4A,0x02,0x4A,0x02,0x4A,0x02,0x4A,0x02,0x4A,0x02,0x4A,0x02,0x4A,0x02,
  0x4A,0x02,0x4A,0x02,0x4A,0x02,0x4A,0x02,0x4A,0x02,0x4A,0x02,0x4A,0x02,0x4A,0x02,0x4A,0x02,0x4A,0x02,0x4A,0x02,0x4A,0x02,
  0x4A,0x02,0x4A,0x02,0x4A,0x02,0x4A,0x02,0x4A,0x02,0x4A,0x02,0x4A,0x02,0x4A,0x02,0x4A,0x02,0x4A,0x02,0x4A,0x02,0x4A,0x02,
  0x4A,0x02,0x4A,0x02,0x4A,0x02,0x4A,0x02,0x4A,0x02,0x4A,0x02,0x4A,0x02,0x4A,0x02,0x4A,0x02,0x4A,0x02,0x4A,0x02,0x4A,0x02,
  0x4A,0x02,0x4A,0x02,0x4A,0x02,0x4A,0x02,0x4A,0x02,0x4A,0x02,0x4A,0x02,0x4A,0x02,0x4A,0x02,0x4A,0x02,0x4A,0x02,0x4A,0x02,
  0x4A,0x02,0x4A,0x02,0x4A,0x02,0x6A,0x02,0x6A,0x02,0x69,0x0A,0x6B,0x53,0x44,0x5A,0xE7,0x62,0x09,0x4B,0xC9,0x42,0xAD,0x94,
  0x87,0x83,0x64,0x5A,0xC4,0x31,0x23,0x11,0xE3,0x08,0x82,0x00,0x81,0x00,0x46,0x01,0x68,0x42,0x0B,0xD5,0x07,0x6B,0x08,0x2A,
  0x65,0x19,0x45,0x11,0x04,0x09,0x25,0x11,0xC5,0x08,0x24,0x11,0xE6,0x29,0x05,0x09,0x27,0x01,0x25,0x01,0x25,0x01,0x25,0x09,
  0x05,0x09,0xA3,0x00,0x83,0x00,0x83,0x00,0x63,0x00,0x63,0x00,0x63,0x00,0x62,0x00,0x62,0x00,0x63,0x00,0x63,0x00,0x83,0x00,
  0x83,0x00,0x83,0x00,0x63,0x00,0x84,0x00,0x06,0x09,0x45,0x09,0x46,0x01,0x46,0x01,0x25,0x01,0xE4,0x00,0x45,0x11,0x66,0x3A,
  0x09,0x84,0x0F,0xE6,0x2B,0xFE,0xAF,0xF6,0x34,0xFF,0xCD,0x83,0x01,0x00,0x42,0x00,0x23,0x00,0x83,0x10,0x6E,0x84,0x2B,0x1B,
  0x89,0x02,0x6A,0x02,0x4A,0x02,0x4A,0x02,0x4A,0x02,0x4A,0x02,0x4A,0x02,0x4A,0x02,0x4A,0x02,0x4A,0x02,0x4A,0x02,0x4A,0x02,
  0x4A,0x02,0x4A,0x02,0x4A,0x02,0x4A,0x02,0x4A,0x02,0x4A,0x02,0x4A,0x02,0x4A,0x02,0x4A,0x02,0x4A,0x02,0x4A,0x02,0x4A,0x02,
  0x4A,0x02,0x4A,0x02,0x4A,0x02,0x4A,0x02,0x4A,0x02,0x4A,0x02,0x4A,0x02,0x4A,0x02,0x4A,0x02,0x4A,0x02,0x4A,0x02,0x4A,0x02,
  0x4A,0x02,0x4A,0x02,0x4A,0x02,0x4A,0x02,0x4A,0x02,0x4A,0x02,0x4A,0x02,0x4A,0x02,0x4A,0x02,0x4A,0x02,0x4A,0x02,0x4A,0x02,
  0x4A,0x02,0x4A,0x02,0x4A,0x02,0x4A,0x02,0x4A,0x02,0x4A,0x02,0x4A,0x02,0x4A,0x02,0x4A,0x02,0x4A,0x02,0x4A,0x02,0x4A,0x02,
  0x4A,0x02,0x4A,0x02,0x8B,0x0A,0x6B,0x02,0x4A,0x02,0x4A,0x02,0x4A,0x02,0x4A,0x02,0x4A,0x02,0x4A,0x02,0x4A,0x02,0x4A,0x02,
  0x4A,0x02,0x6A,0x02,0x6A,0x02,0x6A,0x02,0x4A,0x02,0x4A,0x02,0x4A,0x02,0x4A,0x02,0x4A,0x02,0x4A,0x02,0x4A,0x02,0x4B,0x02,
  0x4A,0x02,0x6A,0x12,0x29,0x63,0x08,0xAC,0x89,0x83,0xC9,0x4A,0xCA,0x42,0xE7,0x5A,0x4C,0xCD,0x25,0xC4,0x26,0xB4,0x07,0xAC,
  0xA6,0x9B,0x05,0x83,0x48,0x42,0x25,0x01,0x68,0x83,0xEA,0x93,0xE5,0x39,0xA6,0x21,0x45,0x11,0x25,0x11,0x26,0x09,0xE5,0x00,
  0x24,0x21,0x0A,0x5B,0xC5,0x31,0x24,0x11,0x05,0x09,0x25,0x01,0x25,0x01,0x05,0x09,0xA4,0x00,0x63,0x00,0x83,0x00,0x83,0x00,
  0x83,0x00,0x83,0x00,0x63,0x00,0x42,0x00,0x62,0x00,0x63,0x00,0x63,0x00,0x63,0x00,0x63,0x00,0x62,0x00,0x83,0x00,0x26,0x11,
  0x47,0x09,0x46,0x09,0x46,0x01,0x46,0x01,0x26,0x01,0x26,0x01,0xE6,0x00,0xE4,0x00,0xC7,0x29,0xA7,0x5A,0x8E,0xCD,0x32,0xFF,
  0x52,0xF6,0x48,0x5A,0x02,0x00,0x83,0x00,0x82,0x00,0x22,0x00,0x68,0x52,0x6E,0x3B,0x29,0x02,0x6A,0x0A,0x6B,0x02,0x4A,0x02,
  0x4A,0x02,0x4A,0x02,0x4A,0x02,0x4A,0x02,0x4A,0x02,0x4A,0x02,0x4A,0x02,0x4A,0x02,0x4A,0x02,0x4A,0x02,0x4A,0x02,0x4A,0x02,
  0x4A,0x02,0x4A,0x02,0x4A,0x02,0x4A,0x02,0x4A,0x02,0x4A,0x02,0x4A,0x02,0x4A,0x02,0x4A,0x02,0x4A,0x02,0x4A,0x02,0x4A,0x02,
  0x4A,0x02,0x4A,0x02,0x4A,0x02,0x4A,0x02,0x4A,0x02,0x4A,0x02,0x4A,0x02,0x4A,0x02,0x4A,0x02,0x4A,0x02,0x4A,0x02,0x4A,0x02,
  0x4A,0x02,0x4A,0x02,0x4A,0x02,0x4A,0x02,0x4A,0x02,0x4A,0x02,0x4A,0x02,0x4A,0x02,0x4A,0x02,0x4A,0x02,0x4A,0x02,0x4A,0x02,
  0x4A,0x02,0x4A,0x02,0x4A,0x02,0x4A,0x02,0x4A,0x02,0x4A,0x02,0x4A,0x02,0x4A,0x02,0x4A,0x02,0x4A,0x02,0x4A,0x02,0x4A,0x02,
  0x4A,0x02,0x4A,0x02,0x4A,0x02,0x4A,0x02,0x4A,0x02,0x4A,0x02,0x4A,0x02,0x4A,0x02,0x4A,0x02,0x6B,0x02,0x6B,0x02,0x6A,0x02,
  0x6A,0x02,0x4A,0x02,0x4A,0x02,0x4A,0x02,0x4A,0x02,0x4A,0x02,0x4A,0x02,0x2A,0x0A,0x6B,0x02,0xE9,0x01,0xCB,0x7B,0x07,0xAC,
  0x47,0x7B,0x87,0x52,0x0B,0x53,0x67,0x32,0x68,0x63,0x0B,0xCD,0xA2,0xB3,0x22,0xD4,0x26,0xED,0xCB,0xE5,0x46,0x42,0x46,0x4A,
  0x07,0x73,0xE6,0x31,0x65,0x19,0x65,0x19,0x46,0x09,0x26,0x01,0xE4,0x08,0x27,0x42,0x0A,0x6B,0xE2,0x18,0x04,0x19,0x25,0x11,
  0xA3,0x00,0x05,0x09,0xA3,0x00,0x83,0x00,0x83,0x00,0xA3,0x00,0xA3,0x00,0x83,0x00,0x83,0x00,0x63,0x00,0x42,0x00,0x62,0x00,
  0x83,0x00,0x83,0x00,0x83,0x00,0x83,0x00,0x42,0x00,0x82,0x08,0xE7,0x31,0x45,0x11,0x46,0x01,0x66,0x01,0x66,0x09,0x45,0x09,
  0x25,0x01,0x05,0x01,0xE5,0x08,0x05,0x01,0x22,0x00,0x47,0x4A,0xB2,0xEE,0x2F,0xF6,0xEB,0xCC,0x8A,0x83,0x42,0x00,0xC4,0x08,
  0x62,0x00,0x02,0x00,0x26,0x52,0x8D,0x4B,0x0A,0x02,0x6B,0x0A,0x6B,0x02,0x4A,0x02,0x4A,0x02,0x4A,0x02,0x4A,0x02,0x4A,0x02,
  0x4A,0x02,0x4A,0x02,0x4A,0x02,0x4A,0x02,0x4A,0x02,0x4A,0x02,0x4A,0x02,0x4A,0x02,0x4A,0x02,0x4A,0x02,0x4A,0x02,0x4A,0x02,
  0x4A,0x02,0x4A,0x02,0x4A,0x02,0x4A,0x02,0x4A,0x02,0x4A,0x02,0x4A,0x02,0x4A,0x02,0x4A,0x02,0x4A,0x02,0x4A,0x02,0x4A,0x02,
  0x4A,0x02,0x4A,0x02,0x4A,0x02,0x4A,0x02,0x4A,0x02,0x4A,0x02,0x4A,0x02,0x4A,0x02,0x4A,0x02,0x4A,0x02,0x4A,0x02,0x4A,0x02,
  0x4A,0x02,0x4A,0x02,0x4A,0x02,0x4A,0x02,0x4A,0x02,0x4A,0x02,0x4A,0x02,0x4A,0x02,0x4A,0x02,0x4A,0x02,0x4A,0x02,0x4A,0x02,
  0x4A,0x02,0x4A,0x02,0x4A,0x02,0x4A,0x02,0x4A,0x02,0x4A,0x02,0x4A,0x02,0x4A,0x02,0x4A,0x02,0x4A,0x02,0x4A,0x02,0x4A,0x02,
  0x4A,0x02,0x4A,0x02,0x4A,0x02,0x4A,0x02,0x4A,0x02,0x6A,0x02,0x6A,0x02,0x6A,0x02,0x4A,0x02,0x4A,0x02,0x4A,0x02,0x4A,0x02,
  0x4A,0x02,0x4A,0x02,0x4A,0x02,0x4A,0x02,0x6B,0x02,0x2A,0x02,0x49,0x4B,0x26,0xB4,0x65,0x83,0xC7,0x5A,0xC9,0x4A,0x0A,0x43,
  0x67,0x2A,0x0C,0x74,0x4B,0xC5,0xE5,0xE4,0x6A,0xFE,0xA9,0xB4,0x65,0x5A,0xED,0xE5,0xA7,0x7B,0xCB,0x7B,0x65,0x21,0xE3,0x08,
  0xE4,0x08,0xA6,0x21,0xE9,0x62,0x67,0x5A,0x03,0x11,0x83,0x00,0xC5,0x00,0xC4,0x00,0x45,0x09,0xC4,0x08,0x62,0x00,0x83,0x00,
  0x83,0x00,0x83,0x00,0x63,0x00,0x63,0x00,0x83,0x00,0x63,0x00,0x62,0x00,0x42,0x00,0x62,0x00,0x63,0x00,0xA4,0x00,0x43,0x00,
  0xE3,0x18,0xAA,0x4A,0x86,0x21,0x46,0x11,0x47,0x09,0x46,0x01,0x46,0x01,0x46,0x09,0x25,0x01,0x04,0x09,0xE5,0x00,0xE4,0x00,
  0x82,0x00,0xED,0xB4,0xAB,0xDD,0x49,0xA4,0xE6,0x72,0x69,0x6B,0xEA,0x4A,0xA4,0x08,0x23,0x00,0x01,0x00,0xAB,0x7B,0xED,0x63,
  0x28,0x12,0x2A,0x02,0x4A,0x02,0x6B,0x02,0x6B,0x02,0x4B,0x02,0x4A,0x02,0x4A,0x02,0x4A,0x02,0x4A,0x02,0x4B,0x02,0x4B,0x02,
  0x4A,0x02,0x4A,0x02,0x4A,0x02,0x4A,0x02,0x4A,0x02,0x4A,0x02,0x4A,0x02,0x4A,0x02,0x4A,0x02,0x4A,0x02,0x4A,0x02,0x4A,0x02,
  0x4A,0x02,0x4A,0x02,0x4A,0x02,0x4A,0x02,0x4A,0x02,0x4A,0x02,0x4A,0x02,0x4A,0x02,0x4A,0x02,0x4A,0x02,0x4A,0x02,0x4A,0x02,
  0x4A,0x02,0x4A,0x02,0x4A,0x02,0x4A,0x02,0x4A,0x02,0x4A,0x02,0x4A,0x02,0x4A,0x02,0x4A,0x02,0x4A,0x02,0x4A,0x02,0x4A,0x02,
  0x4A,0x02,0x4A,0x02,0x4A,0x02,0x4A,0x02,0x4A,0x02,0x4A,0x02,0x4A,0x02,0x4A,0x02,0x4A,0x02,0x4A,0x02,0x4A,0x02,0x4A,0x02,
  0x4A,0x02,0x4A,0x02,0x4A,0x02,0x4A,0x02,0x4A,0x02,0x4A,0x02,0x4A,0x02,0x4A,0x02,0x4A,0x02,0x4A,0x02,0x4A,0x02,0x4A,0x02,
  0x4A,0x02,0x4A,0x02,0x4A,0x02,0x4A,0x02,0x4A,0x02,0x4A,0x02,0x6B,0x02,0x6B,0x02,0x4A,0x02,0x4A,0x02,0x4A,0x02,0x4B,0x02,
  0x69,0x02,0x49,0x02,0x0A,0x33,0x86,0xCC,0xED,0xE5,0x69,0x63,0x87,0x42,0xC8,0x4A,0xE9,0x42,0x67,0x32,0xAC,0x94,0x0B,0xF6,
  0xE9,0xFD,0xAB,0xDD,0x2D,0xEE,0x2C,0xFE,0x53,0xFF,0x52,0xDE,0x6A,0xAC,0xE9,0xA3,0xEB,0x93,0xE8,0x62,0x06,0x32,0x05,0x01,
  0x26,0x01,0x26,0x01,0x05,0x01,0x45,0x09,0xC7,0x21,0xA3,0x00,0x83,0x00,0x63,0x00,0x42,0x00,0x43,0x00,0x42,0x00,0x63,0x00,
  0x63,0x00,0x83,0x00,0x83,0x00,0x63,0x08,0x62,0x00,0xA3,0x00,0x62,0x00,0x65,0x29,0xE9,0x62,0x23,0x19,0xA2,0x00,0x85,0x19,
  0xE5,0x31,0xE5,0x21,0x46,0x09,0x26,0x01,0xE5,0x00,0xC5,0x00,0xC5,0x00,0xC5,0x00,0x85,0x21,0x2C,0x9C,0x27,0x7B,0xA7,0x52,
  0xC8,0x31,0x45,0x19,0xA7,0x42,0x89,0x4A,0xE8,0x39,0xAA,0x52,0x4B,0x6B,0x67,0x4A,0x4C,0x5B,0x2C,0x4B,0xAB,0x32,0x49,0x12,
  0x29,0x02,0x4A,0x02,0x6A,0x02,0x6B,0x02,0x4A,0x02,0x4B,0x02,0x4B,0x02,0x4B,0x02,0x4B,0x02,0x4A,0x02,0x4A,0x02,0x4A,0x02,
  0x4A,0x02,0x4A,0x02,0x4A,0x02,0x4A,0x02,0x4A,0x02,0x4A,0x02,0x4A,0x02,0x4A,0x02,0x4A,0x02,0x4A,0x02,0x4A,0x02,0x4A,0x02,
  0x4A,0x02,0x4A,0x02,0x4A,0x02,0x4A,0x02,0x4A,0x02,0x4A,0x02,0x4A,0x02,0x4A,0x02,0x4A,0x02,0x4A,0x02,0x4A,0x02,0x4A,0x02,
  0x4A,0x02,0x4A,0x02,0x4A,0x02,0x4A,0x02,0x4A,0x02,0x4A,0x02,0x4A,0x02,0x4A,0x02,0x4A,0x02,0x4A,0x02,0x4A,0x02,0x4A,0x02,
  0x4A,0x02,0x4A,0x02,0x4A,0x02,0x4A,0x02,0x4A,0x02,0x4A,0x02,0x4A,0x02,0x4A,0x02,0x4A,0x02,0x4A,0x02,0x4A,0x02,0x4A,0x02,
  0x4A,0x02,0x4A,0x02,0x4A,0x02,0x4A,0x02,0x4A,0x02,0x4A,0x02,0x4A,0x02,0x4A,0x02,0x4A,0x02,0x4A,0x02,0x4A,0x02,0x4A,0x02,
  0x4A,0x02,0x4A,0x02,0x6B,0x02,0x6B,0x02,0x4A,0x02,0x4A,0x02,0x4A,0x02,0x4B,0x02,0x6A,0x02,0x4A,0x02,0xA9,0x22,0x6B,0xE5,
  0x6B,0xDD,0xEA,0x83,0x86,0x42,0xA8,0x42,0xC9,0x42,0xA9,0x3A,0x87,0x32,0x2D,0xAD,0x2C,0xF6,0x4B,0xFE,0x4A,0xFE,0xF3,0xFE,
  0x70,0xD5,0x4B,0xC5,0x8B,0xFE,0x4E,0xFE,0x08,0x6B,0x03,0x01,0x25,0x01,0x06,0x01,0x05,0x01,0x05,0x01,0x05,0x09,0xE8,0x21,
  0x04,0x09,0xA3,0x00,0xA3,0x00,0x83,0x00,0x63,0x00,0x63,0x00,0x63,0x00,0x63,0x00,0x63,0x00,0x83,0x00,0x83,0x00,0x82,0x00,
  0x83,0x00,0x42,0x00,0xE6,0x39,0x2A,0x63,0xC3,0x08,0x83,0x00,0x05,0x09,0x04,0x09,0x65,0x19,0x25,0x11,0xE6,0x10,0xA3,0x08,
  0xE3,0x00,0x25,0x01,0x25,0x01,0x04,0x01,0x27,0x3A,0xC9,0x5A,0xE7,0x31,0xA7,0x21,0x47,0x11,0x46,0x09,0x03,0x01,0x84,0x11,
  0xA6,0x29,0xC6,0x31,0x44,0x21,0xE4,0x08,0x46,0x19,0xE6,0x39,0xA9,0x52,0x4C,0x53,0x2C,0x43,0xAA,0x2A,0x2A,0x02,0x2A,0x02,
  0x4A,0x02,0x6B,0x02,0x6B,0x02,0x4B,0x02,0x4B,0x02,0x4B,0x02,0x4A,0x02,0x4A,0x02,0x4A,0x02,0x4A,0x02,0x4A,0x02,0x4A,0x02,
  0x4A,0x02,0x4A,0x02,0x4A,0x02,0x4A,0x02,0x4A,0x02,0x4A,0x02,0x4A,0x02,0x4A,0x02,0x4A,0x02,0x4A,0x02,0x4A,0x02,0x4A,0x02,
  0x4A,0x02,0x4A,0x02,0x4A,0x02,0x4A,0x02,0x4A,0x02,0x4A,0x02,0x4A,0x02,0x4A,0x02,0x4A,0x02,0x4A,0x02,0x4A,0x02,0x4A,0x02,
  0x4A,0x02,0x4A,0x02,0x4A,0x02,0x4A,0x02,0x4A,0x02,0x4A,0x02,0x4A,0x02,0x4A,0x02,0x4A,0x02,0x4A,0x02,0x4A,0x02,0x4A,0x02,
  0x4A,0x02,0x4A,0x02,0x4A,0x02,0x4A,0x02,0x4A,0x02,0x4A,0x02,0x4A,0x02,0x4A,0x02,0x4A,0x02,0x4A,0x02,0x4A,0x02,0x4A,0x02,
  0x4A,0x02,0x4A,0x02,0x4A,0x02,0x4A,0x02,0x4A,0x02,0x4A,0x02,0x4A,0x02,0x4A,0x02,0x4A,0x02,0x4A,0x02,0x4A,0x02,0x4A,0x02,
  0x4A,0x02,0x4A,0x02,0x4A,0x02,0x4B,0x02,0x49,0x02,0x4A,0x02,0x68,0x1A,0xAC,0xDD,0x09,0xCD,0x8A,0xAC,0xA6,0x52,0xA8,0x42,
  0xA8,0x42,0xCA,0x42,0x69,0x2A,0xC8,0x42,0xCE,0xCD,0x2C,0xF6,0x13,0xFF,0xCD,0xD5,0xE8,0xC4,0x6D,0xFE,0xCB,0xE5,0xA5,0x4A,
  0x03,0x01,0x87,0x01,0x25,0x01,0xE5,0x00,0xE5,0x00,0xA3,0x00,0xC4,0x00,0x25,0x09,0xC4,0x00,0xC4,0x00,0x83,0x00,0x83,0x00,
  0x83,0x00,0x83,0x00,0x63,0x00,0x63,0x00,0x63,0x00,0x83,0x00,0x83,0x00,0xA4,0x00,0x42,0x00,0x07,0x42,0x68,0x4A,0x20,0x00,
  0xE5,0x08,0x24,0x11,0x64,0x21,0xC3,0x10,0xA3,0x10,0xA2,0x08,0xC4,0x08,0x05,0x09,0x65,0x11,0x83,0x00,0xC5,0x00,0x46,0x11,
  0x27,0x3A,0x06,0x32,0xA6,0x11,0x64,0x09,0x25,0x01,0x26,0x01,0x27,0x01,0xE4,0x00,0x44,0x19,0x89,0x42,0x05,0x09,0x05,0x09,
  0x26,0x09,0x05,0x01,0x05,0x01,0x65,0x19,0x07,0x3A,0xC9,0x5A,0x2B,0x5B,0x0A,0x4B,0x8A,0x22,0x29,0x02,0x2A,0x02,0x49,0x02,
  0x6A,0x02,0x8B,0x02,0x8B,0x02,0x6A,0x02,0x4A,0x02,0x4A,0x02,0x4A,0x02,0x4A,0x02,0x4A,0x02,0x4A,0x02,0x4A,0x02,0x4A,0x02,
  0x4A,0x02,0x4A,0x02,0x4A,0x02,0x4A,0x02,0x4A,0x02,0x4A,0x02,0x4A,0x02,0x4A,0x02,0x4A,0x02,0x4A,0x02,0x4A,0x02,0x4A,0x02,
  0x4A,0x02,0x4A,0x02,0x4A,0x02,0x4A,0x02,0x6B,0x02,0x6B,0x02,0x4A,0x02,0x4A,0x02,0x4A,0x02,0x4A,0x02,0x4A,0x02,0x4A,0x02,
  0x4A,0x02,0x4A,0x02,0x4A,0x02,0x4A,0x02,0x4A,0x02,0x4A,0x02,0x4A,0x02,0x4A,0x02,0x4A,0x02,0x4A,0x02,0x4A,0x02,0x4A,0x02,
  0x4A,0x02,0x4A,0x02,0x4A,0x02,0x4A,0x02,0x4A,0x02,0x4A,0x02,0x4A,0x02,0x4A,0x02,0x6B,0x02,0x6B,0x02,0x4A,0x02,0x4A,0x02,
  0x4A,0x02,0x4A,0x02,0x4A,0x02,0x4A,0x02,0x4A,0x02,0x4A,0x02,0x4A,0x02,0x4A,0x02,0x4A,0x02,0x4A,0x02,0x4A,0x02,0x4B,0x02,
  0x4A,0x02,0x6B,0x02,0x48,0x12,0x6C,0xCD,0x0A,0xDD,0x8C,0xDD,0x47,0x6B,0x88,0x3A,0xA8,0x42,0xA8,0x3A,0xC9,0x42,0x28,0x22,
  0xE7,0x52,0x91,0xEE,0xF0,0xD5,0x2A,0xC5,0x8C,0xFE,0x8D,0xDD,0x47,0x42,0x25,0x01,0x68,0x01,0x25,0x01,0x04,0x01,0xC4,0x00,
  0xA4,0x00,0xA3,0x00,0xA4,0x00,0x46,0x09,0xE4,0x00,0x83,0x00,0x83,0x00,0x83,0x00,0x83,0x00,0x63,0x00,0x63,0x00,0x63,0x00,
  0x83,0x00,0x63,0x00,0x63,0x00,0x82,0x08,0xE8,0x83,0x2C,0xDE,0xE9,0xAC,0x0F,0xA5,0x25,0x19,0x24,0x42,0xCD,0xC5,0xEC,0xCD,
  0xCB,0xC5,0xEC,0xC5,0xE7,0x52,0x45,0x11,0xC6,0x31,0xE9,0x62,0x85,0x31,0xC7,0x29,0x28,0x32,0xC5,0x21,0x85,0x09,0x45,0x09,
  0x23,0x09,0x25,0x09,0xE6,0x10,0xC5,0x31,0x8B,0x6B,0x65,0x19,0xE4,0x00,0x05,0x01,0xE4,0x00,0xE7,0x08,0x07,0x09,0x26,0x09,
  0x24,0x01,0x23,0x01,0x64,0x21,0x27,0x3A,0x0B,0x53,0x8C,0x53,0x0B,0x43,0x88,0x22,0x28,0x0A,0x2A,0x02,0x4A,0x02,0x6A,0x02,
  0x6A,0x02,0x4A,0x02,0x4A,0x02,0x4A,0x02,0x4A,0x02,0x4A,0x02,0x4A,0x02,0x4A,0x02,0x4A,0x02,0x4A,0x02,0x4A,0x02,0x4A,0x02,
  0x4A,0x02,0x4A,0x02,0x4A,0x02,0x4A,0x02,0x4A,0x02,0x4A,0x02,0x4A,0x02,0x4A,0x02,0x4A,0x02,0x4A,0x02,0x4A,0x02,0x4A,0x02,
  0x6B,0x02,0x6B,0x02,0x4A,0x02,0x4A,0x02,0x4A,0x02,0x4A,0x02,0x4A,0x02,0x4A,0x02,0x4A,0x02,0x4A,0x02,0x4A,0x02,0x4A,0x02,
  0x4A,0x02,0x4A,0x02,0x4A,0x02,0x4A,0x02,0x4A,0x02,0x4A,0x02,0x4A,0x02,0x4A,0x02,0x4A,0x02,0x4A,0x02,0x4A,0x02,0x4A,0x02,
  0x4A,0x02,0x4A,0x02,0x4A,0x02,0x4A,0x02,0x6B,0x02,0x6B,0x02,0x4A,0x02,0x4A,0x02,0x4A,0x02,0x4A,0x02,0x4A,0x02,0x4A,0x02,
  0x4A,0x02,0x4A,0x02,0x4A,0x02,0x4A,0x02,0x4A,0x02,0x4A,0x02,0x4A,0x02,0x4B,0x02,0x4A,0x02,0x6B,0x02,0x28,0x0A,0x4B,0xC5,
  0xE9,0xD4,0xAC,0xDD,0x6B,0x94,0x87,0x42,0xA7,0x42,0xA8,0x42,0xA9,0x42,0x67,0x32,0x30,0x9D,0xCF,0xD5,0x29,0xD5,0x8E,0xFE,
  0x4C,0xDD,0xE6,0x39,0x67,0x01,0x66,0x09,0xE5,0x00,0xE3,0x00,0xC3,0x00,0xA4,0x00,0x83,0x00,0x83,0x00,0xA3,0x00,0xE4,0x00,
  0xC4,0x00,0xA4,0x00,0xA3,0x00,0x62,0x08,0x21,0x00,0x01,0x00,0x22,0x00,0x43,0x00,0x83,0x00,0x03,0x19,0x05,0x4A,0xC3,0x82,
  0xA7,0xE5,0xC8,0xFE,0xAE,0xFF,0x4B,0xBD,0x65,0x4A,0xD3,0xE6,0x94,0xFF,0x53,0xFF,0x95,0xFF,0xF3,0xF6,0x64,0x39,0x83,0x31,
  0x2E,0xCE,0x91,0xFF,0xAE,0xC5,0xA4,0x29,0xE7,0x19,0x66,0x11,0x47,0x11,0x27,0x01,0x45,0x01,0xE3,0x10,0x67,0x4A,0x89,0x73,
  0x42,0x19,0xA2,0x00,0xE6,0x00,0xC5,0x00,0x24,0x11,0x65,0x19,0x24,0x09,0x05,0x01,0x26,0x01,0x26,0x01,0x26,0x01,0x25,0x01,
  0x24,0x11,0x85,0x29,0x47,0x42,0x0A,0x5B,0x2B,0x5B,0xEB,0x3A,0x8B,0x1A,0x2A,0x02,0x2A,0x02,0x2A,0x02,0x4A,0x0A,0x6A,0x02,
  0x6B,0x02,0x4B,0x02,0x4B,0x02,0x4A,0x02,0x4A,0x02,0x4A,0x02,0x4A,0x02,0x4B,0x02,0x4A,0x02,0x4A,0x02,0x4A,0x02,0x4A,0x02,
  0x4A,0x02,0x4A,0x02,0x4A,0x02,0x4A,0x02,0x4A,0x02,0x4A,0x02,0x6B,0x02,0x6B,0x02,0x6B,0x02,0x6B,0x02,0x6B,0x02,0x6B,0x02,
  0x6B,0x02,0x4A,0x02,0x4A,0x02,0x4A,0x02,0x4A,0x02,0x4A,0x02,0x6B,0x02,0x6B,0x02,0x4A,0x02,0x4A,0x02,0x4A,0x02,0x4A,0x02,
  0x4A,0x02,0x4A,0x02,0x4A,0x02,0x4A,0x02,0x4A,0x02,0x4A,0x02,0x4A,0x02,0x6B,0x02,0x6B,0x02,0x6B,0x02,0x6B,0x02,0x6B,0x02,
  0x6B,0x02,0x6B,0x02,0x4A,0x02,0x4A,0x02,0x4A,0x02,0x4A,0x02,0x4A,0x02,0x4A,0x02,0x4A,0x02,0x4A,0x02,0x4A,0x02,0x4A,0x02,
  0x4A,0x02,0x4A,0x02,0x4A,0x02,0x4A,0x02,0x49,0x02,0x6B,0x02,0x29,0x02,0xA9,0xA4,0xA7,0xCC,0xC9,0xC4,0xAD,0xCD,0xA7,0x52,
  0xC8,0x42,0x88,0x3A,0x46,0x3A,0x90,0xAD,0xEF,0xD5,0x2A,0xD5,0x6E,0xFE,0x4B,0xBD,0xC4,0x29,0x46,0x01,0x66,0x01,0x04,0x01,
  0x05,0x01,0xC4,0x00,0x83,0x00,0x83,0x00,0x83,0x00,0x83,0x00,0x83,0x00,0xA4,0x00,0xE5,0x08,0x05,0x09,0xE5,0x08,0xC7,0x31,
  0x08,0x6B,0x67,0x8B,0x65,0x83,0xC8,0x83,0x29,0x8C,0x88,0xAC,0x69,0xDD,0x86,0xD4,0x25,0xD5,0x0E,0xFF,0x31,0xFF,0x4C,0xE6,
  0xCF,0xEE,0xF0,0xFE,0xAF,0xF6,0xAF,0xF6,0x72,0xFF,0x0A,0x84,0xC5,0x49,0x51,0xE6,0x2F,0xFF,0x8E,0xF6,0xB0,0xF6,0xAC,0xA4,
  0x64,0x21,0xA3,0x00,0xE3,0x08,0x65,0x21,0xE5,0x41,0xC7,0xA3,0x0C,0xEE,0x0B,0x9D,0x6A,0x33,0x65,0x09,0x05,0x11,0x25,0x19,
  0xC4,0x39,0x26,0x52,0x06,0x42,0xC6,0x39,0xA6,0x29,0x65,0x21,0x45,0x11,0x65,0x01,0x25,0x01,0xE5,0x00,0xE5,0x00,0x26,0x09,
  0xA6,0x21,0x67,0x42,0x2A,0x5B,0x4B,0x53,0x0C,0x3B,0x8B,0x1A,0x4B,0x02,0x2A,0x02,0x4A,0x02,0x6A,0x02,0x6A,0x02,0x4A,0x02,
  0x4B,0x02,0x4B,0x02,0x4B,0x02,0x6A,0x02,0x6A,0x02,0x6A,0x02,0x6A,0x02,0x4A,0x02,0x4A,0x02,0x4A,0x02,0x4A,0x02,0x6A,0x02,
  0x4A,0x02,0x4A,0x02,0x6B,0x02,0x6B,0x02,0x6B,0x02,0x6B,0x02,0x6B,0x02,0x6B,0x02,0x6B,0x02,0x4A,0x02,0x4A,0x02,0x4A,0x02,
  0x4A,0x02,0x4A,0x02,0x4A,0x02,0x4A,0x02,0x4A,0x02,0x4A,0x02,0x4A,0x02,0x4A,0x02,0x4A,0x02,0x4A,0x02,0x4A,0x02,0x4A,0x02,
  0x4A,0x02,0x4A,0x02,0x4A,0x02,0x6B,0x02,0x6B,0x02,0x6B,0x02,0x6B,0x02,0x6B,0x02,0x6B,0x02,0x6B,0x02,0x4A,0x02,0x4A,0x02,
  0x4A,0x02,0x4A,0x02,0x4A,0x02,0x4A,0x02,0x4A,0x02,0x4A,0x02,0x4A,0x02,0x4A,0x02,0x4A,0x02,0x4A,0x02,0x4A,0x02,0x4B,0x02,
  0x4A,0x02,0x6A,0x02,0x29,0x02,0x29,0x8C,0x27,0xC4,0x63,0x9B,0x2E,0xDE,0x49,0x6B,0xC9,0x4A,0x86,0x4A,0xCD,0xBD,0xEF,0xD5,
  0x6C,0xD5,0x8C,0xFE,0xEB,0xB4,0xA6,0x11,0x87,0x01,0x65,0x01,0xC3,0x08,0x05,0x01,0xC4,0x00,0x83,0x00,0x83,0x00,0x84,0x00,
  0x83,0x00,0x83,0x00,0xA4,0x00,0xA4,0x00,0xA4,0x00,0x46,0x19,0x25,0x09,0x62,0x19,0xC9,0xB4,0x8A,0xFE,0xC6,0xFD,0x46,0xF5,
  0x44,0xCC,0x05,0xB4,0x43,0x8B,0x0A,0xCD,0x2F,0xFF,0xAA,0xCD,0x66,0xAC,0x67,0xCD,0x0A,0xE6,0xED,0xFE,0xAC,0xFE,0xCC,0xFE,
  0x0D,0xFF,0xAB,0xC5,0xF1,0xF6,0x2E,0xFF,0x2D,0xFF,0x10,0xFF,0x6D,0xFE,0xCF,0xFE,0x0B,0xCD,0x6B,0xA4,0xAA,0x7B,0x25,0x5A,
  0x4C,0xE5,0xAA,0xFE,0x4A,0xEE,0x0E,0x8E,0x8C,0x1B,0xE9,0x3A,0xC4,0x31,0x26,0x3A,0x08,0x5B,0x87,0x5A,0x47,0x5A,0x46,0x5A,
  0x66,0x62,0x46,0x62,0x26,0x42,0xE4,0x08,0xC4,0x00,0xE4,0x00,0x23,0x19,0xE4,0x00,0xC4,0x00,0xA4,0x00,0xE4,0x08,0x45,0x21,
  0x26,0x4A,0xE9,0x62,0x4A,0x63,0x0B,0x43,0x8A,0x22,0x4A,0x02,0x29,0x02,0x2A,0x02,0x2A,0x0A,0x2A,0x0A,0x6A,0x02,0x4A,0x02,
  0x2A,0x0A,0x2A,0x0A,0x4A,0x02,0x6B,0x02,0x29,0x02,0x69,0x12,0xAA,0x12,0x6A,0x02,0x4A,0x02,0x4A,0x02,0x6B,0x02,0x6B,0x02,
  0x6B,0x02,0x6B,0x02,0x6B,0x02,0x6B,0x02,0x6B,0x02,0x4A,0x02,0x4A,0x02,0x4A,0x02,0x4A,0x02,0x4A,0x02,0x4A,0x02,0x4A,0x02,
  0x4A,0x02,0x4A,0x02,0x4A,0x02,0x4A,0x02,0x4A,0x02,0x4A,0x02,0x4A,0x02,0x4A,0x02,0x4A,0x02,0x4A,0x02,0x4A,0x02,0x4A,0x02,
  0x4A,0x02,0x4A,0x02,0x6B,0x02,0x4A,0x02,0x4A,0x02,0x4A,0x02,0x4A,0x02,0x4A,0x02,0x4A,0x02,0x4A,0x02,0x4A,0x02,0x4A,0x02,
  0x4A,0x02,0x4A,0x02,0x4A,0x02,0x4A,0x02,0x4A,0x02,0x4A,0x02,0x4A,0x02,0x6B,0x02,0x4B,0x02,0x49,0x0A,0x29,0x02,0xC9,0x6B,
  0xE6,0xBB,0xE1,0x8A,0x87,0xAC,0x28,0x73,0x27,0x63,0xAE,0xC5,0x0F,0xDE,0xCA,0xDD,0xAE,0xFE,0x6A,0x9C,0x64,0x09,0x48,0x01,
  0x66,0x01,0x03,0x01,0xE6,0x00,0xC4,0x00,0x83,0x00,0xA3,0x00,0x83,0x00,0x83,0x00,0x83,0x00,0x83,0x00,0xA4,0x00,0xA3,0x00,
  0xA4,0x00,0x65,0x00,0x80,0x18,0x4C,0xCD,0x29,0xCD,0x47,0xCD,0x29,0xF6,0xE8,0xF5,0x87,0xF5,0x2C,0xFE,0xE5,0xAB,0x46,0xB4,
  0x09,0xCD,0x45,0xAC,0xA5,0xBC,0x63,0xBC,0xAE,0xFE,0xAE,0xFE,0xAD,0xFE,0xAD,0xFE,0xCD,0xFE,0x0F,0xFF,0xCE,0xFE,0xCC,0xFE,
  0xAD,0xFE,0xD1,0xFE,0xAF,0xFE,0x2B,0xFE,0x6C,0xFE,0x11,0xFF,0xC8,0x8B,0xA9,0xAC,0xCB,0xFE,0x6A,0xFE,0x90,0xA6,0xAD,0x13,
  0x28,0x0A,0x0A,0x4B,0x27,0x3A,0x29,0x1A,0x49,0x0A,0x6A,0x1A,0x6A,0x22,0x89,0x2A,0x89,0x32,0xA9,0x3A,0x88,0x3A,0x45,0x21,
  0x04,0x11,0xC7,0x4A,0x6B,0xAC,0x86,0x9B,0x06,0x7B,0x66,0x52,0xA5,0x31,0x44,0x21,0xE3,0x10,0xC3,0x00,0x45,0x11,0x06,0x32,
  0xC8,0x5A,0x2A,0x63,0xEB,0x4A,0xAA,0x2A,0x49,0x0A,0x29,0x02,0x49,0x02,0x4A,0x02,0x2B,0x0A,0x4B,0x0A,0x6B,0x02,0x08,0x0A,
  0xA9,0x2A,0xAC,0x4B,0x68,0x1A,0x49,0x02,0x4A,0x02,0x4A,0x02,0x6B,0x02,0x6B,0x02,0x6B,0x02,0x6B,0x02,0x6B,0x02,0x6B,0x02,
  0x6B,0x02,0x4A,0x02,0x4A,0x02,0x4A,0x02,0x4A,0x02,0x4A,0x02,0x4A,0x02,0x4A,0x02,0x4A,0x02,0x4A,0x02,0x4A,0x02,0x6B,0x02,
  0x6B,0x02,0x4A,0x02,0x4A,0x02,0x4A,0x02,0x4A,0x02,0x4A,0x02,0x4A,0x02,0x4A,0x02,0x4A,0x02,0x4A,0x02,0x6B,0x02,0x4A,0x02,
  0x4A,0x02,0x4A,0x02,0x4A,0x02,0x4A,0x02,0x4A,0x02,0x6B,0x02,0x6B,0x02,0x6B,0x02,0x6B,0x02,0x6B,0x02,0x6B,0x02,0x6B,0x02,
  0x4A,0x02,0x4A,0x02,0x49,0x02,0x6B,0x02,0x6B,0x02,0x48,0x0A,0x2A,0x02,0x69,0x53,0xC6,0xAB,0xE4,0x8A,0xE3,0x7A,0xA5,0x72,
  0xCD,0xCD,0x2E,0xEE,0xCC,0xED,0x6E,0xFE,0xE9,0x83,0x45,0x09,0x67,0x01,0x44,0x01,0x04,0x09,0xE5,0x00,0xC5,0x00,0xA4,0x00,
  0x83,0x00,0x83,0x00,0x83,0x00,0x83,0x00,0x83,0x00,0xA4,0x00,0xA4,0x00,0x83,0x00,0x63,0x00,0x23,0x21,0xE8,0x9B,0xA7,0xC4,
  0x27,0x9C,0x04,0x63,0x65,0x7B,0xE6,0x93,0xA4,0x9B,0x28,0xD5,0x69,0xDD,0xE6,0xAB,0x46,0x8B,0x8E,0xEE,0xE9,0xE5,0x8D,0xFE,
  0xD0,0xFE,0xAF,0xFE,0x0B,0xE6,0x6C,0xF6,0x6C,0xFE,0x6C,0xFE,0x8C,0xFE,0x8D,0xFE,0x4D,0xFE,0x0B,0xF6,0xAE,0xFE,0x8C,0xFE,
  0x6B,0xFE,0x4C,0xF6,0x2C,0xEE,0xEC,0xFE,0xCA,0xFE,0xAE,0xD6,0x2C,0x3C,0x09,0x02,0x8A,0x1A,0xEA,0x32,0x49,0x1A,0x6C,0x02,
  0x8B,0x02,0x6B,0x02,0x4B,0x02,0x4A,0x02,0x4A,0x02,0x49,0x02,0xE9,0x32,0x69,0x52,0x28,0x3A,0x87,0x22,0xA7,0x3A,0x28,0x5B,
  0xA9,0x7B,0x0A,0x94,0x6B,0x9C,0x68,0x83,0x69,0x73,0x28,0x73,0x65,0x5A,0x83,0x39,0x02,0x21,0x22,0x29,0xC5,0x39,0x88,0x4A,
  0x2A,0x53,0x2A,0x53,0xC9,0x32,0x68,0x12,0x69,0x02,0x29,0x02,0x08,0x02,0x29,0x4B,0xEC,0x63,0x48,0x12,0x49,0x02,0x6A,0x02,
  0x4A,0x02,0x4A,0x02,0x6B,0x02,0x6B,0x02,0x6B,0x02,0x6B,0x02,0x6B,0x02,0x6B,0x02,0x6B,0x02,0x4A,0x02,0x4A,0x02,0x4A,0x02,
  0x4A,0x02,0x4A,0x02,0x4A,0x02,0x4A,0x02,0x4A,0x02,0x4A,0x02,0x4A,0x02,0x6B,0x02,0x6B,0x02,0x6B,0x02,0x4B,0x02,0x4A,0x02,
  0x4A,0x02,0x4A,0x02,0x4A,0x02,0x4B,0x02,0x4A,0x02,0x4B,0x02,0x4B,0x02,0x4B,0x02,0x4B,0x02,0x4B,0x02,0x4B,0x02,0x4A,0x02,
  0x6A,0x02,0x6B,0x02,0x6B,0x02,0x6B,0x02,0x6B,0x02,0x6B,0x02,0x6B,0x02,0x6B,0x02,0x4A,0x02,0x4A,0x02,0x4A,0x02,0x4B,0x02,
  0x6B,0x02,0x49,0x0A,0x4B,0x02,0x09,0x33,0xE6,0xAB,0xE6,0x8A,0x84,0x72,0x2C,0xC5,0x2D,0xF6,0xCC,0xED,0x4D,0xF6,0x68,0x7B,
  0x05,0x09,0x68,0x01,0x25,0x01,0x23,0x01,0xE6,0x00,0x85,0x00,0x82,0x00,0x83,0x00,0x83,0x00,0x83,0x00,0x83,0x00,0x84,0x00,
  0xC4,0x00,0x83,0x08,0xA3,0x00,0x83,0x00,0x02,0x19,0x6B,0xCD,0x4A,0xC5,0xA1,0x62,0xC3,0x62,0xE3,0x6A,0x23,0x73,0x43,0x73,
  0x42,0x7B,0x47,0xD5,0xAB,0xFE,0x09,0xC5,0xA6,0x9B,0xC6,0x9B,0xAD,0xF6,0xEF,0xFE,0x4D,0xF6,0xA9,0xDD,0xAD,0xF6,0x6C,0xFE,
  0x4B,0xFE,0x4B,0xFE,0x4B,0xFE,0x2B,0xFE,0x0A,0xFE,0x08,0xFE,0x0A,0xF6,0x4B,0xFE,0xE9,0xE5,0x09,0xEE,0x0A,0xFE,0x2C,0xE6,
  0xEC,0xB5,0xAD,0x44,0x29,0x02,0x6A,0x02,0x6A,0x02,0x49,0x02,0x6A,0x02,0x6A,0x02,0x69,0x02,0x49,0x02,0x4A,0x02,0x4A,0x02,
  0x6B,0x02,0x4A,0x02,0x09,0x33,0x89,0x4A,0x49,0x22,0x6A,0x02,0x4C,0x02,0x2C,0x02,0x09,0x02,0x08,0x02,0x49,0x0A,0x2A,0x02,
  0x69,0x12,0xC9,0x32,0x2B,0x4B,0x6B,0x6B,0x8A,0x7B,0x49,0x73,0xC7,0x62,0x05,0x5A,0xC4,0x59,0xE5,0x61,0x46,0x7A,0xE8,0x72,
  0x89,0x52,0x07,0x5B,0xEA,0x83,0x8B,0x5B,0x28,0x12,0x4A,0x02,0x8C,0x02,0x6B,0x02,0x4A,0x02,0x4A,0x02,0x6B,0x02,0x6B,0x02,
  0x6B,0x02,0x6B,0x02,0x6B,0x02,0x6B,0x02,0x6B,0x02,0x6B,0x02,0x6B,0x02,0x4A,0x02,0x4A,0x02,0x4A,0x02,0x4A,0x02,0x4A,0x02,
  0x4A,0x02,0x4A,0x02,0x4A,0x02,0x6B,0x02,0x6B,0x02,0x6B,0x02,0x4B,0x02,0x4A,0x02,0x4A,0x02,0x4A,0x02,0x4A,0x02,0x4A,0x02,
  0x4A,0x02,0x4A,0x02,0x4A,0x02,0x4B,0x02,0x4B,0x02,0x4B,0x02,0x4A,0x02,0x4A,0x02,0x6A,0x02,0x6B,0x02,0x6B,0x02,0x6B,0x02,
  0x6B,0x02,0x6B,0x02,0x6B,0x02,0x6B,0x02,0x4A,0x02,0x4A,0x02,0x4A,0x02,0x4A,0x02,0x4A,0x02,0x6A,0x02,0x4B,0x02,0xC9,0x1A,
  0xE7,0xA3,0x64,0x82,0x09,0x9C,0x4C,0xEE,0x6A,0xE5,0x0E,0xF6,0x69,0x6B,0x45,0x01,0x67,0x01,0x05,0x01,0x05,0x01,0xC4,0x00,
  0xA3,0x00,0x84,0x00,0x83,0x00,0x83,0x00,0x83,0x00,0x83,0x00,0x83,0x00,0xA5,0x00,0x84,0x00,0xA2,0x08,0x84,0x00,0x64,0x21,
  0x6A,0xC5,0x2E,0xFF,0x4A,0xC5,0xC2,0x62,0x85,0x73,0x84,0x7B,0x85,0x83,0x84,0x73,0xE1,0x72,0xA2,0xAB,0x09,0xF6,0x0D,0xFF,
  0xA8,0xED,0x27,0xDD,0x6C,0xFE,0x0A,0xF6,0xA9,0xED,0x6C,0xFE,0xAD,0xFE,0x4C,0xF6,0x4C,0xFE,0x2B,0xF6,0xEA,0xF5,0xE9,0xF5,
  0x09,0xF6,0xE9,0xED,0xA8,0xE5,0xE9,0xF5,0xC9,0xED,0x67,0xDD,0x0A,0xE6,0xAB,0x95,0xCB,0x34,0xCA,0x02,0x2B,0x0A,0x6B,0x02,
  0x6B,0x02,0x6B,0x02,0x4A,0x02,0x4A,0x02,0x4A,0x02,0x4A,0x02,0x4A,0x02,0x4A,0x02,0x4A,0x02,0x4A,0x02,0x69,0x12,0x69,0x0A,
  0x49,0x02,0x6A,0x02,0x6B,0x02,0x6B,0x02,0x6B,0x02,0x6B,0x02,0x4B,0x02,0x4B,0x02,0x4B,0x02,0x2A,0x02,0x0A,0x02,0x2A,0x02,
  0x4A,0x02,0x89,0x1A,0xE9,0x32,0x49,0x53,0x6A,0x63,0x4A,0x5B,0xAA,0x52,0xE6,0x7A,0x68,0xC4,0xAC,0xD5,0x88,0x5B,0x09,0x02,
  0x6B,0x02,0x6B,0x02,0x4A,0x02,0x4A,0x02,0x4A,0x02,0x4A,0x02,0x6B,0x02,0x6B,0x02,0x6B,0x02,0x6B,0x02,0x6B,0x02,0x6B,0x02,
  0x6B,0x02,0x6B,0x02,0x6B,0x02,0x4A,0x02,0x4A,0x02,0x4A,0x02,0x4A,0x02,0x4A,0x02,0x4A,0x02,0x4A,0x02,0x4A,0x02,0x6B,0x02,
  0x6B,0x02,0x4B,0x02,0x4B,0x02,0x4A,0x02,0x6A,0x02,0x4B,0x02,0x4B,0x02,0x4A,0x02,0x6A,0x02,0x6A,0x02,0x4A,0x02,0x4A,0x02,
  0x4A,0x02,0x4A,0x02,0x4A,0x02,0x49,0x02,0x4A,0x02,0x6B,0x02,0x6B,0x02,0x6B,0x02,0x6B,0x02,0x6B,0x02,0x6B,0x02,0x6B,0x02,
  0x4A,0x02,0x4A,0x02,0x4A,0x02,0x4A,0x02,0x4A,0x02,0x4A,0x02,0x4B,0x02,0x8A,0x0A,0xC8,0x8B,0x23,0x93,0x8B,0xDD,0xAA,0xED,
  0x8E,0xE5,0x48,0x73,0x22,0x09,0x66,0x01,0x25,0x01,0xE4,0x00,0xC4,0x00,0xA4,0x00,0xA4,0x00,0x84,0x00,0x83,0x00,0x83,0x00,
  0x83,0x00,0x83,0x00,0xA4,0x00,0x83,0x00,0x84,0x08,0xA4,0x00,0xA5,0x29,0x6C,0xD5,0xEC,0xFE,0xAD,0xF6,0x63,0x83,0xC2,0x6A,
  0x64,0x7B,0xA5,0x8B,0x64,0x7B,0x02,0x63,0xC4,0x93,0xC2,0xB3,0xA7,0xED,0xAD,0xFE,0xEA,0xF5,0xA9,0xFD,0xCA,0xFD,0xC9,0xFD,
  0x4B,0xFE,0x6B,0xFE,0x4B,0xF6,0x4B,0xF6,0x6C,0xFE,0x2A,0xFE,0xA8,0xE5,0x88,0xD5,0xC9,0xD5,0xC9,0xD5,0xC9,0xE5,0xC7,0xE5,
  0xE8,0xFD,0xEA,0xE5,0x4B,0x96,0xEC,0x3C,0x49,0x0B,0x6A,0x02,0x4B,0x0A,0x6A,0x02,0x6A,0x02,0x6B,0x02,0x4A,0x02,0x4A,0x02,
  0x4A,0x02,0x4A,0x02,0x4A,0x02,0x4A,0x02,0x4A,0x02,0x4A,0x02,0x4A,0x02,0x6A,0x02,0x6A,0x02,0x6A,0x02,0x6A,0x02,0x4A,0x02,
  0x4A,0x02,0x4A,0x02,0x4A,0x02,0x4A,0x02,0x4A,0x02,0x4A,0x02,0x6A,0x02,0x6B,0x02,0x6B,0x02,0x6B,0x02,0x4A,0x02,0x0A,0x02,
  0x2A,0x02,0x4B,0x02,0x8A,0x0A,0xC9,0x42,0x4B,0xC6,0x49,0x53,0xCB,0x01,0x8B,0x02,0x6B,0x02,0x4B,0x02,0x4A,0x02,0x4A,0x02,
  0x4A,0x02,0x4A,0x02,0x6B,0x02,0x6B,0x02,0x6B,0x02,0x6B,0x02,0x6B,0x02,0x6B,0x02,0x6B,0x02,0x6B,0x02,0x6B,0x02,0x4A,0x02,
  0x4A,0x02,0x4A,0x02,0x4A,0x02,0x4A,0x02,0x4A,0x02,0x4A,0x02,0x4A,0x02,0x4A,0x02,0x4A,0x02,0x4A,0x02,0x4A,0x02,0x6B,0x02,
  0x6B,0x02,0x4B,0x02,0x4A,0x02,0x4A,0x02,0x4A,0x02,0x4B,0x02,0x4B,0x02,0x6B,0x02,0x6B,0x02,0x6B,0x02,0x6B,0x02,0x6B,0x02,
  0x6B,0x02,0x6B,0x02,0x6A,0x02,0x6A,0x02,0x6B,0x02,0x6B,0x02,0x4A,0x02,0x4A,0x02,0x4A,0x02,0x4A,0x02,0x4A,0x02,0x4A,0x02,
  0x4A,0x02,0x4A,0x02,0x6B,0x02,0x6A,0x02,0x89,0x73,0xE7,0xCC,0x69,0xDD,0x6B,0xD5,0x08,0x73,0x85,0x11,0x87,0x09,0x26,0x01,
  0x05,0x01,0xA3,0x00,0xA4,0x00,0xA4,0x00,0xA4,0x00,0xA4,0x00,0x83,0x00,0x83,0x00,0x83,0x00,0xA4,0x00,0x83,0x00,0xA3,0x00,
  0x62,0x00,0x06,0x3A,0x6A,0xDD,0xC6,0xFD,0x0A,0xF6,0xEE,0xFE,0x28,0xC5,0xA0,0x6A,0x22,0x83,0xC4,0x9B,0x24,0xA4,0xC3,0x93,
  0xA7,0xCC,0x26,0xED,0x45,0xED,0x6B,0xF6,0x89,0xDD,0x68,0xED,0xE9,0xFD,0x0A,0xFE,0x0A,0xFE,0x0A,0xFE,0x2B,0xFE,0xEA,0xF5,
  0xA9,0xE5,0x0A,0xEE,0xA8,0xD5,0x68,0xC5,0x68,0xBD,0xA8,0xC5,0xE9,0xCD,0x88,0xE5,0x09,0xDE,0x8D,0xA6,0x2C,0x55,0x89,0x02,
  0x4A,0x02,0x4B,0x0A,0x4B,0x02,0x8A,0x02,0x6A,0x02,0x4A,0x02,0x4A,0x02,0x4A,0x02,0x4A,0x02,0x4A,0x02,0x4A,0x02,0x4A,0x02,
  0x4A,0x02,0x4A,0x02,0x6B,0x02,0x6B,0x02,0x6B,0x02,0x6A,0x02,0x4A,0x02,0x4A,0x02,0x4A,0x02,0x4A,0x02,0x4A,0x02,0x4A,0x02,
  0x4A,0x02,0x4A,0x02,0x4A,0x02,0x4A,0x02,0x4A,0x02,0x4A,0x0A,0x4A,0x0A,0x4B,0x0A,0x4B,0x0A,0x4B,0x02,0x4A,0x02,0x2A,0x02,
  0xCA,0x12,0x49,0x02,0x8A,0x02,0x6A,0x02,0x4A,0x02,0x4A,0x02,0x4A,0x02,0x4A,0x02,0x4A,0x02,0x4A,0x02,0x6B,0x02,0x6B,0x02,
  0x6B,0x02,0x6B,0x02,0x6B,0x02,0x6B,0x02,0x6B,0x02,0x6B,0x02,0x6B,0x02,0x6B,0x02,0x6B,0x02,0x6B,0x02,0x4A,0x02,0x4A,0x02,
  0x4A,0x02,0x6B,0x02,0x6B,0x02,0x4A,0x02,0x4A,0x02,0x4A,0x02,0x4A,0x02,0x6B,0x02,0x4A,0x02,0x29,0x0A,0x6A,0x1A,0x8B,0x1A,
  0x8B,0x1A,0x6A,0x1A,0x4A,0x1A,0x29,0x12,0x29,0x0A,0x09,0x02,0x09,0x02,0x09,0x02,0x0A,0x02,0x0A,0x02,0x0A,0x02,0x0A,0x02,
  0x0A,0x02,0x2A,0x02,0x2A,0x02,0x4A,0x02,0x4A,0x02,0x6B,0x02,0x4B,0x02,0x4A,0x02,0x4B,0x02,0x6B,0x02,0x8B,0x0A,0x2A,0x02,
  0xCB,0x73,0x0C,0xF6,0xAA,0xC4,0x07,0x6B,0xA6,0x21,0x87,0x11,0x46,0x09,0xE4,0x00,0xC4,0x00,0xC4,0x00,0xA4,0x00,0xA4,0x00,
  0xC4,0x00,0xA4,0x00,0x83,0x00,0x84,0x00,0x84,0x00,0xA3,0x00,0xA3,0x00,0x83,0x00,0x86,0x4A,0x4A,0xEE,0xE5,0xEC,0xE6,0xE4,
  0xE8,0xF5,0x0A,0xFE,0x6C,0xFE,0xC9,0xDD,0xC6,0xC4,0x23,0xB4,0x4A,0xF6,0x8C,0xF6,0xEB,0xF5,0xA9,0xF5,0x46,0xDD,0xE5,0xC4,
  0xE3,0xB3,0xC5,0xD4,0x89,0xED,0xEA,0xFD,0xCA,0xF5,0xA9,0xED,0xA9,0xDD,0xA9,0xDD,0xA9,0xDD,0xC9,0xCD,0x89,0xBD,0x68,0xAD,
  0x68,0xBD,0x88,0xC5,0x09,0xD6,0x4C,0xD6,0xED,0x95,0xED,0x4C,0xA9,0x0A,0x2A,0x0A,0x4A,0x0A,0x6A,0x02,0x8A,0x02,0x6B,0x02,
  0x4A,0x02,0x4A,0x02,0x4A,0x02,0x4A,0x02,0x4A,0x02,0x4A,0x02,0x4A,0x02,0x4A,0x02,0x4A,0x02,0x4A,0x02,0x4A,0x02,0x6A,0x02,
  0x6A,0x02,0x6A,0x02,0x6A,0x02,0x4A,0x02,0x4A,0x02,0x4A,0x02,0x4A,0x02,0x4A,0x02,0x4A,0x02,0x4A,0x02,0x4A,0x02,0x4A,0x02,
  0x4A,0x02,0x69,0x02,0x6A,0x02,0x6A,0x02,0x6A,0x02,0x69,0x02,0x4C,0x02,0x6A,0x02,0x6B,0x02,0xAA,0x02,0x6A,0x02,0x4B,0x02,
  0x4A,0x02,0x4A,0x02,0x4A,0x02,0x4A,0x02,0x4A,0x02,0x4A,0x02,0x6B,0x02,0x6B,0x02,0x6B,0x02,0x6B,0x02,0x6B,0x02,0x6B,0x02,
  0x6B,0x02,0x6B,0x02,0x6B,0x02,0x6B,0x02,0x6B,0x02,0x6B,0x02,0x4A,0x02,0x4A,0x02,0x4A,0x02,0x6B,0x02,0x6B,0x02,0x4A,0x02,
  0x4A,0x02,0x4A,0x02,0x4A,0x02,0x6B,0x02,0x49,0x0A,0xCA,0x2A,0xA9,0x42,0x69,0x42,0x8A,0x42,0xAA,0x42,0xCB,0x42,0x2C,0x4B,
  0x4C,0x53,0x4D,0x53,0x8E,0x53,0x6E,0x53,0x6E,0x4B,0x8E,0x43,0x4D,0x43,0x2C,0x3B,0x0B,0x3B,0xCB,0x32,0xAC,0x22,0x8B,0x1A,
  0x6A,0x12,0x6A,0x0A,0x49,0x0A,0x2A,0x02,0x29,0x02,0x29,0x02,0x49,0x02,0xE7,0x01,0xAD,0x94,0x2A,0xCD,0x24,0x5A,0xA5,0x21,
  0xC8,0x11,0x04,0x01,0xC4,0x00,0xE4,0x00,0xC4,0x00,0xC4,0x00,0xC4,0x00,0xA3,0x00,0xA3,0x00,0xA4,0x00,0xA4,0x00,0x84,0x08,
  0xC4,0x00,0xA4,0x00,0x83,0x00,0xC8,0x62,0x09,0xCD,0x09,0xFE,0xC8,0xF5,0x07,0xE5,0x47,0xFD,0x87,0xFD,0xC8,0xFD,0x4A,0xFE,
  0x6B,0xFE,0x8C,0xFE,0xCD,0xFE,0xCE,0xF6,0xCF,0xFE,0x6D,0xFE,0x4B,0xF6,0x88,0xED,0xE9,0xF5,0xEA,0xFD,0x0B,0xFE,0x0A,0xEE,
  0x67,0xCD,0x67,0xC5,0x68,0xBD,0xA8,0xBD,0xA9,0xB5,0x88,0xA5,0xE7,0x9C,0x69,0xB5,0x0B,0xD6,0x87,0xCD,0x6C,0xCE,0x2D,0x86,
  0x0A,0x34,0x48,0x02,0x6B,0x02,0x8A,0x02,0x6A,0x02,0x8A,0x02,0x8A,0x02,0x4B,0x0A,0x4A,0x02,0x4A,0x02,0x4A,0x02,0x4A,0x02,
  0x4A,0x02,0x4A,0x02,0x4A,0x02,0x4A,0x02,0x4A,0x02,0x4A,0x02,0x4A,0x02,0x6A,0x02,0x4A,0x02,0x4A,0x02,0x6A,0x02,0x4A,0x02,
  0x4A,0x02,0x4A,0x02,0x4A,0x02,0x4A,0x02,0x4A,0x02,0x4A,0x02,0x4A,0x02,0x4A,0x02,0x4A,0x02,0x4B,0x02,0x4B,0x02,0x4C,0x02,
  0x4B,0x02,0x2A,0x02,0x69,0x02,0x4A,0x02,0x2B,0x0A,0x4B,0x0A,0x6A,0x02,0x4A,0x02,0x4A,0x02,0x4A,0x02,0x4A,0x02,0x4A,0x02,
  0x4A,0x02,0x4A,0x02,0x6B,0x02,0x6B,0x02,0x6B,0x02,0x6B,0x02,0x6B,0x02,0x6B,0x02,0x6B,0x02,0x6B,0x02,0x6B,0x02,0x6B,0x02,
  0x6B,0x02,0x6B,0x02,0x6B,0x02,0x6B,0x02,0x6B,0x02,0x6B,0x02,0x6B,0x02,0x4A,0x02,0x4A,0x02,0x4A,0x02,0x4A,0x02,0x4B,0x02,
  0x4A,0x0A,0xA9,0x2A,0x27,0x32,0xE7,0x39,0xA6,0x31,0x65,0x29,0x25,0x21,0xE4,0x20,0xC4,0x10,0xE4,0x10,0x04,0x11,0x45,0x19,
  0x66,0x21,0xA7,0x29,0x08,0x3A,0x6A,0x42,0xCB,0x4A,0x0C,0x53,0x2B,0x5B,0x4C,0x5B,0x6D,0x63,0x8D,0x63,0xAE,0x6B,0xAF,0x63,
  0xAE,0x63,0xAD,0x63,0xAD,0x53,0xED,0x63,0x4F,0xBD,0x24,0x52,0x85,0x21,0xC7,0x21,0x66,0x11,0x05,0x01,0x05,0x01,0xE5,0x00,
  0xC4,0x00,0xE4,0x00,0xE4,0x00,0xE5,0x00,0xC4,0x00,0xC4,0x00,0xC3,0x08,0xC4,0x00,0x64,0x00,0xE3,0x10,0xC7,0x93,0xE7,0xE4,
  0x22,0xB3,0x06,0xE5,0x08,0xFE,0xE8,0xF5,0xC8,0xF5,0x45,0xFD,0x66,0xF5,0x0A,0xF6,0x8D,0xFE,0xAE,0xFE,0xD0,0xFE,0xF0,0xF6,
  0xCE,0xFE,0xC9,0xED,0xC8,0xFD,0xC8,0xF5,0xA7,0xE5,0xA8,0xE5,0xA8,0xE5,0xC5,0xAC,0x26,0xB5,0x68,0xBD,0x68,0xB5,0x28,0xA5,
  0x28,0x95,0x49,0x9D,0x89,0xC5,0xCA,0xE5,0xCA,0xCD,0xCB,0x9D,0x6D,0x5D,0x49,0x1B,0x49,0x02,0x6B,0x02,0x6B,0x02,0x6B,0x02,
  0x6B,0x02,0x4A,0x02,0x4A,0x02,0x4A,0x02,0x4A,0x02,0x4A,0x02,0x4A,0x02,0x4A,0x02,0x4A,0x02,0x4A,0x02,0x4A,0x02,0x4A,0x02,
  0x6B,0x02,0x6B,0x02,0x6B,0x02,0x6B,0x02,0x4A,0x02,0x4A,0x02,0x4A,0x02,0x4A,0x02,0x4A,0x02,0x4A,0x02,0x4A,0x02,0x4A,0x02,
  0x4A,0x02,0x4A,0x02,0x4A,0x02,0x4A,0x02,0x4A,0x02,0x4A,0x02,0x4A,0x02,0x4A,0x02,0x4A,0x02,0x4A,0x02,0x4A,0x02,0x4A,0x02,
  0x4A,0x02,0x4A,0x02,0x4A,0x02,0x4A,0x02,0x4A,0x02,0x4A,0x02,0x4A,0x02,0x4A,0x02,0x4A,0x02,0x4A,0x02,0x6B,0x02,0x6B,0x02,
  0x6B,0x02,0x6B,0x02,0x6B,0x02,0x6B,0x02,0x6B,0x02,0x6B,0x02,0x6B,0x02,0x6B,0x02,0x6B,0x02,0x6B,0x02,0x6B,0x02,0x6B,0x02,
  0x6B,0x02,0x6B,0x02,0x6B,0x02,0x4A,0x02,0x4A,0x02,0x4A,0x02,0x4A,0x02,0x4B,0x02,0x4B,0x02,0x29,0x0A,0x49,0x12,0x89,0x12,
  0xAA,0x22,0x89,0x32,0x89,0x42,0x89,0x42,0x69,0x42,0x48,0x42,0x06,0x3A,0xC5,0x31,0x44,0x29,0xC4,0x20,0x63,0x10,0x63,0x00,
  0x44,0x00,0x43,0x00,0x62,0x00,0x62,0x00,0x84,0x00,0xA5,0x08,0xC5,0x10,0xE5,0x18,0x26,0x19,0x67,0x19,0x86,0x29,0xA6,0x31,
  0x24,0x19,0x23,0x21,0x29,0x2A,0x46,0x09,0xE4,0x00,0x05,0x01,0xE5,0x00,0xE5,0x00,0xE5,0x00,0xC4,0x00,0xE3,0x00,0xE4,0x00,
  0xE5,0x00,0xC5,0x00,0x83,0x00,0xA2,0x08,0xA4,0x62,0x8B,0xDD,0xCD,0xFE,0x6A,0xF6,0x6B,0xFE,0x4B,0xFE,0x4A,0xFE,0x08,0xF6,
  0x08,0xF6,0xA8,0xF5,0x2A,0xFE,0x8C,0xFE,0x8D,0xFE,0x6D,0xFE,0xAE,0xFE,0x8D,0xF6,0xA9,0xDD,0x46,0xDD,0xE8,0xFD,0xE8,0xF5,
  0x46,0xCD,0x67,0xD5,0x4B,0xEE,0xE9,0xD5,0x6C,0xE6,0x4C,0xE6,0x89,0xCD,0xCA,0xC5,0xAA,0xC5,0xAB,0xD5,0x09,0xCE,0x08,0xAE,
  0xCC,0x85,0x2C,0x3C,0x89,0x02,0x4A,0x02,0x6C,0x02,0x4C,0x02,0x6B,0x02,0x6B,0x02,0x6B,0x02,0x4A,0x02,0x4A,0x02,0x4A,0x02,
  0x4A,0x02,0x4A,0x02,0x6B,0x02,0x8B,0x0A,0x4A,0x02,0x4A,0x02,0x4A,0x02,0x4A,0x02,0x6B,0x02,0x6B,0x02,0x6B,0x02,0x6B,0x02,
  0x4A,0x02,0x4A,0x02,0x4A,0x02,0x4A,0x02,0x4A,0x02,0x4A,0x02,0x4A,0x02,0x4A,0x02,0x4A,0x02,0x4A,0x02,0x4A,0x02,0x4A,0x02,
  0x4A,0x02,0x4A,0x02,0x4A,0x02,0x4A,0x02,0x4A,0x02,0x4A,0x02,0x4A,0x02,0x4A,0x02,0x4A,0x02,0x4A,0x02,0x4A,0x02,0x4A,0x02,
  0x4A,0x02,0x4A,0x02,0x4A,0x02,0x4A,0x02,0x4A,0x02,0x4A,0x02,0x6B,0x02,0x6B,0x02,0x6B,0x02,0x6B,0x02,0x4A,0x02,0x4A,0x02,
  0x4A,0x02,0x4A,0x02,0x4A,0x02,0x4A,0x02,0x6B,0x02,0x6B,0x02,0x6B,0x02,0x6B,0x02,0x6B,0x02,0x6B,0x02,0x6B,0x02,0x4A,0x02,
  0x4A,0x02,0x4A,0x02,0x4A,0x02,0x4B,0x02,0x6B,0x02,0x4B,0x02,0x4B,0x02,0x4B,0x02,0x4A,0x02,0x4A,0x02,0x49,0x02,0x69,0x02,
  0x6B,0x0A,0x8B,0x12,0x8B,0x22,0xAB,0x32,0xAB,0x42,0xA9,0x52,0xC9,0x52,0x88,0x5A,0x46,0x52,0x06,0x4A,0xC7,0x31,0x66,0x29,
  0x25,0x19,0xC4,0x08,0xA3,0x00,0xA3,0x00,0xA4,0x00,0xC4,0x00,0xA3,0x00,0xA3,0x00,0xA3,0x00,0x28,0x32,0xE7,0x19,0x04,0x01,
  0x23,0x01,0x24,0x01,0x04,0x01,0x04,0x01,0x05,0x01,0x05,0x01,0xE4,0x00,0xA4,0x00,0x63,0x00,0x02,0x21,0x87,0x62,0xEB,0x8B,
  0x4A,0x94,0x8E,0xD6,0x4F,0xFF,0x2E,0xFF,0x8A,0xF6,0x8B,0xFE,0x2C,0xFE,0x6D,0xFE,0x8D,0xFE,0x8D,0xFE,0x8C,0xFE,0x6C,0xFE,
  0xEA,0xF5,0x0B,0xFE,0x0A,0xEE,0x88,0xDD,0xA8,0xDD,0xE8,0xED,0xE8,0xED,0xA8,0xDD,0x67,0xC5,0x67,0xC5,0x48,0xC5,0xC9,0xC5,
  0xA8,0xC5,0xA8,0xC5,0xA9,0xBD,0xA9,0xB5,0x89,0xB5,0xEB,0xB5,0xCD,0x85,0xAC,0x3C,0x4A,0x13,0x49,0x02,0x4A,0x02,0x6B,0x02,
  0x6B,0x02,0x4A,0x02,0x69,0x02,0x6A,0x02,0x6B,0x02,0x4A,0x02,0x4A,0x02,0x4A,0x02,0x4A,0x02,0x4A,0x02,0x4A,0x02,0x4A,0x02,
  0x4A,0x02,0x4A,0x02,0x4A,0x02,0x4A,0x02,0x6B,0x02,0x6B,0x02,0x6B,0x02,0x6B,0x02,0x4A,0x02,0x4A,0x02,0x4A,0x02,0x4A,0x02,
  0x4A,0x02,0x4A,0x02,0x4A,0x02,0x4A,0x02,0x4A,0x02,0x4A,0x02,0x4A,0x02,0x4A,0x02,0x4A,0x02,0x4A,0x02,0x4A,0x02,0x4A,0x02,
  0x4A,0x02,0x4A,0x02,0x4A,0x02,0x4A,0x02,0x4A,0x02,0x4A,0x02,0x4A,0x02,0x4A,0x02,0x4A,0x02,0x4A,0x02,0x4A,0x02,0x4A,0x02,
  0x4A,0x02,0x4A,0x02,0x6B,0x02,0x6B,0x02,0x6B,0x02,0x6B,0x02,0x4A,0x02,0x4A,0x02,0x4A,0x02,0x4A,0x02,0x4A,0x02,0x4A,0x02,
  0x6B,0x02,0x6B,0x02,0x6B,0x02,0x6B,0x02,0x6B,0x02,0x6B,0x02,0x6B,0x02,0x4A,0x02,0x4A,0x02,0x4A,0x02,0x4A,0x02,0x4A,0x02,
  0x4B,0x02,0x4B,0x02,0x2B,0x02,0x0B,0x12,0x2B,0x0A,0x4B,0x02,0x4B,0x02,0x4B,0x02,0x2A,0x0A,0x4A,0x0A,0x49,0x02,0x49,0x02,
  0x4A,0x02,0x4A,0x02,0x4A,0x0A,0x69,0x1A,0x89,0x2A,0xA9,0x3A,0xA8,0x52,0xE8,0x5A,0xE8,0x62,0xE8,0x5A,0x87,0x52,0x07,0x4A,
  0xA5,0x41,0x24,0x29,0x05,0x11,0xA4,0x00,0xC6,0x21,0xCA,0x4A,0x04,0x01,0x25,0x01,0x24,0x01,0x25,0x01,0x45,0x09,0x45,0x09,
  0x04,0x09,0xE4,0x08,0x46,0x19,0x25,0x5A,0x88,0x9B,0x4B,0xAC,0xEB,0x7B,0xA9,0x22,0x09,0x02,0x4B,0x12,0xE9,0x63,0xAB,0xC5,
  0x4C,0xD5,0xCB,0xE5,0xAC,0xFE,0xAC,0xF6,0x0F,0xF7,0x11,0xFF,0x10,0xFF,0xCE,0xFE,0x2B,0xFE,0x2A,0xFE,0xC8,0xE5,0x88,0xD5,
  0xA9,0xDD,0xA8,0xDD,0x45,0xCD,0x26,0xBD,0x66,0xB5,0x47,0xBD,0x68,0xC5,0x4B,0xCE,0xA8,0xBD,0xC9,0xAD,0xAA,0x95,0xAC,0x85,
  0xAD,0x75,0xCC,0x3C,0x0A,0x13,0x0B,0x02,0x2B,0x02,0x8A,0x02,0x6A,0x02,0x6A,0x02,0x6A,0x02,0x4A,0x02,0x4A,0x02,0x6A,0x02,
  0x6B,0x02,0x4A,0x02,0x4A,0x02,0x4A,0x02,0x4A,0x02,0x4A,0x02,0x4A,0x02,0x6B,0x02,0x6B,0x02,0x6B,0x02,0x6B,0x02,0x6B,0x02,
  0x6B,0x02,0x6B,0x02,0x6B,0x02,0x6B,0x02,0x4A,0x02,0x4A,0x02,0x4A,0x02,0x4A,0x02,0x4A,0x02,0x4A,0x02,0x6B,0x02,0x6B,0x02,
  0x4A,0x02,0x4A,0x02,0x4A,0x02,0x4A,0x02,0x4A,0x02,0x4A,0x02,0x4A,0x02,0x4A,0x02,0x4A,0x02,0x4A,0x02,0x4A,0x02,0x4A,0x02,
  0x4A,0x02,0x6B,0x02,0x6B,0x02,0x6B,0x02,0x6B,0x02,0x6B,0x02,0x6B,0x02,0x6B,0x02,0x4A,0x02,0x4A,0x02,0x6B,0x02,0x6B,0x02,
  0x6B,0x02,0x6B,0x02,0x4A,0x02,0x4A,0x02,0x4A,0x02,0x4A,0x02,0x4A,0x02,0x4A,0x02,0x4A,0x02,0x6B,0x02,0x6B,0x02,0x6B,0x02,
  0x6B,0x02,0x6B,0x02,0x6B,0x02,0x4A,0x02,0x4A,0x02,0x4A,0x02,0x4A,0x02,0x4A,0x02,0x4A,0x02,0x4A,0x02,0x6A,0x02,0x6A,0x02,
  0x6A,0x02,0x6A,0x02,0x6A,0x02,0x6A,0x02,0x8A,0x02,0x6A,0x02,0x6A,0x02,0x4B,0x02,0x6A,0x02,0x6A,0x02,0x4A,0x02,0x4A,0x02,
  0x2A,0x02,0x4A,0x02,0x4A,0x02,0x49,0x02,0x29,0x12,0x4A,0x22,0x8A,0x3A,0xA9,0x4A,0xC7,0x62,0xC9,0x93,0x05,0x42,0xE4,0x08,
  0x68,0x4A,0xC6,0x31,0x05,0x01,0x27,0x01,0x27,0x01,0x26,0x01,0x04,0x19,0x44,0x39,0x66,0x5A,0xE9,0x93,0x69,0xC4,0x08,0xB4,
  0xEA,0x93,0x4A,0x43,0x6A,0x02,0x4C,0x02,0x6C,0x02,0x6B,0x02,0x0A,0x02,0x0B,0x02,0x2A,0x33,0x8B,0x7C,0x2D,0xD6,0xAD,0xFE,
  0xAE,0xFE,0x31,0xFF,0xCF,0xFE,0x8C,0xFE,0x4B,0xFE,0xE9,0xF5,0xC9,0xDD,0x88,0xD5,0x0A,0xE6,0x0A,0xDE,0x26,0xBD,0x65,0xBD,
  0x08,0xC6,0x6A,0xCE,0x8C,0xCE,0x2C,0xBE,0x6E,0xBE,0xED,0x95,0xCC,0x54,0x0C,0x34,0xE9,0x0A,0x2A,0x02,0x4A,0x02,0x8A,0x02,
  0x6A,0x02,0x4B,0x0A,0x6A,0x02,0x6A,0x02,0x4A,0x02,0x4B,0x02,0x4B,0x02,0x6B,0x02,0x6B,0x02,0x4A,0x02,0x4A,0x02,0x4A,0x02,
  0x4A,0x02,0x4A,0x02,0x4A,0x02,0x6B,0x02,0x6B,0x02,0x6B,0x02,0x6B,0x02,0x6B,0x02,0x6B,0x02,0x6B,0x02,0x6B,0x02,0x6B,0x02,
  0x4A,0x02,0x4A,0x02,0x4A,0x02,0x4A,0x02,0x4A,0x02,0x4A,0x02,0x6B,0x02,0x6B,0x02,0x4A,0x02,0x4A,0x02,0x4A,0x02,0x4A,0x02,
  0x4A,0x02,0x4A,0x02,0x4A,0x02,0x4A,0x02,0x4A,0x02,0x4A,0x02,0x4A,0x02,0x4A,0x02,0x4A,0x02,0x6B,0x02,0x6B,0x02,0x6B,0x02,
  0x6B,0x02,0x6B,0x02,0x6B,0x02,0x6B,0x02,0x4A,0x02,0x4A,0x02,0x6B,0x02,0x6B,0x02,0x6B,0x02,0x6B,0x02,0x6B,0x02,0x6B,0x02,
  0x6B,0x02,0x4A,0x02,0x4A,0x02,0x6B,0x02,0x6B,0x02,0x4A,0x02,0x6B,0x02,0x6B,0x02,0x6B,0x02,0x6B,0x02,0x6B,0x02,0x6B,0x02,
  0x6B,0x02,0x4A,0x02,0x4A,0x02,0x4A,0x02,0x4A,0x02,0x4A,0x02,0x4A,0x02,0x4A,0x02,0x4A,0x02,0x4A,0x02,0x4A,0x02,0x4A,0x02,
  0x4A,0x02,0x4A,0x02,0x4A,0x02,0x4A,0x02,0x6B,0x02,0x6B,0x02,0x4A,0x02,0x4A,0x02,0x4A,0x02,0x4A,0x02,0x4B,0x02,0x4B,0x02,
  0x4A,0x02,0x4A,0x02,0x2A,0x02,0x2B,0x02,0x48,0x0A,0xCF,0xD5,0xA9,0x9B,0x09,0x3A,0xE8,0x29,0x45,0x09,0x45,0x09,0x04,0x19,
  0x85,0x39,0x85,0x7A,0xE6,0xBB,0xA7,0xDC,0x08,0xAC,0xC7,0x6A,0x44,0x21,0x63,0x00,0x64,0x00,0x66,0x19,0x88,0x42,0x09,0x33,
  0xCA,0x1A,0x6A,0x02,0x6B,0x02,0x8B,0x02,0x6B,0x02,0x2A,0x02,0x69,0x12,0x69,0x53,0x29,0x7C,0xED,0xC5,0x2C,0xDE,0xE9,0xDD,
  0x4A,0xE6,0x2A,0xDE,0x29,0xC6,0x28,0xC6,0x69,0xCE,0x69,0xCE,0x29,0xC6,0x6B,0xC6,0x2B,0xAE,0xAB,0x85,0x4C,0x7D,0x6A,0x64,
  0xA9,0x3B,0xC8,0x12,0x89,0x02,0x4A,0x02,0x6A,0x02,0x6B,0x02,0x6B,0x02,0x6A,0x02,0x6B,0x02,0x6B,0x02,0x6B,0x02,0x6B,0x02,
  0x6B,0x02,0x6B,0x02,0x6B,0x02,0x6B,0x02,0x6B,0x02,0x6B,0x02,0x6B,0x02,0x6B,0x02,0x4A,0x02,0x4A,0x02,0x4A,0x02,0x6B,0x02,
  0x6B,0x02,0x6B,0x02,0x6B,0x02,0x6B,0x02,0x6B,0x02,0x6B,0x02,0x6B,0x02,0x6B,0x02,0x6B,0x02,0x6B,0x02,0x6B,0x02,0x6B,0x02,
  0x6B,0x02,0x6B,0x02,0x6B,0x02,0x6B,0x02,0x6B,0x02,0x6B,0x02,0x6B,0x02,0x6B,0x02,0x6B,0x02,0x4A,0x02,0x4A,0x02,0x4A,0x02,
  0x4A,0x02,0x4A,0x02,0x4A,0x02,0x4A,0x02,0x4A,0x02,0x6B,0x02,0x6B,0x02,0x6B,0x02,0x6B,0x02,0x6B,0x02,0x6B,0x02,0x6B,0x02,
  0x4A,0x02,0x4A,0x02,0x6B,0x02,0x6B,0x02,0x6B,0x02,0x6B,0x02,0x6B,0x02,0x6B,0x02,0x6B,0x02,0x4A,0x02,0x4A,0x02,0x6B,0x02,
  0x6B,0x02,0x4A,0x02,0x6B,0x02,0x6B,0x02,0x6B,0x02,0x6B,0x02,0x6B,0x02,0x6B,0x02,0x6B,0x02,0x4A,0x02,0x4A,0x02,0x4A,0x02,
  0x4A,0x02,0x4A,0x02,0x4A,0x02,0x4A,0x02,0x4A,0x02,0x4A,0x02,0x4A,0x02,0x4A,0x02,0x4A,0x02,0x4A,0x02,0x4A,0x02,0x4A,0x02,
  0x4A,0x02,0x4B,0x02,0x6B,0x02,0x4A,0x02,0x4A,0x02,0x4A,0x02,0x4A,0x02,0x4A,0x02,0x4A,0x02,0x4A,0x02,0x4A,0x02,0x4B,0x02,
  0xAA,0x22,0x8E,0xC5,0xC4,0x82,0x43,0x21,0xA6,0x19,0xE6,0x39,0xE7,0x72,0xE8,0xAB,0x8A,0xBC,0x6B,0x9C,0xE9,0x9B,0xE9,0xA3,
  0x07,0x93,0x25,0x7A,0xE5,0x51,0x84,0x39,0xE4,0x10,0x64,0x00,0x45,0x00,0x05,0x19,0x08,0x32,0xAA,0x3A,0xCA,0x22,0x69,0x0A,
  0x49,0x02,0x6B,0x02,0x6C,0x02,0x2A,0x02,0x2A,0x02,0x2B,0x0A,0x8A,0x1A,0xE8,0x2A,0x89,0x43,0xCA,0x43,0xE9,0x53,0x0A,0x54,
  0x2A,0x5C,0x2A,0x5C,0xC9,0x4B,0x6A,0x33,0x2A,0x23,0xA9,0x0A,0x69,0x02,0x09,0x02,0x0A,0x02,0x2C,0x02,0x6C,0x02,0x6A,0x02,
  0x69,0x0A,0x6A,0x02,0x6B,0x02,0x6B,0x02,0x6B,0x02,0x6B,0x02,0x6B,0x02,0x6B,0x02,0x6B,0x02,0x6B,0x02,0x6B,0x02,0x6B,0x02,
  0x6B,0x02,0x6B,0x02,0x6B,0x02,0x6B,0x02,0x4A,0x02,0x4A,0x02,0x4A,0x02,0x6B,0x02,0x6B,0x02,0x6B,0x02,0x6B,0x02,0x6B,0x02,
  0x6B,0x02,0x6B,0x02,0x6B,0x02,0x6B,0x02,0x6B,0x02,0x6B,0x02,0x6B,0x02,0x6B,0x02,0x6B,0x02,0x6B,0x02,0x6B,0x02,0x6B,0x02,
  0x6B,0x02,0x6B,0x02,0x6B,0x02,0x6B,0x02,0x6B,0x02,0x4A,0x02,0x4A,0x02,0x4A,0x02,0x4A,0x02,0x4A,0x02,0x4A,0x02,0x4A,0x02,
  0x4A,0x02,0x6B,0x02,0x6B,0x02,0x6B,0x02,0x6B,0x02,0x6B,0x02,0x6B,0x02,0x6B,0x02,0x4A,0x02,0x4A,0x02,0x6B,0x02,0x6B,0x02,
  0x6B,0x02,0x6B,0x02,0x6B,0x02,0x6B,0x02,0x6B,0x02,0x4A,0x02,0x6B,0x02,0x4A,0x02,0x4A,0x02,0x6B,0x02,0x6B,0x02,0x6B,0x02,
  0x6B,0x02,0x6B,0x02,0x6B,0x02,0x4A,0x02,0x4A,0x02,0x4A,0x02,0x4A,0x02,0x4A,0x02,0x4A,0x02,0x4A,0x02,0x4A,0x02,0x4A,0x02,
  0x4A,0x02,0x4A,0x02,0x4A,0x02,0x4A,0x02,0x4A,0x02,0x4A,0x02,0x4A,0x02,0x4A,0x02,0x6B,0x02,0x6B,0x02,0x6B,0x02,0x6B,0x02,
  0x4A,0x02,0x4A,0x02,0x4A,0x02,0x4A,0x02,0x4A,0x02,0x4A,0x02,0x4A,0x02,0x4A,0x02,0x48,0x12,0x0B,0x7C,0x27,0x73,0x08,0x63,
  0x67,0x7B,0x48,0x7B,0x8B,0x73,0x2B,0x43,0x89,0x1A,0x28,0x02,0xEA,0x01,0x2B,0x0A,0x89,0x22,0xE7,0x4A,0x08,0x73,0x68,0x7B,
  0x47,0x73,0xA7,0x6A,0xE6,0x51,0x45,0x21,0xC4,0x00,0xC4,0x00,0x87,0x21,0x8A,0x3A,0xEC,0x2A,0x6B,0x12,0x4A,0x02,0x6B,0x02,
  0x8B,0x02,0x8A,0x02,0x6A,0x02,0x49,0x02,0x29,0x02,0x09,0x02,0x2A,0x02,0x09,0x02,0x09,0x02,0x0A,0x02,0x2A,0x02,0x2A,0x02,
  0x4A,0x02,0x6B,0x02,0x6B,0x02,0x6B,0x02,0x6B,0x02,0x6B,0x02,0x6B,0x02,0x6B,0x02,0x4A,0x02,0x6B,0x02,0x6B,0x02,0x6B,0x02,
  0x6B,0x02,0x6B,0x02,0x6B,0x02,0x6B,0x02,0x6B,0x02,0x6B,0x02,0x6B,0x02,0x6B,0x02,0x6B,0x02,0x6B,0x02,0x6B,0x02,0x6B,0x02,
  0x4A,0x02,0x4A,0x02,0x6B,0x02,0x6B,0x02,0x6B,0x02,0x6B,0x02,0x6B,0x02,0x6B,0x02,0x6B,0x02,0x6B,0x02,0x6B,0x02,0x6B,0x02,
  0x6B,0x02,0x6B,0x02,0x6B,0x02,0x6B,0x02,0x6B,0x02,0x6B,0x02,0x6B,0x02,0x6B,0x02,0x6B,0x02,0x6B,0x02,0x6B,0x02,0x6B,0x02,
  0x6B,0x02,0x4A,0x02,0x4A,0x02,0x4A,0x02,0x4A,0x02,0x4A,0x02,0x4A,0x02,0x4A,0x02,0x4A,0x02,0x6B,0x02,0x6B,0x02,0x6B,0x02,
  0x6B,0x02,0x6B,0x02,0x6B,0x02,0x6B,0x02,0x4A,0x02,0x4A,0x02,0x6B,0x02,0x6B,0x02,0x6B,0x02,0x6B,0x02,0x6B,0x02,0x6B,0x02,
  0x6B,0x02,0x6B,0x02,0x6B,0x02,0x6B,0x02,0x6B,0x02,0x6B,0x02,0x6B,0x02,0x6B,0x02,0x6B,0x02,0x6B,0x02,0x6B,0x02,0x4A,0x02,
  0x4A,0x02,0x4A,0x02,0x6B,0x02,0x6B,0x02,0x6B,0x02,0x6B,0x02,0x6B,0x02,0x6B,0x02,0x6B,0x02,0x6B,0x02,0x6B,0x02,0x4A,0x02,
  0x4A,0x02,0x4A,0x02,0x4A,0x02,0x6B,0x02,0x6B,0x02,0x6B,0x02,0x6B,0x02,0x6B,0x02,0x6B,0x02,0x4A,0x02,0x4A,0x02,0x4A,0x02,
  0x4A,0x02,0x4A,0x02,0x4A,0x02,0x6A,0x02,0x4A,0x02,0x48,0x1A,0xC9,0x32,0xAB,0x22,0x6B,0x0A,0x4A,0x02,0x09,0x02,0x2B,0x02,
  0x6C,0x02,0x6B,0x0A,0x89,0x02,0x89,0x02,0x6A,0x02,0x2B,0x02,0x2A,0x02,0x29,0x02,0x48,0x22,0xC8,0x42,0x29,0x5B,0x28,0x73,
  0xE8,0x72,0x47,0x5A,0x65,0x39,0xC4,0x18,0x25,0x19,0x49,0x32,0xCB,0x22,0x49,0x02,0x6A,0x02,0x6A,0x02,0x6A,0x02,0x6B,0x02,
  0x4B,0x0A,0x6C,0x0A,0x8B,0x02,0x8B,0x02,0x8B,0x02,0x8B,0x02,0x8A,0x02,0x8A,0x02,0x6A,0x02,0x6A,0x02,0x6A,0x02,0x6A,0x02,
  0x89,0x02,0x69,0x02,0x6A,0x02,0x6B,0x02,0x6B,0x02,0x6B,0x02,0x6B,0x02,0x6B,0x02,0x6B,0x02,0x6B,0x02,0x6B,0x02,0x6B,0x02,
  0x6B,0x02,0x6B,0x02,0x6B,0x02,0x6B,0x02,0x6B,0x02,0x6B,0x02,0x6B,0x02,0x6B,0x02,0x6B,0x02,0x6B,0x02,0x6B,0x02,0x6B,0x02,
  0x6B,0x02,0x6B,0x02,0x6B,0x02,0x6B,0x02,0x6B,0x02,0x6B,0x02,0x6B,0x02,0x6B,0x02,0x6B,0x02,0x6B,0x02,0x6B,0x02,0x6B,0x02,
  0x6B,0x02,0x6B,0x02,0x6B,0x02,0x6B,0x02,0x6B,0x02,0x6B,0x02,0x6B,0x02,0x6B,0x02,0x6B,0x02,0x6B,0x02,0x6B,0x02,0x6B,0x02,
  0x6B,0x02,0x6B,0x02,0x6B,0x02,0x6B,0x02,0x6B,0x02,0x6B,0x02,0x6B,0x02,0x6B,0x02,0x6B,0x02,0x6B,0x02,0x6B,0x02,0x6B,0x02,
  0x4A,0x02,0x4A,0x02,0x6B,0x02,0x6B,0x02,0x6B,0x02,0x6B,0x02,0x6B,0x02,0x6B,0x02,0x6B,0x02,0x6B,0x02,0x6B,0x02,0x6B,0x02,
  0x6B,0x02,0x6B,0x02,0x6B,0x02,0x6B,0x02,0x6B,0x02,0x6B,0x02,0x6B,0x02,0x4A,0x02,0x4A,0x02,0x4A,0x02,0x6B,0x02,0x6B,0x02,
  0x6B,0x02,0x6B,0x02,0x6B,0x02,0x6B,0x02,0x6B,0x02,0x6B,0x02,0x6B,0x02,0x4A,0x02,0x4A,0x02,0x4A,0x02,0x4A,0x02,0x6B,0x02,
  0x6B,0x02,0x6B,0x02,0x6B,0x02,0x6B,0x02,0x6B,0x02,0x4A,0x02,0x4A,0x02,0x4A,0x02,0x4A,0x02,0x4A,0x02,0x6A,0x02,0x6A,0x02,
  0x6B,0x02,0x4B,0x02,0x2A,0x02,0x2A,0x02,0x4A,0x02,0x6A,0x02,0x8A,0x02,0x4A,0x0A,0x4A,0x0A,0x8A,0x02,0x6A,0x02,0x4B,0x02,
  0x4B,0x02,0x6B,0x02,0x6A,0x02,0x4B,0x02,0x4C,0x02,0x2A,0x02,0x2A,0x02,0x2A,0x0A,0x6A,0x1A,0xCA,0x2A,0x0A,0x43,0xE9,0x4A,
  0x28,0x42,0x28,0x2A,0xAA,0x1A,0x6A,0x02,0x8C,0x02,0x6B,0x02,0x6B,0x02,0x6B,0x02,0x6A,0x02,0x6A,0x02,0x4B,0x02,0x4B,0x02,
  0x4B,0x02,0x4B,0x02,0x6B,0x02,0x6B,0x02,0x6B,0x02,0x6B,0x02,0x6B,0x02,0x6B,0x02,0x6B,0x02,0x4B,0x02,0x6B,0x02,0x6B,0x02,
  0x6B,0x02,0x6B,0x02,0x6B,0x02,0x6B,0x02,0x6B,0x02,0x6B,0x02,0x6B,0x02,0x6B,0x02,0x6B,0x02,0x6B,0x02,0x6B,0x02,0x6B,0x02,
  0x6B,0x02,0x6B,0x02,0x6B,0x02,0x6B,0x02,0x6B,0x02,0x6B,0x02,0x6B,0x02,0x6B,0x02,0x6B,0x02,0x6B,0x02,0x6B,0x02,0x6B,0x02,
  0x6B,0x02,0x6B,0x02,0x6B,0x02,0x6B,0x02,0x6B,0x02,0x6B,0x02,0x6B,0x02,0x6B,0x02,0x6B,0x02,0x6B,0x02,0x6B,0x02,0x6B,0x02,
  0x6B,0x02,0x6B,0x02,0x6B,0x02,0x6B,0x02,0x6B,0x02,0x6B,0x02,0x6B,0x02,0x6B,0x02,0x6B,0x02,0x6B,0x02,0x6B,0x02,0x6B,0x02,
  0x6B,0x02,0x6B,0x02,0x6B,0x02,0x6B,0x02,0x6B,0x02,0x6B,0x02,0x6B,0x02,0x6B,0x02,0x4A,0x02,0x4A,0x02,0x6B,0x02,0x6B,0x02,
  0x6B,0x02,0x6B,0x02,0x6B,0x02,0x6B,0x02,0x6B,0x02,0x6B,0x02,0x6B,0x02,0x6B,0x02,0x6B,0x02,0x6B,0x02,0x6B,0x02,0x6B,0x02,
  0x6B,0x02,0x6B,0x02,0x6B,0x02,0x4A,0x02,0x4A,0x02,0x4A,0x02,0x6B,0x02,0x6B,0x02,0x6B,0x02,0x6B,0x02,0x6B,0x02,0x6B,0x02,
  0x6B,0x02,0x6B,0x02,0x6B,0x02,0x6B,0x02,0x6B,0x02,0x6B,0x02,0x6B,0x02,0x6B,0x02,0x6B,0x02,0x6B,0x02,0x6B,0x02,0x6B,0x02,
  0x6B,0x02,0x6B,0x02,0x6B,0x02,0x6B,0x02,0x4A,0x02,0x4A,0x02,0x4A,0x02,0x4A,0x02,0x4A,0x02,0x4A,0x02,0x4A,0x02,0x4A,0x02,
  0x4A,0x02,0x4A,0x02,0x4A,0x02,0x6B,0x02,0x4A,0x02,0x4A,0x02,0x4A,0x02,0x4A,0x02,0x4A,0x02,0x4A,0x02,0x4A,0x02,0x4A,0x02,
  0x4A,0x02,0x6B,0x02,0x6B,0x02,0x6B,0x02,0x4B,0x02,0x4A,0x02,0x2A,0x02,0x4A,0x02,0xAA,0x12,0xAB,0x0A,0x4A,0x02,0x6B,0x02,
  0x6B,0x02,0x6A,0x02,0x6A,0x02,0x6A,0x02,0x6A,0x02,0x6A,0x02,0x6A,0x02,0x6B,0x02,0x6B,0x02,0x6B,0x02,0x6B,0x02,0x6B,0x02,
  0x6B,0x02,0x6B,0x02,0x6B,0x02,0x6B,0x02,0x6B,0x02,0x6B,0x02,0x6B,0x02,0x6B,0x02,0x6B,0x02,0x6B,0x02,0x6B,0x02,0x6B,0x02,
  0x6B,0x02,0x6B,0x02,0x6B,0x02,0x6B,0x02,0x6B,0x02,0x6B,0x02,0x6B,0x02,0x6B,0x02,0x6B,0x02,0x6B,0x02,0x6B,0x02,0x6B,0x02,
  0x6B,0x02,0x6B,0x02,0x6B,0x02,0x6B,0x02,0x6B,0x02,0x6B,0x02,0x6B,0x02,0x6B,0x02,0x6B,0x02,0x6B,0x02,0x6B,0x02,0x6B,0x02,
  0x6B,0x02,0x6B,0x02,0x6B,0x02,0x6B,0x02,0x6B,0x02,0x6B,0x02,0x6B,0x02,0x6B,0x02,0x6B,0x02,0x6B,0x02,0x6B,0x02,0x6B,0x02,
  0x6B,0x02,0x6B,0x02,0x6B,0x02,0x6B,0x02,0x6B,0x02,0x6B,0x02,0x6B,0x02,0x6B,0x02,0x6B,0x02,0x6B,0x02,0x6B,0x02,0x6B,0x02,
  0x6B,0x02,0x6B,0x02,0x6B,0x02,0x6B,0x02,
};
static const lv_img_dsc_t img_plane = {
  { LV_IMG_CF_TRUE_COLOR, 0, 0, 152, 122 }, 37088, img_plane_map
};

/* img_weather: 24x20, 960 bytes */
static const uint8_t img_weather_map[] = {
  0xA7,0x01,0xA7,0x01,0xA7,0x01,0xA7,0x01,0xA7,0x01,0xA7,0x01,0xA7,0x01,0xA7,0x01,0xA7,0x01,0xA7,0x01,0xA7,0x01,0xA7,0x01,
  0x67,0x01,0xA7,0x01,0xC7,0x09,0x47,0x01,0x49,0x8C,0x49,0x8C,0x47,0x01,0xC7,0x09,0xA7,0x01,0x87,0x01,0xA7,0x01,0xA7,0x01,
  0xA7,0x01,0xA7,0x01,0xA7,0x01,0xA7,0x01,0xA7,0x01,0xA7,0x01,0xA7,0x01,0xA7,0x01,0xA7,0x01,0xA7,0x01,0xA7,0x01,0xA7,0x01,
  0x08,0x4B,0xC7,0x09,0xA7,0x01,0x67,0x01,0x49,0x8C,0x49,0x8C,0x47,0x01,0xA7,0x01,0xC7,0x09,0x88,0x2A,0xA7,0x01,0xA7,0x01,
  0xA7,0x01,0xA7,0x01,0xA7,0x01,0xA7,0x01,0xA7,0x01,0xA7,0x01,0xA7,0x01,0xA7,0x01,0xA7,0x01,0xA7,0x01,0xA7,0x01,0x87,0x01,
  0x2A,0xA5,0x6A,0xB5,0x87,0x01,0x67,0x01,0x48,0x22,0x68,0x2A,0x67,0x01,0xA7,0x09,0x6A,0xBD,0xCA,0x94,0x67,0x01,0xC7,0x01,
  0xA7,0x01,0xA7,0x01,0xA7,0x01,0xA7,0x01,0xA7,0x01,0xA7,0x01,0xA7,0x01,0xA7,0x01,0xA7,0x01,0xC7,0x09,0xC8,0x09,0xA7,0x01,
  0xE8,0x11,0x89,0x63,0x28,0x1A,0xAA,0x9C,0xEB,0xDD,0x0B,0xDE,0xEA,0xA4,0xC8,0x3A,0x09,0x7C,0xE7,0x11,0xA7,0x01,0xA7,0x01,
  0xA7,0x01,0xA7,0x01,0xA7,0x01,0xA7,0x01,0xA7,0x01,0xA7,0x01,0xA7,0x01,0xC7,0x09,0xA7,0x01,0x66,0x01,0x46,0x01,0x46,0x01,
  0x46,0x01,0x47,0x01,0x6A,0xBD,0xEB,0xFE,0x6B,0xF6,0x6B,0xF6,0xCB,0xFE,0xCB,0xD5,0xA7,0x01,0x87,0x01,0xA7,0x01,0xA7,0x01,
  0xA7,0x01,0xA7,0x01,0xA7,0x01,0xA7,0x01,0xA7,0x01,0xA7,0x01,0xC7,0x01,0x66,0x01,0xC8,0x09,0x6E,0x4B,0x92,0x7C,0xD3,0x84,
  0x6F,0x4B,0xCA,0x6B,0xAA,0xFE,0x4B,0xEE,0x4B,0xF6,0x4B,0xF6,0x2B,0xEE,0xCB,0xFE,0x09,0x7C,0x67,0x01,0xE7,0x11,0xC7,0x09,
  0xA7,0x01,0xA7,0x01,0xA7,0x01,0xA7,0x01,0xA7,0x01,0xC7,0x01,0x66,0x01,0x2D,0x43,0xBA,0xCE,0xDF,0xFF,0xFF,0xFF,0xFF,0xFF,
  0xFF,0xFF,0x7C,0xF7,0xD1,0xF6,0x4A,0xF6,0x6B,0xF6,0x6B,0xF6,0x4B,0xEE,0xAB,0xFE,0x69,0x8C,0x49,0x53,0x4B,0xD6,0x49,0x84,
  0xA7,0x01,0xA7,0x01,0xA7,0x01,0xC7,0x01,0xE8,0x09,0x66,0x01,0x8E,0x4B,0xDF,0xFF,0xFF,0xFF,0xBD,0xF7,0x9D,0xF7,0x9D,0xF7,
  0xBD,0xF7,0xBE,0xF7,0xDF,0xF7,0xF2,0xF6,0x4A,0xF6,0x6C,0xF6,0x4B,0xEE,0xCB,0xFE,0x29,0x7C,0xE7,0x11,0xE8,0x3A,0x48,0x22,
  0xA7,0x01,0xC7,0x01,0xA7,0x01,0x66,0x01,0x25,0x01,0x29,0x1A,0x5D,0xE7,0xDE,0xFF,0x9D,0xF7,0xBE,0xF7,0xBE,0xF7,0xBE,0xF7,
  0xBE,0xF7,0xBE,0xF7,0xBE,0xF7,0xBE,0xF7,0x8E,0xF6,0x29,0xF6,0x6A,0xFE,0x2B,0xDE,0xE8,0x11,0x67,0x01,0x87,0x01,0x87,0x01,
  0xA7,0x01,0x87,0x01,0xA7,0x01,0x4E,0x43,0x51,0x74,0x18,0xB6,0xFF,0xFF,0x9D,0xF7,0xBE,0xF7,0xBE,0xF7,0xBE,0xF7,0xBE,0xF7,
  0xBE,0xF7,0xBE,0xF7,0xBE,0xF7,0xDF,0xF7,0x7A,0xF7,0xF3,0xF6,0x90,0xEE,0xE8,0x3A,0x28,0x53,0x08,0x12,0xA7,0x01,0xA7,0x01,
  0x86,0x01,0x6A,0x22,0x59,0xBE,0xDF,0xFF,0xFF,0xFF,0xFF,0xFF,0xBE,0xF7,0xBE,0xF7,0xBE,0xF7,0xBE,0xF7,0xBE,0xF7,0xBE,0xF7,
  0xBE,0xF7,0xBE,0xF7,0xBE,0xF7,0xBE,0xF7,0xBE,0xF7,0xDF,0xF7,0xBF,0xF7,0x7A,0xC6,0x6E,0xDE,0xC9,0x9C,0xA7,0x01,0xA7,0x01,
  0x29,0x1A,0xDB,0xD6,0xFF,0xFF,0xBD,0xF7,0x9D,0xF7,0xBE,0xF7,0xBE,0xF7,0xBE,0xF7,0xBE,0xF7,0xBE,0xF7,0xBE,0xF7,0xBE,0xF7,
  0xBE,0xF7,0xBE,0xF7,0xBE,0xF7,0xBE,0xF7,0xBE,0xF7,0xBD,0xF7,0xBD,0xF7,0xFF,0xFF,0x7D,0xEF,0xCB,0x6B,0x87,0x01,0xA7,0x01,
  0x35,0x95,0xFF,0xFF,0x9D,0xF7,0xBE,0xF7,0xBE,0xF7,0xBE,0xF7,0xBE,0xF7,0xBE,0xF7,0xBE,0xF7,0xBE,0xF7,0xBE,0xF7,0xBE,0xF7,
  0xBE,0xF7,0xBE,0xF7,0xBE,0xF7,0xBE,0xF7,0xBE,0xF7,0xBE,0xF7,0xBE,0xF7,0x9D,0xF7,0xFF,0xFF,0x97,0x9D,0x66,0x01,0xC7,0x09,
  0x1C,0xDF,0xDE,0xFF,0xBE,0xF7,0xBE,0xF7,0xBE,0xF7,0xBE,0xF7,0xBE,0xF7,0xBE,0xF7,0xBE,0xF7,0xBE,0xF7,0xBE,0xF7,0xBE,0xF7,
  0xBE,0xF7,0xBE,0xF7,0xBE,0xF7,0xBE,0xF7,0xBE,0xF7,0xBE,0xF7,0xBE,0xF7,0xBE,0xF7,0xDE,0xFF,0x7D,0xEF,0x29,0x1A,0x87,0x01,
  0xBD,0xF7,0xBE,0xF7,0xBE,0xF7,0xBE,0xF7,0xBE,0xF7,0xBE,0xF7,0xBE,0xF7,0xBE,0xF7,0xBE,0xF7,0xBE,0xF7,0xBE,0xF7,0xBE,0xF7,
  0xBE,0xF7,0xBE,0xF7,0xBE,0xF7,0xBE,0xF7,0xBE,0xF7,0xBE,0xF7,0xBE,0xF7,0xBE,0xF7,0xBE,0xF7,0xBE,0xF7,0xCC,0x32,0x86,0x01,
  0x3C,0xE7,0xDE,0xFF,0xBE,0xF7,0xBE,0xF7,0xBE,0xF7,0xBE,0xF7,0xBE,0xF7,0xBE,0xF7,0xBE,0xF7,0xBE,0xF7,0xBE,0xF7,0xBE,0xF7,
  0xBE,0xF7,0xBE,0xF7,0xBE,0xF7,0xBE,0xF7,0xBE,0xF7,0xBE,0xF7,0xBE,0xF7,0xBE,0xF7,0xDE,0xFF,0x7D,0xEF,0x4A,0x1A,0x87,0x01,
  0x96,0x9D,0xFF,0xFF,0x9D,0xF7,0xBE,0xF7,0xBE,0xF7,0xBE,0xF7,0xBE,0xF7,0xBE,0xF7,0xBE,0xF7,0xBE,0xF7,0xBE,0xF7,0xBE,0xF7,
  0xBE,0xF7,0xBE,0xF7,0xBE,0xF7,0xBE,0xF7,0xBE,0xF7,0xBE,0xF7,0xBE,0xF7,0x9D,0xF7,0xFF,0xFF,0x18,0xB6,0x87,0x01,0xA7,0x01,
  0x6A,0x22,0x3C,0xE7,0xFF,0xFF,0x9D,0xF7,0x9E,0xF7,0xBE,0xF7,0xBE,0xF7,0xBE,0xF7,0xBE,0xF7,0xBE,0xF7,0xBE,0xF7,0xBE,0xF7,
  0xBE,0xF7,0xBE,0xF7,0xBE,0xF7,0xBE,0xF7,0xBE,0xF7,0xBE,0xF7,0x9D,0xF7,0xFF,0xFF,0xBE,0xF7,0xEC,0x32,0x86,0x01,0xC7,0x01,
  0x66,0x01,0xEC,0x32,0xDB,0xD6,0xFF,0xFF,0xFF,0xFF,0xFF,0xFF,0xFF,0xFF,0xFF,0xFF,0xFF,0xFF,0xFF,0xFF,0xFF,0xFF,0xFF,0xFF,
  0xFF,0xFF,0xFF,0xFF,0xFF,0xFF,0xFF,0xFF,0xFF,0xFF,0xFF,0xFF,0xFF,0xFF,0x1C,0xDF,0x6E,0x4B,0x66,0x01,0xC7,0x01,0xA7,0x01,
  0xC7,0x01,0x66,0x01,0x08,0x12,0x10,0x64,0x96,0x9D,0xB7,0xA5,0xB6,0xA5,0xB6,0xA5,0xB6,0xA5,0xB6,0xA5,0xB6,0xA5,0xB6,0xA5,
  0xB6,0xA5,0xB6,0xA5,0xB6,0xA5,0xB6,0xA5,0xB7,0xA5,0xB6,0xA5,0x51,0x6C,0x49,0x1A,0x66,0x01,0xC7,0x09,0xA7,0x01,0xA7,0x01,
};
static const lv_img_dsc_t img_weather = {
  { LV_IMG_CF_TRUE_COLOR, 0, 0, 24, 20 }, 960, img_weather_map
};

/* img_battery: 28x13, 728 bytes */
static const uint8_t img_battery_map[] = {
  0x87,0x01,0xA7,0x09,0x89,0x5B,0x69,0x8C,0x49,0x8C,0x69,0x8C,0x69,0x8C,0x69,0x8C,0x69,0x8C,0x69,0x8C,0x69,0x8C,0x69,0x8C,
  0x69,0x8C,0x69,0x8C,0x69,0x8C,0x69,0x8C,0x69,0x8C,0x49,0x8C,0x49,0x84,0x49,0x84,0x49,0x8C,0xA9,0x63,0xE7,0x11,0x87,0x01,
  0xC7,0x01,0xA7,0x01,0xA7,0x01,0xA7,0x01,0x08,0x12,0x4A,0xBD,0xEC,0xFE,0x0B,0xE6,0x0B,0xDE,0x0B,0xDE,0x0B,0xDE,0x0B,0xDE,
  0x0B,0xDE,0x0B,0xDE,0x0B,0xDE,0x0B,0xDE,0x0B,0xDE,0x0B,0xDE,0x0B,0xDE,0x0B,0xDE,0x0B,0xDE,0x2B,0xEE,0x6B,0xF6,0x4B,0xF6,
  0x4B,0xEE,0xCB,0xFE,0xCB,0xCD,0x48,0x22,0x87,0x01,0xC7,0x01,0xA7,0x01,0xA7,0x01,0xEA,0xA4,0xAB,0xFE,0x48,0x5B,0xA9,0x6B,
  0x49,0x8C,0x29,0x84,0x49,0x84,0x49,0x84,0x49,0x84,0x29,0x84,0x49,0x8C,0x49,0x8C,0x29,0x84,0x49,0x84,0x49,0x84,0x49,0x84,
  0x49,0x8C,0xC8,0x3A,0xC7,0x09,0x07,0x12,0xE7,0x09,0xE8,0x42,0x8B,0xF6,0x4A,0xBD,0x87,0x01,0xA7,0x01,0xA7,0x01,0xA7,0x01,
  0xCB,0xFE,0x49,0x84,0x29,0x7C,0xEC,0xFE,0x8B,0xFE,0xAB,0xFE,0xAB,0xFE,0xAB,0xFE,0x8B,0xFE,0xCB,0xFE,0x4B,0xEE,0x0A,0xAD,
  0xCB,0xFE,0x8B,0xFE,0xAB,0xFE,0xAB,0xFE,0xAB,0xFE,0x6B,0xEE,0x88,0x32,0x67,0x01,0xC7,0x01,0x27,0x01,0xE9,0x73,0xAB,0xFE,
  0x48,0x22,0x87,0x01,0x07,0x12,0x87,0x01,0xAB,0xFE,0x49,0x84,0xCB,0xD5,0x8B,0xFE,0x4B,0xEE,0x4B,0xEE,0x4B,0xEE,0x4B,0xEE,
  0x6B,0xF6,0x4B,0xEE,0xC8,0x42,0x8A,0xC5,0xCB,0xFE,0x2B,0xEE,0x4B,0xEE,0x4B,0xEE,0x2B,0xEE,0xCB,0xFE,0x29,0x7C,0x67,0x01,
  0xE7,0x09,0x67,0x01,0x89,0x63,0xAB,0xFE,0x68,0x2A,0xCA,0xA4,0x6B,0xEE,0x89,0x63,0xAB,0xFE,0x69,0x8C,0xAB,0xCD,0x8B,0xFE,
  0x4B,0xF6,0x6B,0xF6,0x4B,0xF6,0x8B,0xFE,0x6B,0xEE,0xC8,0x3A,0x08,0x12,0x09,0x7C,0x0A,0xAD,0x8B,0xFE,0x4B,0xF6,0x6B,0xF6,
  0x4B,0xEE,0xAB,0xFE,0x09,0x7C,0x67,0x01,0xC7,0x09,0x67,0x01,0xA9,0x63,0xAB,0xFE,0xA8,0x32,0x0B,0xDE,0xCB,0xFE,0xEA,0xAC,
  0xAB,0xFE,0x49,0x8C,0xAB,0xD5,0x8B,0xFE,0x4B,0xF6,0x4B,0xF6,0x6B,0xF6,0x2B,0xE6,0xE8,0x42,0xA8,0x01,0xA8,0x01,0x28,0x1A,
  0xEB,0xD5,0x6B,0xF6,0x4B,0xF6,0x6B,0xF6,0x4B,0xEE,0xAB,0xFE,0x09,0x7C,0x67,0x01,0xC7,0x09,0x67,0x01,0x89,0x63,0xAB,0xFE,
  0xA8,0x32,0xCB,0xD5,0xAB,0xFE,0xCA,0x9C,0xAB,0xFE,0x69,0x8C,0xAB,0xCD,0x8B,0xFE,0x4B,0xF6,0x4B,0xF6,0x6B,0xF6,0x0B,0xE6,
  0xCB,0xCD,0x89,0x63,0xE8,0x11,0x0B,0xDE,0xAB,0xFE,0x4B,0xEE,0x6B,0xF6,0x6B,0xF6,0x4B,0xEE,0xAB,0xFE,0x09,0x7C,0x67,0x01,
  0xC7,0x09,0x67,0x01,0xA9,0x63,0xAB,0xFE,0xA8,0x32,0xEB,0xDD,0xAB,0xFE,0xEA,0xAC,0xAB,0xFE,0x49,0x8C,0xCB,0xD5,0x6B,0xF6,
  0x4B,0xEE,0x4B,0xEE,0x4B,0xEE,0x6B,0xF6,0x8B,0xF6,0xA8,0x3A,0x4A,0xBD,0x8B,0xFE,0x2B,0xEE,0x4B,0xEE,0x4B,0xEE,0x4B,0xEE,
  0x2B,0xEE,0xAB,0xFE,0x29,0x84,0x67,0x01,0xC7,0x09,0x67,0x01,0x89,0x63,0xAB,0xFE,0x88,0x2A,0x2A,0xB5,0xCB,0xFE,0xE9,0x73,
  0xCB,0xFE,0x29,0x84,0x8A,0x94,0x0C,0xFF,0xAB,0xFE,0xAB,0xFE,0xAB,0xFE,0xEB,0xFE,0xAA,0xCD,0x4A,0xBD,0x0B,0xFF,0x8B,0xFE,
  0xAB,0xFE,0xAB,0xFE,0xAB,0xFE,0xAB,0xFE,0xAB,0xFE,0xAB,0xFE,0xE8,0x42,0x87,0x01,0xC7,0x09,0x47,0x01,0xC9,0x6B,0xCB,0xFE,
  0x48,0x22,0xC7,0x09,0x88,0x2A,0xA7,0x01,0x4A,0xBD,0x6B,0xEE,0x08,0x4B,0x09,0x7C,0xAA,0x9C,0x8A,0x94,0x8A,0x94,0x8A,0x94,
  0x6A,0x8C,0xAA,0x9C,0x8A,0x94,0x8A,0x94,0x8A,0x94,0x8A,0x94,0x8A,0x94,0x8A,0x94,0xAA,0x94,0x08,0x4B,0x87,0x01,0xC7,0x09,
  0xA7,0x01,0x68,0x2A,0x2B,0xE6,0xAA,0xCD,0xA7,0x01,0xA7,0x01,0x87,0x01,0xA7,0x01,0x48,0x1A,0xEB,0xD5,0xAB,0xFE,0x8A,0xCD,
  0xAB,0xCD,0xAB,0xCD,0xAB,0xCD,0xAB,0xCD,0xAB,0xCD,0xAB,0xCD,0xAB,0xCD,0xAB,0xCD,0xAB,0xCD,0xAB,0xCD,0xAB,0xCD,0xAB,0xCD,
  0xAA,0xCD,0xCB,0xD5,0x0B,0xDE,0xEB,0xDD,0xEB,0xDD,0xAB,0xFE,0x4B,0xE6,0xA8,0x32,0x87,0x01,0xC7,0x09,0xA7,0x01,0xA7,0x01,
  0x87,0x01,0x07,0x12,0x29,0x7C,0x2A,0xB5,0x0A,0xB5,0x2A,0xB5,0x2A,0xB5,0x2A,0xB5,0x2A,0xB5,0x2A,0xB5,0x2A,0xB5,0x2A,0xB5,
  0x2A,0xB5,0x2A,0xB5,0x2A,0xB5,0x2A,0xB5,0x2A,0xB5,0x0A,0xAD,0x0A,0xAD,0x0A,0xAD,0x0A,0xAD,0x49,0x8C,0x28,0x22,0x87,0x01,
  0xA7,0x01,0xA7,0x01,0xA7,0x01,0xA7,0x01,
};
static const lv_img_dsc_t img_battery = {
  { LV_IMG_CF_TRUE_COLOR, 0, 0, 28, 13 }, 728, img_battery_map
};

/* img_heart_sm: 20x19, 760 bytes */
static const uint8_t img_heart_sm_map[] = {
  0x26,0x59,0xE5,0x50,0xE8,0x81,0xAF,0xDB,0x71,0xFC,0x51,0xFC,0x51,0xFC,0xCC,0xB2,0x26,0x59,0x05,0x59,0x46,0x61,0xE5,0x50,
  0xE8,0x81,0xAF,0xDB,0x71,0xFC,0x51,0xFC,0x51,0xFC,0xEC,0xB2,0x26,0x59,0x05,0x59,0xE5,0x50,0x09,0x8A,0x71,0xFC,0x71,0xFC,
  0x51,0xFC,0x51,0xFC,0x51,0xFC,0xB2,0xFC,0x6D,0xCB,0x26,0x59,0xE5,0x48,0x09,0x8A,0x71,0xFC,0x71,0xFC,0x51,0xFC,0x51,0xFC,
  0x51,0xFC,0xB2,0xFC,0x4D,0xCB,0x05,0x59,0xE8,0x81,0x71,0xFC,0x51,0xFC,0x51,0xFC,0x51,0xFC,0x51,0xFC,0x51,0xFC,0x51,0xFC,
  0xB2,0xFC,0x2D,0xC3,0xC8,0x79,0x71,0xFC,0x51,0xFC,0x51,0xFC,0x51,0xFC,0x51,0xFC,0x51,0xFC,0x31,0xFC,0x92,0xFC,0x8E,0xD3,
  0xAF,0xDB,0x71,0xFC,0x51,0xFC,0x51,0xFC,0x51,0xFC,0x51,0xFC,0x51,0xFC,0x51,0xFC,0x51,0xFC,0x30,0xFC,0xCF,0xE3,0x71,0xFC,
  0x51,0xFC,0x51,0xFC,0x51,0xFC,0x51,0xFC,0x51,0xFC,0x51,0xFC,0x51,0xFC,0x71,0xFC,0x71,0xFC,0x51,0xFC,0x51,0xFC,0x51,0xFC,
  0x51,0xFC,0x51,0xFC,0x51,0xFC,0x51,0xFC,0x51,0xFC,0x51,0xFC,0x71,0xFC,0x51,0xFC,0x51,0xFC,0x51,0xFC,0x51,0xFC,0x51,0xFC,
  0x51,0xFC,0x51,0xFC,0x51,0xFC,0x51,0xFC,0x51,0xFC,0x51,0xFC,0x51,0xFC,0x51,0xFC,0x51,0xFC,0x51,0xFC,0x51,0xFC,0x51,0xFC,
  0x51,0xFC,0x51,0xFC,0x51,0xFC,0x51,0xFC,0x51,0xFC,0x51,0xFC,0x51,0xFC,0x51,0xFC,0x51,0xFC,0x51,0xFC,0x51,0xFC,0x51,0xFC,
  0x71,0xFC,0x51,0xFC,0x51,0xFC,0x51,0xFC,0x51,0xFC,0x51,0xFC,0x51,0xFC,0x51,0xFC,0x51,0xFC,0x51,0xFC,0x51,0xFC,0x51,0xFC,
  0x51,0xFC,0x51,0xFC,0x51,0xFC,0x51,0xFC,0x51,0xFC,0x51,0xFC,0x51,0xFC,0x51,0xFC,0x8E,0xD3,0x71,0xFC,0x51,0xFC,0x51,0xFC,
  0x51,0xFC,0x51,0xFC,0x51,0xFC,0x51,0xFC,0x51,0xFC,0x51,0xFC,0x51,0xFC,0x51,0xFC,0x51,0xFC,0x51,0xFC,0x51,0xFC,0x51,0xFC,
  0x51,0xFC,0x51,0xFC,0x51,0xFC,0x71,0xFC,0x05,0x51,0x8E,0xD3,0x92,0xFC,0x51,0xFC,0x51,0xFC,0x51,0xFC,0x51,0xFC,0x51,0xFC,
  0x51,0xFC,0x51,0xFC,0x51,0xFC,0x51,0xFC,0x51,0xFC,0x51,0xFC,0x51,0xFC,0x51,0xFC,0x51,0xFC,0x51,0xFC,0x51,0xFC,0x29,0x8A,
  0xE5,0x50,0xC8,0x81,0x71,0xFC,0x51,0xFC,0x51,0xFC,0x51,0xFC,0x51,0xFC,0x51,0xFC,0x51,0xFC,0x51,0xFC,0x51,0xFC,0x51,0xFC,
  0x51,0xFC,0x51,0xFC,0x51,0xFC,0x51,0xFC,0x51,0xFC,0x71,0xFC,0x09,0x8A,0xE5,0x48,0x26,0x59,0xE5,0x50,0x09,0x8A,0x71,0xFC,
  0x51,0xFC,0x51,0xFC,0x51,0xFC,0x51,0xFC,0x51,0xFC,0x51,0xFC,0x51,0xFC,0x51,0xFC,0x51,0xFC,0x51,0xFC,0x51,0xFC,0x51,0xFC,
  0x91,0xFC,0x09,0x8A,0xE5,0x48,0x26,0x61,0x26,0x59,0x26,0x61,0xE5,0x48,0x09,0x8A,0x91,0xFC,0x51,0xFC,0x51,0xFC,0x51,0xFC,
  0x51,0xFC,0x51,0xFC,0x51,0xFC,0x51,0xFC,0x51,0xFC,0x51,0xFC,0x51,0xFC,0x92,0xFC,0x6D,0xCB,0xE5,0x50,0x26,0x59,0x26,0x59,
  0x26,0x59,0x26,0x59,0x26,0x59,0xE5,0x50,0x6D,0xCB,0x92,0xFC,0x51,0xFC,0x51,0xFC,0x51,0xFC,0x51,0xFC,0x51,0xFC,0x51,0xFC,
  0x51,0xFC,0x51,0xFC,0x71,0xFC,0x6E,0xCB,0x05,0x59,0x26,0x59,0x26,0x59,0x26,0x59,0x26,0x59,0x26,0x59,0x26,0x59,0x26,0x59,
  0x05,0x59,0x6E,0xD3,0x92,0xFC,0x51,0xFC,0x51,0xFC,0x51,0xFC,0x51,0xFC,0x51,0xFC,0x51,0xFC,0x71,0xFC,0x51,0xFC,0x26,0x61,
  0x05,0x59,0x26,0x59,0x26,0x59,0x26,0x59,0x26,0x59,0x26,0x59,0x26,0x59,0x26,0x59,0x25,0x59,0x05,0x51,0x8E,0xDB,0x71,0xFC,
  0x51,0xFC,0x51,0xFC,0x51,0xFC,0x51,0xFC,0x51,0xFC,0x51,0xF4,0x09,0x8A,0x05,0x51,0x26,0x59,0x26,0x59,0x26,0x59,0x26,0x59,
  0x26,0x59,0x26,0x59,0x26,0x59,0x26,0x59,0x26,0x59,0x05,0x51,0xC8,0x81,0x71,0xFC,0x51,0xFC,0x51,0xFC,0x51,0xFC,0x30,0xFC,
  0xB2,0xFC,0xAB,0xAA,0xC4,0x48,0x26,0x61,0x26,0x59,0x26,0x59,0x26,0x59,0x26,0x59,0x26,0x59,0x26,0x59,0x26,0x59,0x26,0x59,
  0x26,0x59,0x26,0x59,0xE5,0x50,0x09,0x8A,0x71,0xFC,0x51,0xFC,0x51,0xFC,0x92,0xFC,0x6E,0xD3,0x26,0x59,0x26,0x59,0x26,0x59,
  0x26,0x59,0x26,0x59,0x26,0x59,0x26,0x59,0x26,0x59,0x26,0x59,0x26,0x59,0x26,0x59,0x26,0x59,0x26,0x59,0x26,0x61,0xE5,0x48,
  0x09,0x8A,0x71,0xFC,0x71,0xFC,0x8E,0xD3,0x05,0x51,0x05,0x59,0x26,0x59,0x26,0x59,0x26,0x59,0x26,0x59,0x26,0x59,0x26,0x59,
  0x26,0x59,0x26,0x59,0x26,0x59,0x26,0x59,0x26,0x59,0x26,0x59,0x26,0x59,0x26,0x59,0xE5,0x50,0x6E,0xD3,0x92,0xFC,0xE8,0x81,
  0xE5,0x50,0x26,0x59,0x26,0x59,0x26,0x59,0x26,0x59,0x26,0x59,0x26,0x59,0x26,0x59,
};
static const lv_img_dsc_t img_heart_sm = {
  { LV_IMG_CF_TRUE_COLOR, 0, 0, 20, 19 }, 760, img_heart_sm_map
};

/* img_drop: 16x22, 704 bytes */
static const uint8_t img_drop_map[] = {
  0xCC,0x19,0xCC,0x19,0xCC,0x19,0xCC,0x19,0xCC,0x19,0xCC,0x19,0xAC,0x19,0x2E,0x22,0xF1,0x32,0xAB,0x19,0xCC,0x19,0xCC,0x19,
  0xCC,0x19,0xCC,0x19,0xCC,0x19,0xCC,0x19,0xCC,0x19,0xCC,0x19,0xCC,0x19,0xCC,0x19,0xCC,0x19,0xEC,0x19,0x8B,0x11,0xD6,0x4B,
  0xDF,0x7D,0xED,0x21,0xCC,0x19,0xCC,0x19,0xCC,0x19,0xCC,0x19,0xCC,0x19,0xCC,0x19,0xCC,0x19,0xCC,0x19,0xCC,0x19,0xCC,0x19,
  0xCC,0x19,0xCC,0x19,0xED,0x21,0x7E,0x75,0x3F,0x86,0xD6,0x4B,0x8B,0x11,0xEC,0x19,0xCC,0x19,0xCC,0x19,0xCC,0x19,0xCC,0x19,
  0xCC,0x19,0xCC,0x19,0xCC,0x19,0xCC,0x19,0xCC,0x19,0x8B,0x19,0x9A,0x5C,0xFF,0x85,0xDF,0x7D,0x9E,0x7D,0xED,0x21,0xAC,0x19,
  0xCC,0x19,0xCC,0x19,0xCC,0x19,0xCC,0x19,0xCC,0x19,0xCC,0x19,0xCC,0x19,0xCC,0x19,0xAB,0x19,0x12,0x3B,0xFF,0x85,0xBF,0x7D,
  0xBF,0x7D,0xFF,0x85,0x9A,0x5C,0xAB,0x19,0xCC,0x19,0xCC,0x19,0xCC,0x19,0xCC,0x19,0xCC,0x19,0xCC,0x19,0xCC,0x19,0xCC,0x19,
  0x0D,0x22,0x9F,0x7D,0xDF,0x7D,0xDF,0x7D,0xDF,0x7D,0xBF,0x7D,0x1F,0x86,0xD1,0x32,0x8B,0x11,0xEC,0x19,0xCC,0x19,0xCC,0x19,
  0xCC,0x19,0xCC,0x19,0xEC,0x21,0x6A,0x11,0xD6,0x4B,0x1F,0x86,0xBF,0x7D,0xDF,0x7D,0xDF,0x7D,0xBF,0x7D,0xFF,0x85,0xDB,0x64,
  0xCC,0x19,0xCC,0x19,0xCC,0x19,0xCC,0x19,0xCC,0x19,0xEC,0x19,0x8B,0x11,0xB0,0x32,0xDF,0x7D,0xDF,0x7D,0xDF,0x7D,0xDF,0x7D,
  0xDF,0x7D,0xDF,0x7D,0xBF,0x7D,0x3F,0x86,0xD6,0x4B,0x8A,0x11,0xEC,0x19,0xCC,0x19,0xCC,0x19,0xCC,0x19,0xCC,0x19,0xDB,0x64,
  0x1F,0x86,0xBF,0x7D,0xDF,0x7D,0xDF,0x7D,0xDF,0x7D,0xDF,0x7D,0xDF,0x7D,0xDF,0x7D,0x7E,0x75,0x0D,0x22,0xCC,0x19,0xCC,0x19,
  0xEC,0x19,0x8A,0x11,0xD6,0x4B,0x3F,0x86,0xBF,0x7D,0xDF,0x7D,0xDF,0x7D,0xDF,0x7D,0xDF,0x7D,0xDF,0x7D,0xDF,0x7D,0xBF,0x7D,
  0x1F,0x86,0xD6,0x4B,0x6A,0x11,0xEC,0x19,0xAB,0x19,0xED,0x21,0x9E,0x75,0xDF,0x7D,0xDF,0x7D,0xDF,0x7D,0xDF,0x7D,0xDF,0x7D,
  0xDF,0x7D,0xDF,0x7D,0xDF,0x7D,0xDF,0x7D,0xDF,0x7D,0xDF,0x7D,0xB0,0x32,0x8B,0x19,0xAB,0x19,0x99,0x5C,0xFF,0x85,0xBF,0x7D,
  0xDF,0x7D,0xDF,0x7D,0xDF,0x7D,0xDF,0x7D,0xDF,0x7D,0xDF,0x7D,0xDF,0x7D,0xDF,0x7D,0xBF,0x7D,0x1F,0x86,0xBA,0x64,0x8B,0x11,
  0xF1,0x32,0xFF,0x85,0xDF,0x7D,0xDF,0x7D,0xDF,0x7D,0xDF,0x7D,0xDF,0x7D,0xDF,0x7D,0xDF,0x7D,0xDF,0x7D,0xDF,0x7D,0xDF,0x7D,
  0xDF,0x7D,0xBF,0x7D,0xDF,0x7D,0x12,0x3B,0x6F,0x2A,0x9E,0x7D,0xDF,0x7D,0xDF,0x7D,0xDF,0x7D,0xDF,0x7D,0xDF,0x7D,0xDF,0x7D,
  0xDF,0x7D,0xDF,0x7D,0xDF,0x7D,0xDF,0x7D,0xDF,0x7D,0xBF,0x7D,0x1F,0x86,0x37,0x54,0xD5,0x4B,0xFF,0x85,0xBF,0x7D,0xDF,0x7D,
  0xDF,0x7D,0xDF,0x7D,0xDF,0x7D,0xDF,0x7D,0xDF,0x7D,0xDF,0x7D,0xDF,0x7D,0xDF,0x7D,0xDF,0x7D,0xDF,0x7D,0xDF,0x7D,0x9F,0x7D,
  0xF6,0x53,0x1F,0x86,0xBF,0x7D,0xDF,0x7D,0xDF,0x7D,0xDF,0x7D,0xDF,0x7D,0xDF,0x7D,0xDF,0x7D,0xDF,0x7D,0xDF,0x7D,0xDF,0x7D,
  0xDF,0x7D,0xDF,0x7D,0xDF,0x7D,0xDF,0x7D,0xD6,0x4B,0xFF,0x85,0xBF,0x7D,0xDF,0x7D,0xDF,0x7D,0xDF,0x7D,0xDF,0x7D,0xDF,0x7D,
  0xDF,0x7D,0xDF,0x7D,0xDF,0x7D,0xDF,0x7D,0xDF,0x7D,0xDF,0x7D,0xDF,0x7D,0x9F,0x7D,0x2E,0x22,0xBF,0x7D,0xDF,0x7D,0xDF,0x7D,
  0xDF,0x7D,0xDF,0x7D,0xDF,0x7D,0xDF,0x7D,0xDF,0x7D,0xDF,0x7D,0xDF,0x7D,0xDF,0x7D,0xDF,0x7D,0xBF,0x7D,0x1F,0x86,0x37,0x54,
  0xAC,0x19,0x99,0x5C,0xFF,0x85,0xBF,0x7D,0xDF,0x7D,0xDF,0x7D,0xDF,0x7D,0xDF,0x7D,0xDF,0x7D,0xDF,0x7D,0xDF,0x7D,0xDF,0x7D,
  0xDF,0x7D,0xBF,0x7D,0xBE,0x7D,0xF1,0x3A,0xAB,0x19,0xEC,0x21,0xBF,0x7D,0xFF,0x85,0xBF,0x7D,0xDF,0x7D,0xDF,0x7D,0xDF,0x7D,
  0xDF,0x7D,0xDF,0x7D,0xDF,0x7D,0xBF,0x7D,0xBF,0x7D,0x5F,0x8E,0xD6,0x4B,0x4A,0x11,0xCC,0x19,0xAB,0x19,0xF2,0x3A,0x9E,0x7D,
  0xFF,0x85,0xDF,0x7D,0xDF,0x7D,0xDF,0x7D,0xDF,0x7D,0xDF,0x7D,0xBF,0x7D,0xFF,0x85,0xFF,0x85,0x99,0x5C,0xEC,0x19,0xCC,0x19,
  0xCC,0x19,0xCC,0x19,0xAB,0x19,0x0D,0x22,0xF6,0x53,0xBF,0x7D,0xDF,0x7D,0xDF,0x7D,0xDF,0x7D,0xBF,0x7D,0xFF,0x85,0xFB,0x6C,
  0xD1,0x32,0xAB,0x19,0xCC,0x19,0xCC,0x19,
};
static const lv_img_dsc_t img_drop = {
  { LV_IMG_CF_TRUE_COLOR, 0, 0, 16, 22 }, 704, img_drop_map
};

/* img_heart_lg: 21x20, 840 bytes */
static const uint8_t img_heart_lg_map[] = {
  0xE4,0x28,0x83,0x18,0xA7,0x59,0xAE,0xCB,0x71,0xFC,0x51,0xFC,0x51,0xFC,0xAB,0x9A,0xC4,0x28,0xA4,0x20,0xE4,0x30,0x83,0x18,
  0xA7,0x59,0xAE,0xCB,0x71,0xFC,0x51,0xFC,0x51,0xFC,0xAB,0x9A,0xC4,0x28,0xA4,0x20,0xC4,0x28,0x83,0x18,0xC7,0x61,0x71,0xFC,
  0x71,0xFC,0x51,0xFC,0x51,0xFC,0x51,0xFC,0xB2,0xFC,0x4D,0xBB,0xC4,0x28,0x83,0x18,0xC8,0x61,0x71,0xFC,0x71,0xFC,0x51,0xFC,
  0x51,0xFC,0x51,0xFC,0xB2,0xFC,0x4D,0xBB,0xC4,0x20,0xC4,0x28,0xA7,0x59,0x71,0xFC,0x71,0xFC,0x51,0xFC,0x51,0xFC,0x51,0xFC,
  0x51,0xFC,0x31,0xFC,0xB2,0xFC,0x0C,0xB3,0x87,0x59,0x71,0xFC,0x51,0xFC,0x51,0xFC,0x51,0xFC,0x51,0xFC,0x51,0xFC,0x31,0xFC,
  0xB2,0xFC,0x2D,0xBB,0xA3,0x18,0xAE,0xD3,0x71,0xFC,0x51,0xFC,0x51,0xFC,0x51,0xFC,0x51,0xFC,0x51,0xFC,0x51,0xFC,0x51,0xFC,
  0x30,0xFC,0xAF,0xDB,0x71,0xFC,0x51,0xFC,0x51,0xFC,0x51,0xFC,0x51,0xFC,0x51,0xFC,0x51,0xFC,0x51,0xFC,0x71,0xFC,0xE8,0x69,
  0x71,0xFC,0x51,0xFC,0x51,0xFC,0x51,0xFC,0x51,0xFC,0x51,0xFC,0x51,0xFC,0x51,0xFC,0x51,0xFC,0x51,0xFC,0x71,0xFC,0x51,0xFC,
  0x51,0xFC,0x51,0xFC,0x51,0xFC,0x51,0xFC,0x51,0xFC,0x51,0xFC,0x51,0xFC,0x92,0xFC,0xCB,0xA2,0x51,0xFC,0x51,0xFC,0x51,0xFC,
  0x51,0xFC,0x51,0xFC,0x51,0xFC,0x51,0xFC,0x51,0xFC,0x51,0xFC,0x51,0xFC,0x51,0xFC,0x51,0xFC,0x51,0xFC,0x51,0xFC,0x51,0xFC,
  0x51,0xFC,0x51,0xFC,0x51,0xFC,0x51,0xFC,0x92,0xFC,0xAB,0x9A,0x71,0xFC,0x51,0xFC,0x51,0xFC,0x51,0xFC,0x51,0xFC,0x51,0xFC,
  0x51,0xFC,0x51,0xFC,0x51,0xFC,0x51,0xFC,0x51,0xFC,0x51,0xFC,0x51,0xFC,0x51,0xFC,0x51,0xFC,0x51,0xFC,0x51,0xFC,0x51,0xFC,
  0x51,0xFC,0x92,0xFC,0x8B,0x92,0x6E,0xCB,0x92,0xFC,0x51,0xFC,0x51,0xFC,0x51,0xFC,0x51,0xFC,0x51,0xFC,0x51,0xFC,0x51,0xFC,
  0x51,0xFC,0x51,0xFC,0x51,0xFC,0x51,0xFC,0x51,0xFC,0x51,0xFC,0x51,0xFC,0x51,0xFC,0x51,0xFC,0x71,0xFC,0x30,0xF4,0x05,0x39,
  0xA4,0x20,0x6E,0xCB,0x92,0xFC,0x51,0xFC,0x51,0xFC,0x51,0xFC,0x51,0xFC,0x51,0xFC,0x51,0xFC,0x51,0xFC,0x51,0xFC,0x51,0xFC,
  0x51,0xFC,0x51,0xFC,0x51,0xFC,0x51,0xFC,0x51,0xFC,0x71,0xFC,0x71,0xFC,0xC8,0x61,0xA3,0x20,0x83,0x18,0x87,0x59,0x71,0xFC,
  0x51,0xFC,0x51,0xFC,0x51,0xFC,0x51,0xFC,0x51,0xFC,0x51,0xFC,0x51,0xFC,0x51,0xFC,0x51,0xFC,0x51,0xFC,0x51,0xFC,0x51,0xFC,
  0x51,0xFC,0x51,0xFC,0x71,0xFC,0xC8,0x61,0x83,0x18,0xC4,0x28,0xE4,0x28,0x83,0x18,0xC8,0x61,0x71,0xFC,0x51,0xFC,0x51,0xFC,
  0x51,0xFC,0x51,0xFC,0x51,0xFC,0x51,0xFC,0x51,0xFC,0x51,0xFC,0x51,0xFC,0x51,0xFC,0x51,0xFC,0x51,0xFC,0x92,0xFC,0xE8,0x69,
  0x83,0x10,0xE4,0x28,0xC4,0x28,0xC4,0x28,0xE4,0x28,0x83,0x10,0xE8,0x69,0x92,0xFC,0x51,0xFC,0x51,0xFC,0x51,0xFC,0x51,0xFC,
  0x51,0xFC,0x51,0xFC,0x51,0xFC,0x51,0xFC,0x51,0xFC,0x51,0xFC,0xB2,0xFC,0x4D,0xC3,0xA3,0x18,0xC4,0x28,0xC4,0x28,0xC4,0x28,
  0xC4,0x28,0xC4,0x28,0xC4,0x28,0xA3,0x18,0x4D,0xC3,0xB2,0xFC,0x51,0xFC,0x51,0xFC,0x51,0xFC,0x51,0xFC,0x51,0xFC,0x51,0xFC,
  0x51,0xFC,0x51,0xFC,0x71,0xFC,0x4D,0xC3,0xC4,0x20,0xC4,0x28,0xC4,0x28,0xC4,0x28,0xC4,0x28,0xC4,0x28,0xC4,0x28,0xC4,0x28,
  0xC4,0x28,0xA4,0x20,0x4D,0xC3,0x92,0xFC,0x51,0xFC,0x51,0xFC,0x51,0xFC,0x51,0xFC,0x51,0xFC,0x51,0xFC,0x71,0xFC,0x31,0xFC,
  0xE4,0x28,0xA4,0x20,0xC4,0x28,0xC4,0x28,0xC4,0x28,0xC4,0x28,0xC4,0x28,0xC4,0x28,0xC4,0x28,0xC4,0x28,0xC4,0x28,0xA4,0x20,
  0x8E,0xCB,0x91,0xFC,0x51,0xFC,0x51,0xFC,0x51,0xFC,0x51,0xFC,0x51,0xFC,0x51,0xF4,0xC8,0x69,0xA4,0x20,0xC4,0x28,0xC4,0x28,
  0xC4,0x28,0xC4,0x28,0xC4,0x28,0xC4,0x28,0xC4,0x28,0xC4,0x28,0xC4,0x28,0xE4,0x28,0xA3,0x18,0x87,0x59,0x71,0xFC,0x51,0xFC,
  0x51,0xFC,0x51,0xFC,0x30,0xFC,0xB2,0xFC,0x8A,0x92,0x63,0x10,0xE4,0x28,0xC4,0x28,0xC4,0x28,0xC4,0x28,0xC4,0x28,0xC4,0x28,
  0xC4,0x28,0xC4,0x28,0xC4,0x28,0xC4,0x28,0xC4,0x28,0xE4,0x28,0x83,0x18,0xC8,0x61,0x71,0xFC,0x51,0xFC,0x31,0xFC,0x92,0xFC,
  0x4D,0xC3,0xC4,0x28,0xC4,0x28,0xC4,0x28,0xC4,0x28,0xC4,0x28,0xC4,0x28,0xC4,0x28,0xC4,0x28,0xC4,0x28,0xC4,0x28,0xC4,0x28,
  0xC4,0x28,0xC4,0x28,0xC4,0x28,0xE4,0x28,0x83,0x18,0xE8,0x69,0x71,0xFC,0x92,0xFC,0x8E,0xCB,0xA4,0x20,0xC4,0x20,0xC4,0x28,
  0xC4,0x28,0xC4,0x28,0xC4,0x28,0xC4,0x28,0xC4,0x28,0xC4,0x28,0xC4,0x28,0xC4,0x28,0xC4,0x28,0xC4,0x28,0xC4,0x28,0xC4,0x28,
  0xC4,0x28,0xC4,0x28,0x83,0x18,0x2D,0xBB,0x92,0xFC,0x87,0x51,0xA3,0x18,0xE4,0x28,0xC4,0x28,0xC4,0x28,0xC4,0x28,0xC4,0x28,
  0xC4,0x28,0xC4,0x28,0xC4,0x28,0xC4,0x28,0xC4,0x28,0xC4,0x28,0xC4,0x28,0xC4,0x28,0xC4,0x28,0xC4,0x28,0xC4,0x28,0xA4,0x20,
  0x05,0x31,0xA7,0x61,0x83,0x18,0xE4,0x28,0xC4,0x28,0xC4,0x28,0xC4,0x28,0xC4,0x28,0xC4,0x28,0xC4,0x28,0xC4,0x28,0xC4,0x28,
};
static const lv_img_dsc_t img_heart_lg = {
  { LV_IMG_CF_TRUE_COLOR, 0, 0, 21, 20 }, 840, img_heart_lg_map
};

/* img_diamond: 10x10, 200 bytes */
static const uint8_t img_diamond_map[] = {
  0x6B,0x02,0x6B,0x02,0x6B,0x02,0x6B,0x02,0x6B,0x02,0x6B,0x02,0x6B,0x02,0x6B,0x02,0x6B,0x02,0x6B,0x02,0x6B,0x02,0x6B,0x02,
  0x6B,0x02,0x6B,0x02,0x4B,0x02,0x4B,0x02,0x4B,0x02,0x6B,0x02,0x6B,0x02,0x6B,0x02,0x6B,0x02,0x6B,0x02,0x6B,0x0A,0x0B,0x02,
  0xAA,0x53,0x29,0xAD,0x4B,0x02,0x4B,0x02,0x6B,0x02,0x6B,0x02,0x6B,0x02,0x6B,0x02,0x0B,0x02,0x6A,0x43,0x49,0xEE,0xA9,0xFE,
  0x29,0xAD,0x4B,0x02,0x4B,0x02,0x6B,0x02,0x6B,0x02,0x4B,0x02,0xAA,0x53,0x49,0xEE,0x49,0xF6,0x29,0xE6,0x89,0xFE,0x29,0xAD,
  0x8A,0x12,0x4B,0x02,0x6B,0x02,0x4B,0x02,0x29,0xAD,0xA9,0xFE,0x29,0xE6,0x49,0xEE,0x49,0xEE,0x89,0xFE,0x4A,0x3B,0x2B,0x02,
  0x6B,0x02,0x4B,0x02,0x4B,0x02,0x29,0xAD,0x89,0xFE,0x49,0xEE,0x69,0xF6,0x6A,0x43,0x0B,0x02,0x6B,0x02,0x6B,0x02,0x6B,0x02,
  0x4B,0x02,0x4B,0x02,0x29,0xAD,0x89,0xFE,0x6A,0x43,0x0B,0x02,0x6B,0x02,0x6B,0x02,0x6B,0x02,0x6B,0x02,0x6B,0x02,0x4B,0x02,
  0x8A,0x0A,0x4A,0x3B,0x0B,0x02,0x6B,0x0A,0x6B,0x02,0x6B,0x02,0x6B,0x02,0x6B,0x02,0x6B,0x02,0x6B,0x02,0x4B,0x02,0x2B,0x02,
  0x6B,0x02,0x6B,0x02,0x6B,0x02,0x6B,0x02,
};
static const lv_img_dsc_t img_diamond = {
  { LV_IMG_CF_TRUE_COLOR, 0, 0, 10, 10 }, 200, img_diamond_map
};

/* ic_detak: 16x18, 576 bytes */
static const uint8_t ic_detak_map[] = {
  0xC4,0x10,0xC4,0x10,0xC4,0x10,0xC4,0x10,0xC4,0x10,0xC4,0x10,0xC4,0x10,0xC4,0x10,0xC4,0x10,0xC4,0x10,0xC4,0x10,0xC4,0x10,
  0xC4,0x10,0xC4,0x10,0xC4,0x10,0xC4,0x10,0xC4,0x10,0xC4,0x10,0xC4,0x10,0xC4,0x10,0xC4,0x10,0xC4,0x10,0xC4,0x10,0xC4,0x10,
  0xC4,0x10,0xC4,0x10,0xC4,0x10,0xC4,0x10,0xC4,0x10,0xC4,0x10,0xC4,0x10,0xC4,0x10,0xC4,0x10,0xC4,0x10,0xC4,0x10,0xC4,0x10,
  0xC4,0x10,0xC4,0x10,0xC4,0x10,0xC4,0x10,0xC4,0x10,0xC4,0x10,0xC4,0x10,0xC4,0x10,0xC4,0x10,0xC4,0x10,0xC4,0x10,0xC4,0x10,
  0xC4,0x10,0xC4,0x10,0xC4,0x10,0x05,0x39,0xEA,0xB9,0x4D,0xF2,0x0B,0xD2,0x26,0x49,0x26,0x51,0x0B,0xD2,0x4D,0xF2,0xEA,0xB9,
  0x05,0x39,0xC4,0x10,0xC4,0x10,0xC4,0x10,0xC4,0x10,0xC4,0x10,0x05,0x41,0x6D,0xFA,0x6D,0xFA,0x6D,0xFA,0x6D,0xFA,0x4D,0xF2,
  0x4D,0xFA,0x6D,0xFA,0x6D,0xFA,0x6D,0xFA,0x4D,0xFA,0x05,0x39,0xC4,0x10,0xC4,0x10,0xC4,0x10,0xC4,0x10,0x88,0x81,0x6D,0xFA,
  0x6D,0xFA,0x6D,0xFA,0x6D,0xFA,0x6D,0xFA,0x6D,0xFA,0x6D,0xFA,0x6D,0xFA,0x6D,0xFA,0x6D,0xFA,0x88,0x81,0xC4,0x10,0xC4,0x10,
  0xC4,0x10,0xC4,0x10,0xC9,0xA1,0x6D,0xFA,0x6D,0xFA,0x6D,0xFA,0x6D,0xFA,0x6D,0xFA,0x6D,0xFA,0x6D,0xFA,0x6D,0xFA,0x6D,0xFA,
  0x6D,0xFA,0xC9,0xA1,0xC4,0x10,0xC4,0x10,0xC4,0x10,0xC4,0x10,0x88,0x81,0x6D,0xFA,0x6D,0xFA,0x6D,0xFA,0x6D,0xFA,0x6D,0xFA,
  0x6D,0xFA,0x6D,0xFA,0x6D,0xFA,0x6D,0xFA,0x6D,0xFA,0x88,0x79,0xC4,0x10,0xC4,0x10,0xC4,0x10,0xC4,0x10,0xE4,0x28,0x4D,0xF2,
  0x6D,0xFA,0x6D,0xFA,0x6D,0xFA,0x6D,0xFA,0x6D,0xFA,0x6D,0xFA,0x6D,0xFA,0x6D,0xFA,0x4D,0xF2,0xE4,0x20,0xC4,0x10,0xC4,0x10,
  0xC4,0x10,0xC4,0x10,0xC4,0x10,0x68,0x79,0x6D,0xFA,0x6D,0xFA,0x6D,0xFA,0x6D,0xFA,0x6D,0xFA,0x6D,0xFA,0x6D,0xFA,0x6D,0xFA,
  0x67,0x71,0xC4,0x10,0xC4,0x10,0xC4,0x10,0xC4,0x10,0xC4,0x10,0xC4,0x10,0xC4,0x10,0xEA,0xB1,0x6D,0xFA,0x6D,0xFA,0x6D,0xFA,
  0x6D,0xFA,0x6D,0xFA,0x6D,0xFA,0xCA,0xA1,0xC4,0x10,0xC4,0x10,0xC4,0x10,0xC4,0x10,0xC4,0x10,0xC4,0x10,0xC4,0x10,0xC4,0x10,
  0xE4,0x18,0x0B,0xCA,0x6D,0xFA,0x6D,0xFA,0x6D,0xFA,0x6D,0xFA,0xEB,0xC1,0xC4,0x18,0xC4,0x10,0xC4,0x10,0xC4,0x10,0xC4,0x10,
  0xC4,0x10,0xC4,0x10,0xC4,0x10,0xC4,0x10,0xC4,0x10,0xC4,0x20,0xEB,0xC1,0x6D,0xFA,0x6D,0xFA,0xEA,0xB1,0xC4,0x18,0xC4,0x10,
  0xC4,0x10,0xC4,0x10,0xC4,0x10,0xC4,0x10,0xC4,0x10,0xC4,0x10,0xC4,0x10,0xC4,0x10,0xC4,0x10,0xC4,0x10,0xC4,0x18,0x68,0x79,
  0x67,0x69,0xC4,0x10,0xC4,0x10,0xC4,0x10,0xC4,0x10,0xC4,0x10,0xC4,0x10,0xC4,0x10,0xC4,0x10,0xC4,0x10,0xC4,0x10,0xC4,0x10,
  0xC4,0x10,0xC4,0x10,0xC4,0x10,0xC4,0x10,0xC4,0x10,0xC4,0x10,0xC4,0x10,0xC4,0x10,0xC4,0x10,0xC4,0x10,0xC4,0x10,0xC4,0x10,
  0xC4,0x10,0xC4,0x10,0xC4,0x10,0xC4,0x10,0xC4,0x10,0xC4,0x10,0xC4,0x10,0xC4,0x10,0xC4,0x10,0xC4,0x10,0xC4,0x10,0xC4,0x10,
  0xC4,0x10,0xC4,0x10,0xC4,0x10,0xC4,0x10,0xC4,0x10,0xC4,0x10,0xC4,0x10,0xC4,0x10,0xC4,0x10,0xC4,0x10,0xC4,0x10,0xC4,0x10,
  0xC4,0x10,0xC4,0x10,0xC4,0x10,0xC4,0x10,0xC4,0x10,0xC4,0x10,0xC4,0x10,0xC4,0x10,0xC4,0x10,0xC4,0x10,0xC4,0x10,0xC4,0x10,
  0xC4,0x10,0xC4,0x10,0xC4,0x10,0xC4,0x10,0xC4,0x10,0xC4,0x10,0xC4,0x10,0xC4,0x10,0xC4,0x10,0xC4,0x10,0xC4,0x10,0xC4,0x10,
};
static const lv_img_dsc_t ic_detak = {
  { LV_IMG_CF_TRUE_COLOR, 0, 0, 16, 18 }, 576, ic_detak_map
};

/* ic_spo2: 16x18, 576 bytes */
static const uint8_t ic_spo2_map[] = {
  0xC4,0x10,0xC4,0x10,0xC4,0x10,0xC4,0x10,0xC4,0x10,0xC4,0x10,0xC4,0x10,0xC4,0x10,0xC4,0x10,0xC4,0x10,0xC4,0x10,0xC4,0x10,
  0xC4,0x10,0xC4,0x10,0xC4,0x10,0xC4,0x10,0xC4,0x10,0xC4,0x10,0xC4,0x10,0xC4,0x10,0xC4,0x10,0xC4,0x10,0xC4,0x10,0xE4,0x10,
  0xE4,0x10,0xC4,0x10,0xC4,0x10,0xC4,0x10,0xC4,0x10,0xC4,0x10,0xC4,0x10,0xC4,0x10,0xC4,0x10,0xC4,0x10,0xC4,0x10,0xC4,0x10,
  0xC4,0x10,0xC4,0x10,0xC4,0x10,0xB6,0x2B,0xB6,0x2B,0xC4,0x10,0xC4,0x10,0xC4,0x10,0xC4,0x10,0xC4,0x10,0xC4,0x10,0xC4,0x10,
  0xC4,0x10,0xC4,0x10,0xC4,0x10,0xC4,0x10,0xC4,0x10,0xC4,0x10,0xAF,0x22,0x3F,0x35,0x3F,0x35,0x8F,0x22,0xC4,0x10,0xC4,0x10,
  0xC4,0x10,0xC4,0x10,0xC4,0x10,0xC4,0x10,0xC4,0x10,0xC4,0x10,0xC4,0x10,0xC4,0x10,0xC4,0x10,0xCA,0x19,0x1F,0x35,0x3F,0x35,
  0x3F,0x35,0x1F,0x35,0xA9,0x19,0xC4,0x10,0xC4,0x10,0xC4,0x10,0xC4,0x10,0xC4,0x10,0xC4,0x10,0xC4,0x10,0xC4,0x10,0xC4,0x10,
  0xE4,0x10,0x5A,0x2C,0x3F,0x35,0x3F,0x35,0x3F,0x35,0x3F,0x35,0x5A,0x2C,0xC4,0x10,0xC4,0x10,0xC4,0x10,0xC4,0x10,0xC4,0x10,
  0xC4,0x10,0xC4,0x10,0xC4,0x10,0xC4,0x10,0xB0,0x22,0x3F,0x35,0x3F,0x35,0x3F,0x35,0x3F,0x35,0x3F,0x35,0x3F,0x35,0x8F,0x22,
  0xC4,0x10,0xC4,0x10,0xC4,0x10,0xC4,0x10,0xC4,0x10,0xC4,0x10,0xC4,0x10,0xE4,0x10,0xBC,0x34,0x3F,0x35,0x3F,0x35,0x3F,0x35,
  0x3F,0x35,0x3F,0x35,0x3F,0x35,0xBC,0x34,0xE4,0x10,0xC4,0x10,0xC4,0x10,0xC4,0x10,0xC4,0x10,0xC4,0x10,0xC4,0x10,0xCA,0x19,
  0x3F,0x35,0x3F,0x35,0x3F,0x35,0x3F,0x35,0x3F,0x35,0x3F,0x35,0x3F,0x35,0x3F,0x35,0xCA,0x19,0xC4,0x10,0xC4,0x10,0xC4,0x10,
  0xC4,0x10,0xC4,0x10,0xC4,0x10,0x8F,0x22,0x3F,0x35,0x3F,0x35,0x3F,0x35,0x3F,0x35,0x3F,0x35,0x3F,0x35,0x3F,0x35,0x3F,0x35,
  0x8F,0x22,0xC4,0x10,0xC4,0x10,0xC4,0x10,0xC4,0x10,0xC4,0x10,0xC4,0x10,0xCA,0x19,0x3F,0x35,0x3F,0x35,0x3F,0x35,0x3F,0x35,
  0x3F,0x35,0x3F,0x35,0x3F,0x35,0x3F,0x35,0xCA,0x19,0xC4,0x10,0xC4,0x10,0xC4,0x10,0xC4,0x10,0xC4,0x10,0xC4,0x10,0xE4,0x10,
  0x7B,0x2C,0x3F,0x35,0x3F,0x35,0x3F,0x35,0x3F,0x35,0x3F,0x35,0x3F,0x35,0x9B,0x2C,0xE4,0x10,0xC4,0x10,0xC4,0x10,0xC4,0x10,
  0xC4,0x10,0xC4,0x10,0xC4,0x10,0xC4,0x10,0x88,0x19,0x1E,0x35,0x3F,0x35,0x3F,0x35,0x3F,0x35,0x3F,0x35,0x1E,0x35,0x68,0x19,
  0xC4,0x10,0xC4,0x10,0xC4,0x10,0xC4,0x10,0xC4,0x10,0xC4,0x10,0xC4,0x10,0xC4,0x10,0xC4,0x10,0x05,0x11,0x11,0x23,0xD7,0x2B,
  0xD7,0x2B,0x11,0x23,0x05,0x11,0xC4,0x10,0xC4,0x10,0xC4,0x10,0xC4,0x10,0xC4,0x10,0xC4,0x10,0xC4,0x10,0xC4,0x10,0xC4,0x10,
  0xC4,0x10,0xC4,0x10,0xC4,0x10,0xC4,0x10,0xC4,0x10,0xC4,0x10,0xC4,0x10,0xC4,0x10,0xC4,0x10,0xC4,0x10,0xC4,0x10,0xC4,0x10,
  0xC4,0x10,0xC4,0x10,0xC4,0x10,0xC4,0x10,0xC4,0x10,0xC4,0x10,0xC4,0x10,0xC4,0x10,0xC4,0x10,0xC4,0x10,0xC4,0x10,0xC4,0x10,
  0xC4,0x10,0xC4,0x10,0xC4,0x10,0xC4,0x10,0xC4,0x10,0xC4,0x10,0xC4,0x10,0xC4,0x10,0xC4,0x10,0xC4,0x10,0xC4,0x10,0xC4,0x10,
  0xC4,0x10,0xC4,0x10,0xC4,0x10,0xC4,0x10,0xC4,0x10,0xC4,0x10,0xC4,0x10,0xC4,0x10,0xC4,0x10,0xC4,0x10,0xC4,0x10,0xC4,0x10,
  0xC4,0x10,0xC4,0x10,0xC4,0x10,0xC4,0x10,0xC4,0x10,0xC4,0x10,0xC4,0x10,0xC4,0x10,0xC4,0x10,0xC4,0x10,0xC4,0x10,0xC4,0x10,
};
static const lv_img_dsc_t ic_spo2 = {
  { LV_IMG_CF_TRUE_COLOR, 0, 0, 16, 18 }, 576, ic_spo2_map
};

/* ic_glukosa: 16x18, 576 bytes */
static const uint8_t ic_glukosa_map[] = {
  0xC4,0x10,0xC4,0x10,0xC4,0x10,0xC4,0x10,0xC4,0x10,0xC4,0x10,0xC4,0x10,0xC4,0x10,0xC4,0x10,0xC4,0x10,0xC4,0x10,0xC4,0x10,
  0xC4,0x10,0xC4,0x10,0xC4,0x10,0xC4,0x10,0xC4,0x10,0xC4,0x10,0xC4,0x10,0xC4,0x10,0xC4,0x10,0xC4,0x10,0xC4,0x10,0xE5,0x41,
  0xE5,0x41,0xC4,0x10,0xC4,0x10,0xC4,0x10,0xC4,0x10,0xC4,0x10,0xC4,0x10,0xC4,0x10,0xC4,0x10,0xC4,0x10,0xC4,0x10,0xC4,0x10,
  0xC4,0x10,0x24,0x29,0x27,0xA4,0x49,0xFE,0x49,0xFE,0x27,0xA4,0x24,0x29,0xC4,0x10,0xC4,0x10,0xC4,0x10,0xC4,0x10,0xC4,0x10,
  0xC4,0x10,0xC4,0x10,0xC4,0x10,0xC4,0x18,0x06,0x7B,0xE9,0xED,0x49,0xFE,0x49,0xFE,0x49,0xFE,0x49,0xFE,0xE9,0xED,0x06,0x73,
  0xC4,0x18,0xC4,0x10,0xC4,0x10,0xC4,0x10,0xC4,0x10,0xC4,0x10,0xC5,0x39,0x48,0xD5,0x49,0xFE,0x49,0xFE,0x49,0xFE,0x49,0xFE,
  0x49,0xFE,0x49,0xFE,0x49,0xFE,0x49,0xFE,0x28,0xD5,0xA5,0x39,0xC4,0x10,0xC4,0x10,0xC4,0x10,0xC4,0x10,0x46,0x83,0x49,0xFE,
  0x49,0xFE,0x49,0xFE,0xA9,0xE5,0x65,0x5A,0x85,0x5A,0xA8,0xE5,0x49,0xFE,0x49,0xFE,0x49,0xFE,0x46,0x83,0xC4,0x10,0xC4,0x10,
  0xC4,0x10,0xC4,0x10,0x66,0x83,0x49,0xFE,0x49,0xFE,0x07,0xA4,0x04,0x21,0xC4,0x10,0xC4,0x10,0x04,0x21,0x27,0xA4,0x49,0xFE,
  0x49,0xFE,0x46,0x83,0xC4,0x10,0xC4,0x10,0xC4,0x10,0xC4,0x10,0x66,0x83,0x49,0xFE,0x49,0xFE,0xE5,0x41,0xC4,0x10,0xC4,0x10,
  0xC4,0x10,0xC4,0x10,0xE5,0x41,0x49,0xFE,0x49,0xFE,0x46,0x83,0xC4,0x10,0xC4,0x10,0xC4,0x10,0xC4,0x10,0x66,0x83,0x49,0xFE,
  0x49,0xFE,0xE5,0x41,0xC4,0x10,0xC4,0x10,0xC4,0x10,0xC4,0x10,0xE5,0x41,0x49,0xFE,0x49,0xFE,0x46,0x83,0xC4,0x10,0xC4,0x10,
  0xC4,0x10,0xC4,0x10,0x66,0x83,0x49,0xFE,0x49,0xFE,0xE6,0x72,0xC4,0x10,0xC4,0x10,0xC4,0x10,0xC4,0x10,0x06,0x73,0x49,0xFE,
  0x49,0xFE,0x46,0x83,0xC4,0x10,0xC4,0x10,0xC4,0x10,0xC4,0x10,0x46,0x83,0x49,0xFE,0x49,0xFE,0x49,0xFE,0x87,0xB4,0x64,0x31,
  0x64,0x31,0xA7,0xBC,0x49,0xFE,0x49,0xFE,0x49,0xFE,0x46,0x83,0xC4,0x10,0xC4,0x10,0xC4,0x10,0xC4,0x10,0xC5,0x41,0x48,0xD5,
  0x49,0xFE,0x49,0xFE,0x49,0xFE,0xE9,0xF5,0x09,0xF6,0x49,0xFE,0x49,0xFE,0x49,0xFE,0x48,0xD5,0xC5,0x39,0xC4,0x10,0xC4,0x10,
  0xC4,0x10,0xC4,0x10,0xC4,0x10,0xC4,0x18,0x06,0x7B,0xE9,0xED,0x49,0xFE,0x49,0xFE,0x49,0xFE,0x49,0xFE,0xE9,0xED,0x06,0x73,
  0xC4,0x18,0xC4,0x10,0xC4,0x10,0xC4,0x10,0xC4,0x10,0xC4,0x10,0xC4,0x10,0xC4,0x10,0xC4,0x10,0x24,0x29,0x27,0xA4,0x49,0xFE,
  0x29,0xFE,0x27,0xA4,0x24,0x29,0xC4,0x10,0xC4,0x10,0xC4,0x10,0xC4,0x10,0xC4,0x10,0xC4,0x10,0xC4,0x10,0xC4,0x10,0xC4,0x10,
  0xC4,0x10,0xC4,0x10,0xC4,0x10,0xE5,0x49,0xE5,0x41,0xC4,0x10,0xC4,0x10,0xC4,0x10,0xC4,0x10,0xC4,0x10,0xC4,0x10,0xC4,0x10,
  0xC4,0x10,0xC4,0x10,0xC4,0x10,0xC4,0x10,0xC4,0x10,0xC4,0x10,0xC4,0x10,0xC4,0x10,0xC4,0x10,0xC4,0x10,0xC4,0x10,0xC4,0x10,
  0xC4,0x10,0xC4,0x10,0xC4,0x10,0xC4,0x10,0xC4,0x10,0xC4,0x10,0xC4,0x10,0xC4,0x10,0xC4,0x10,0xC4,0x10,0xC4,0x10,0xC4,0x10,
  0xC4,0x10,0xC4,0x10,0xC4,0x10,0xC4,0x10,0xC4,0x10,0xC4,0x10,0xC4,0x10,0xC4,0x10,0xC4,0x10,0xC4,0x10,0xC4,0x10,0xC4,0x10,
  0xC4,0x10,0xC4,0x10,0xC4,0x10,0xC4,0x10,0xC4,0x10,0xC4,0x10,0xC4,0x10,0xC4,0x10,0xC4,0x10,0xC4,0x10,0xC4,0x10,0xC4,0x10,
};
static const lv_img_dsc_t ic_glukosa = {
  { LV_IMG_CF_TRUE_COLOR, 0, 0, 16, 18 }, 576, ic_glukosa_map
};

/* ic_tekanan: 16x18, 576 bytes */
static const uint8_t ic_tekanan_map[] = {
  0xC4,0x10,0xC4,0x10,0xC4,0x10,0xC4,0x10,0xC4,0x10,0xC4,0x10,0xC4,0x10,0xC4,0x10,0xC4,0x10,0xC4,0x10,0xC4,0x10,0xC4,0x10,
  0xC4,0x10,0xC4,0x10,0xC4,0x10,0xC4,0x10,0xC4,0x10,0xC4,0x10,0xC4,0x10,0xC4,0x10,0xC4,0x10,0xC4,0x10,0xC4,0x10,0xC4,0x10,
  0xC4,0x10,0xC4,0x10,0xC4,0x10,0xC4,0x10,0xC4,0x10,0xC4,0x10,0xC4,0x10,0xC4,0x10,0xC4,0x10,0xC4,0x10,0xC4,0x10,0xC4,0x10,
  0xC4,0x10,0xC4,0x10,0xC4,0x10,0xC4,0x10,0xC4,0x10,0xC4,0x10,0xC4,0x10,0xC4,0x10,0xC4,0x10,0xC4,0x10,0xC4,0x10,0xC4,0x10,
  0xC4,0x10,0xC4,0x10,0xC4,0x10,0xC4,0x10,0xC4,0x10,0xC4,0x10,0xC4,0x10,0xC4,0x10,0xC4,0x10,0xC4,0x10,0xC4,0x10,0xC4,0x10,
  0xC4,0x10,0xC4,0x10,0xC4,0x10,0xC4,0x10,0xC4,0x10,0xC4,0x10,0xC4,0x10,0xC4,0x10,0xC4,0x10,0xC4,0x10,0xC4,0x10,0xC4,0x10,
  0xC4,0x10,0xC4,0x10,0xC4,0x10,0xC4,0x10,0xC4,0x10,0xC4,0x10,0xC4,0x10,0xC4,0x10,0xC4,0x10,0xC4,0x10,0xC4,0x10,0xC4,0x10,
  0xC4,0x10,0x8B,0x52,0x72,0x8C,0x55,0xA5,0x55,0xA5,0x72,0x8C,0x8B,0x4A,0xC4,0x10,0xC4,0x10,0xC4,0x10,0xC4,0x10,0xC4,0x10,
  0xC4,0x10,0xC4,0x10,0xC4,0x10,0x49,0x42,0x39,0xC6,0x5E,0xE7,0x5E,0xE7,0x5E,0xE7,0x5E,0xE7,0x5E,0xE7,0x5E,0xE7,0x19,0xC6,
  0x29,0x42,0xC4,0x10,0xC4,0x10,0xC4,0x10,0xC4,0x10,0xC4,0x10,0xEC,0x5A,0x5D,0xE7,0x5E,0xE7,0x35,0xA5,0x6E,0x6B,0xA7,0x31,
  0xA7,0x31,0x6E,0x6B,0x35,0xA5,0x5E,0xE7,0x5D,0xE7,0xCC,0x52,0xC4,0x10,0xC4,0x10,0xC4,0x10,0x66,0x29,0xFC,0xDE,0x5D,0xE7,
  0x2D,0x63,0xC4,0x10,0xC4,0x10,0xC4,0x10,0xC4,0x10,0xC4,0x10,0xC4,0x10,0x6E,0x6B,0x5D,0xE7,0xDC,0xD6,0x66,0x29,0xC4,0x10,
  0xC4,0x10,0xB3,0x94,0x5E,0xE7,0x4E,0x6B,0xC4,0x10,0xC4,0x10,0xC4,0x10,0xC4,0x10,0xC4,0x10,0xC4,0x10,0x2D,0x63,0x8E,0x6B,
  0x6E,0x6B,0x5E,0xE7,0xB3,0x94,0xC4,0x10,0x66,0x29,0x3D,0xE7,0x19,0xBE,0xC4,0x10,0xC4,0x10,0xC4,0x10,0xC4,0x10,0xC4,0x10,
  0xC4,0x10,0xA7,0x31,0x3D,0xE7,0x39,0xC6,0xC4,0x10,0x19,0xC6,0x3D,0xE7,0x66,0x29,0xCC,0x52,0x5E,0xE7,0xCF,0x73,0xC4,0x10,
  0xC4,0x10,0xC4,0x10,0xC4,0x10,0xC4,0x10,0xC4,0x10,0x97,0xAD,0x5E,0xE7,0x2D,0x63,0xC4,0x10,0xF0,0x7B,0x5E,0xE7,0xAB,0x52,
  0x8F,0x73,0x5E,0xE7,0xCC,0x52,0xC4,0x10,0xC4,0x10,0xC4,0x10,0xC4,0x10,0xC4,0x10,0xAB,0x52,0x5E,0xE7,0xF8,0xBD,0xC4,0x10,
  0xC4,0x10,0xEC,0x5A,0x5E,0xE7,0x8F,0x6B,0x4D,0x63,0x5E,0xE7,0x4D,0x63,0xC4,0x10,0xC4,0x10,0xC4,0x10,0xC4,0x10,0xE4,0x18,
  0x7A,0xCE,0x5E,0xE7,0x08,0x3A,0xC4,0x10,0xC4,0x10,0x4E,0x6B,0x5E,0xE7,0x2D,0x63,0x29,0x42,0x5E,0xE7,0xF4,0x9C,0xC4,0x10,
  0xC4,0x10,0xC4,0x10,0xE5,0x18,0xD8,0xA3,0x7F,0xD5,0xD4,0x9C,0xC4,0x10,0xC4,0x10,0xC4,0x10,0x15,0x9D,0x5E,0xE7,0x08,0x3A,
  0xC4,0x10,0x39,0xC6,0x1D,0xE7,0x25,0x21,0xC4,0x10,0xC4,0x10,0x30,0x62,0xFF,0xC3,0xFF,0xC3,0x71,0x6A,0xC4,0x10,0xC4,0x10,
  0x25,0x21,0x3D,0xE7,0x19,0xBE,0xC4,0x10,0xC4,0x10,0x4A,0x42,0x76,0xAD,0x25,0x21,0xC4,0x10,0xC4,0x10,0xCC,0x49,0xFF,0xC3,
  0xFF,0xC3,0xAB,0x49,0xC4,0x10,0xC4,0x10,0x25,0x21,0x96,0xAD,0x49,0x42,0xC4,0x10,0xC4,0x10,0xC4,0x10,0xC4,0x10,0xC4,0x10,
  0xC4,0x10,0xC4,0x10,0xC4,0x10,0x48,0x29,0x48,0x31,0xC4,0x10,0xC4,0x10,0xC4,0x10,0xC4,0x10,0xC4,0x10,0xC4,0x10,0xC4,0x10,
};
static const lv_img_dsc_t ic_tekanan = {
  { LV_IMG_CF_TRUE_COLOR, 0, 0, 16, 18 }, 576, ic_tekanan_map
};
